{
"type": "FeatureCollection",
"name": "papua_protected_areas",
"crs": { "type": "name", "properties": { "name": "urn:ogc:def:crs:OGC:1.3:CRS84" } },
"features": [
{ "type": "Feature", "properties": { "NAME": "Wasur National Park", "DESIG_ENG": "Wetland of International Importance (Ramsar Site)", "IUCN_CAT": "Not Reported", "STATUS": "Designated", "STATUS_YR": 2006, "GIS_AREA": 4310.2999334374299 }, "geometry": { "type": "Polygon", "coordinates": [ [ [ 141.010730223, -8.036692798999979 ], [ 141.019444443999987, -8.389409603999979 ], [ 141.002985809000052, -8.389387487000022 ], [ 140.998345860999962, -8.422283537 ], [ 140.966020883000056, -8.428018038 ], [ 140.964712178000013, -8.444388730000014 ], [ 140.973670849999962, -8.452633559999981 ], [ 141.019427884000038, -8.452597868999987 ], [ 141.019444443999987, -9.125471051539151 ], [ 140.936052014089228, -9.09285641669025 ], [ 140.889199552000036, -9.08289625499998 ], [ 140.867942718681576, -9.054214366799592 ], [ 140.817624732895183, -9.014119338036959 ], [ 140.752391066999962, -8.929464624 ], [ 140.619402215000036, -8.817204259999983 ], [ 140.530173224914506, -8.688601804029979 ], [ 140.518691095, -8.658300844 ], [ 140.54036690199996, -8.617823675000011 ], [ 140.497543087000054, -8.567126582000014 ], [ 140.496525237000014, -8.436771202999978 ], [ 140.504408635, -8.42673970300001 ], [ 140.484926855000026, -8.419961913 ], [ 140.49065386999996, -8.407973416 ], [ 140.525815177000027, -8.431981748 ], [ 140.546212927000056, -8.430437911000013 ], [ 140.548212518000014, -8.421678842 ], [ 140.529615636000017, -8.417930282999976 ], [ 140.559664201000032, -8.387255061000019 ], [ 140.542431661000023, -8.383744918 ], [ 140.543085957000017, -8.377141337000012 ], [ 140.561068660000046, -8.366712478000011 ], [ 140.570072629000038, -8.374014667999973 ], [ 140.586694955999974, -8.357340082 ], [ 140.61029156799998, -8.357339966999973 ], [ 140.625130195, -8.342931842999974 ], [ 140.641151037999975, -8.351518151 ], [ 140.641925026999957, -8.339354147999984 ], [ 140.651388550999968, -8.340518108000026 ], [ 140.655068136999944, -8.331182109 ], [ 140.637755546, -8.327945457 ], [ 140.645279626000047, -8.320504621999987 ], [ 140.676720487000011, -8.324037608000026 ], [ 140.670349515, -8.331052628 ], [ 140.676255001999948, -8.339288679 ], [ 140.687559449999981, -8.331854420000013 ], [ 140.718363981000039, -8.331868131000022 ], [ 140.721171979000019, -8.325472177999984 ], [ 140.710979402000021, -8.319674857999985 ], [ 140.71803537400001, -8.310717481999973 ], [ 140.730352405999952, -8.32224142299998 ], [ 140.756404768000039, -8.308892135 ], [ 140.746253315999979, -8.288878624 ], [ 140.750308567000047, -8.278512493 ], [ 140.757702747000053, -8.29105526799998 ], [ 140.768267726999966, -8.288414757 ], [ 140.76081573600004, -8.279504831 ], [ 140.768927889999986, -8.272561051000025 ], [ 140.774540422999962, -8.280999048000012 ], [ 140.789170238, -8.279719178 ], [ 140.789071172000035, -8.270407963000025 ], [ 140.774120894000021, -8.271353116 ], [ 140.769541386000014, -8.260194899 ], [ 140.78437834500005, -8.264670756999976 ], [ 140.788058428999989, -8.252291389 ], [ 140.797853128000042, -8.265841298999987 ], [ 140.800888053, -8.24329471599998 ], [ 140.812929781999969, -8.237576126000022 ], [ 140.797067939000044, -8.22914522100001 ], [ 140.812327714000048, -8.217789326 ], [ 140.805602513000053, -8.215777166 ], [ 140.811705061999987, -8.204649189 ], [ 140.799636799000041, -8.166909472999976 ], [ 140.809360159999983, -8.15445809900001 ], [ 140.799005721999947, -8.143097739999973 ], [ 140.805959549000022, -8.145964601 ], [ 140.810881350000045, -8.136507887 ], [ 140.795267348000039, -8.134202776999985 ], [ 140.799176707000015, -8.121320425000022 ], [ 140.790594979000048, -8.115845153 ], [ 140.803218167999944, -8.112556633 ], [ 140.821087752000039, -8.091217643 ], [ 140.821029200999988, -8.076781004 ], [ 140.83970646, -8.095544299999972 ], [ 140.88416100500001, -8.099589482 ], [ 140.898977798000033, -8.125370751999981 ], [ 140.905846164999957, -8.117944705000014 ], [ 140.907054997000046, -8.136366144000021 ], [ 140.890676378999956, -8.13946553400001 ], [ 140.891159187999961, -8.145145399 ], [ 140.915341523000052, -8.142225918 ], [ 140.922749002000046, -8.133091528000023 ], [ 140.91766540499998, -8.125913722 ], [ 140.930602570000019, -8.127577004999978 ], [ 140.932208146999983, -8.13541218 ], [ 140.948657271, -8.134985057999984 ], [ 140.933702327, -8.147139681999988 ], [ 140.950852017999978, -8.144949623 ], [ 140.959239036999975, -8.133130692 ], [ 140.969861368000011, -8.133044419999976 ], [ 140.967797324, -8.098561099 ], [ 140.981024201999958, -8.082615276000013 ], [ 140.981949490000034, -8.062900214000024 ], [ 140.969266327000014, -8.046470055999976 ], [ 140.980120575, -8.043344479999973 ], [ 140.981141122000054, -8.052473170999974 ], [ 140.999017676999983, -8.062863551000021 ], [ 141.010730223, -8.036692798999979 ] ], [ [ 140.855138778999958, -8.549251556 ], [ 140.88448143100004, -8.55805397 ], [ 140.891477584999961, -8.546886444 ], [ 140.85652732799997, -8.508201599000017 ], [ 140.842817306000029, -8.514041900999985 ], [ 140.843992233, -8.526365280999983 ], [ 140.855138778999958, -8.549251556 ] ] ] } },
{ "type": "Feature", "properties": { "NAME": "Savan", "DESIG_ENG": "Wildlife Reserve", "IUCN_CAT": "IV", "STATUS": "Designated", "STATUS_YR": 0, "GIS_AREA": 69.103972929978198 }, "geometry": { "type": "MultiPolygon", "coordinates": [ [ [ [ 138.947830106174479, -8.368155440021503 ], [ 138.947799486, -8.351734292 ], [ 138.944502932964014, -8.343155240421936 ], [ 138.966899229216153, -8.364329577448 ], [ 138.947830106174479, -8.368155440021503 ] ] ], [ [ [ 138.947128164633114, -8.367501087904834 ], [ 138.923953772248836, -8.35756298664246 ], [ 138.919153106013653, -8.338275432900213 ], [ 138.925890740165642, -8.326978550219895 ], [ 138.94426991862187, -8.343040148783849 ], [ 138.947128164633114, -8.367501087904834 ] ] ], [ [ [ 138.951803047999988, -8.341152189000013 ], [ 138.931171572000039, -8.32217183 ], [ 138.933246696278076, -8.316275152875992 ], [ 138.947871521753427, -8.329777143300461 ], [ 138.971565140418988, -8.336048156397265 ], [ 138.951803047999988, -8.341152189000013 ] ] ], [ [ [ 138.990896083987167, -8.287809278175569 ], [ 138.971425544953036, -8.326719201929585 ], [ 138.95186294327948, -8.327594459833264 ], [ 138.936108478000051, -8.305474864000018 ], [ 138.990896083987167, -8.287809278175569 ] ] ], [ [ [ 138.987979700999972, -8.286724932000027 ], [ 138.980149725129792, -8.287116800200163 ], [ 138.978383619408589, -8.277634817992404 ], [ 138.992307739011039, -8.264130415586209 ], [ 138.987979700999972, -8.286724932000027 ] ] ], [ [ [ 138.978487288601144, -8.276332805073247 ], [ 138.978500226000051, -8.276224011000011 ], [ 138.978571502411711, -8.276025093842676 ], [ 138.978487288601144, -8.276332805073247 ] ] ], [ [ [ 138.981500827093186, -8.27197502261518 ], [ 138.981727578, -8.271675408000021 ], [ 138.981899964490168, -8.271572708169867 ], [ 138.981500827093186, -8.27197502261518 ] ] ], [ [ [ 138.996879659734418, -8.231132343379794 ], [ 138.996493302870618, -8.230773119100617 ], [ 138.997326638613544, -8.230483024072306 ], [ 138.996879659734418, -8.231132343379794 ] ] ], [ [ [ 138.99556687300003, -8.231143127999985 ], [ 138.994377660900341, -8.262577930327193 ], [ 138.98576829986726, -8.267673581670472 ], [ 138.981427801999985, -8.271596623999983 ], [ 138.978986257809623, -8.274509607332455 ], [ 138.978215756000054, -8.276239959 ], [ 138.97808201557271, -8.277813643684702 ], [ 138.979457668, -8.287191150000012 ], [ 138.934450136561395, -8.302934761284993 ], [ 138.924240987417477, -8.278672005161299 ], [ 138.961437022300828, -8.259043152219643 ], [ 138.969953966282333, -8.240011807943722 ], [ 138.99556687300003, -8.231143127999985 ] ] ], [ [ [ 138.966742096583204, -8.244152058139797 ], [ 138.966774365999981, -8.244047710000018 ], [ 138.966815073030915, -8.243976301529182 ], [ 138.966742096583204, -8.244152058139797 ] ] ], [ [ [ 138.966903720747098, -8.243762802206904 ], [ 138.967119515000036, -8.242795441999988 ], [ 138.967612658757531, -8.242055394601742 ], [ 138.966903720747098, -8.243762802206904 ] ] ] ] } },
{ "type": "Feature", "properties": { "NAME": "Pulau Komolon", "DESIG_ENG": "Wildlife Reserve", "IUCN_CAT": "V", "STATUS": "Designated", "STATUS_YR": 0, "GIS_AREA": 682.93753503297205 }, "geometry": { "type": "MultiPolygon", "coordinates": [ [ [ [ 138.584699658784132, -8.292374536653577 ], [ 138.584611750000022, -8.295563946000016 ], [ 138.580177503616881, -8.299818126547542 ], [ 138.584699658784132, -8.292374536653577 ] ] ], [ [ [ 138.58318520646668, -8.291922898931372 ], [ 138.565916419000018, -8.322143611 ], [ 138.554177888522389, -8.327411656422747 ], [ 138.562021362995551, -8.301073809808475 ], [ 138.58318520646668, -8.291922898931372 ] ] ], [ [ [ 138.84666134023405, -8.201312751148601 ], [ 138.846046686000022, -8.263445957999977 ], [ 138.876677942932844, -8.287430032270134 ], [ 138.902632887997498, -8.288883688331524 ], [ 138.915054830000031, -8.299202923 ], [ 138.913324730877065, -8.363235746396096 ], [ 138.901647074449272, -8.382829056617142 ], [ 138.879703030500082, -8.389667395183587 ], [ 138.812923798405706, -8.387375550358017 ], [ 138.797478980000051, -8.378172270999983 ], [ 138.734526171145916, -8.386175299750239 ], [ 138.674404442999958, -8.369839889 ], [ 138.578402881887513, -8.358030820266123 ], [ 138.552568869999959, -8.337563638 ], [ 138.552449706339587, -8.330231857169126 ], [ 138.566049443, -8.323073299999976 ], [ 138.584845231000031, -8.296386720999976 ], [ 138.585773782000047, -8.290606502 ], [ 138.662374641000042, -8.236861228 ], [ 138.6786062929867, -8.170402490016384 ], [ 138.745275473, -8.165128574 ], [ 138.8145390208592, -8.138000305269884 ], [ 138.84666134023405, -8.201312751148601 ] ] ] ] } },
{ "type": "Feature", "properties": { "NAME": "Pulau Dolok", "DESIG_ENG": "Wildlife Reserve", "IUCN_CAT": "VI", "STATUS": "Designated", "STATUS_YR": 0, "GIS_AREA": 7085.8112372423702 }, "geometry": { "type": "MultiPolygon", "coordinates": [ [ [ [ 138.264442552999981, -8.411166405000017 ], [ 138.264543369281142, -8.390885515154352 ], [ 138.300347314377149, -8.395799920729726 ], [ 138.321730741576033, -8.374887561769393 ], [ 138.346932047076422, -8.38291742739737 ], [ 138.436162492, -8.361611209999978 ], [ 138.450164912999981, -8.350068728 ], [ 138.471496289000015, -8.352830258999973 ], [ 138.498835763065728, -8.322096518779237 ], [ 138.484738649069413, -8.351647948593939 ], [ 138.407347260168024, -8.398810103603356 ], [ 138.311574186399667, -8.422884995246356 ], [ 138.264442552999981, -8.411166405000017 ] ] ], [ [ [ 138.385128853524577, -8.370003657979021 ], [ 138.387659835000022, -8.368979938999985 ], [ 138.389946599339169, -8.368938514716135 ], [ 138.385128853524577, -8.370003657979021 ] ] ], [ [ [ 138.415750848178362, -8.363233518466275 ], [ 138.418909432999953, -8.362077339 ], [ 138.421102396063759, -8.362050358250787 ], [ 138.415750848178362, -8.363233518466275 ] ] ], [ [ [ 138.206345814999963, -7.479273314000011 ], [ 138.226483765000012, -7.516494846 ], [ 138.238446221, -7.518272223999986 ], [ 138.274604232, -7.597503817000018 ], [ 138.441391808000049, -7.712829688 ], [ 138.429307754999968, -7.936107601 ], [ 138.56572841000002, -7.943437831999972 ], [ 138.633776249, -7.979941036000014 ], [ 138.669516832999989, -8.033146693 ], [ 138.663004689, -8.057404196 ], [ 138.653224526000031, -8.063295789999984 ], [ 138.677334000999963, -8.11295 ], [ 138.682866013999956, -8.147750667000025 ], [ 138.661769943999957, -8.169681326999978 ], [ 138.650943204999976, -8.20734428999998 ], [ 138.614956173588553, -8.249057832053282 ], [ 138.533873770957854, -8.304715541588966 ], [ 138.489463094446364, -8.319588192341161 ], [ 138.468883862200499, -8.350359095995426 ], [ 138.449054738285554, -8.347198527589946 ], [ 138.434403655304521, -8.359109616415601 ], [ 138.38758830200004, -8.365605325 ], [ 138.34412436274917, -8.379069237355459 ], [ 138.320907883891834, -8.370445533034861 ], [ 138.301171926143581, -8.391510206730686 ], [ 138.265443034868213, -8.385543252618984 ], [ 138.255398136414954, -8.391438254671709 ], [ 138.219872783302378, -8.377537443698031 ], [ 138.18435932732126, -8.383926295861873 ], [ 137.951850295354888, -8.384295113228919 ], [ 137.886992263000025, -8.38060657 ], [ 137.870133655743643, -8.37234426987213 ], [ 137.856796777249514, -8.384455726750335 ], [ 137.722217960999956, -8.408179820999976 ], [ 137.68700881999996, -8.429089015999978 ], [ 137.676145717550895, -8.456862724834842 ], [ 137.651289868133006, -8.444127849820411 ], [ 137.640810722137161, -8.418558161729724 ], [ 137.698451487146457, -8.180683298695264 ], [ 137.753769744877872, -8.090832942286415 ], [ 137.767641506850225, -8.081483345679892 ], [ 137.763657893297221, -8.075203056076148 ], [ 137.772093756330605, -8.06267688144268 ], [ 137.813838694700024, -8.040184988046757 ], [ 137.798701846999961, -8.020458167000015 ], [ 137.797843134657938, -8.002815410723112 ], [ 137.833192337585018, -7.922226807599756 ], [ 137.840969085155137, -7.922597310317598 ], [ 137.835717017426504, -7.915100015853056 ], [ 137.860429617000023, -7.87857427900002 ], [ 137.866438701185217, -7.853913835555033 ], [ 137.877738546896438, -7.846346044134573 ], [ 137.926856436875113, -7.763234375266232 ], [ 137.958094001437075, -7.736355983841576 ], [ 137.971181816287896, -7.735292023807811 ], [ 137.985610087735353, -7.684169644813205 ], [ 138.048167637, -7.601688647 ], [ 138.085843475995745, -7.574436650331157 ], [ 138.117477484198645, -7.537342625062055 ], [ 138.206345814999963, -7.479273314000011 ] ], [ [ 137.713877467999964, -8.38412131299998 ], [ 137.720923168000013, -8.37147597400002 ], [ 137.720492425999964, -8.370152983000025 ], [ 137.714062070999944, -8.377167914999973 ], [ 137.713877467999964, -8.38412131299998 ] ] ] ] } },
{ "type": "Feature", "properties": { "NAME": "Pulau Pombo", "DESIG_ENG": "Wildlife Reserve", "IUCN_CAT": "IV", "STATUS": "Designated", "STATUS_YR": 0, "GIS_AREA": 1.81642142108918 }, "geometry": { "type": "Polygon", "coordinates": [ [ [ 138.926164308006008, -7.892053984319077 ], [ 138.914113499238624, -7.896043065135323 ], [ 138.943203562794224, -7.882178485148922 ], [ 138.926164308006008, -7.892053984319077 ] ] ] } },
{ "type": "Feature", "properties": { "NAME": "Bupul", "DESIG_ENG": "Nature Reserve", "IUCN_CAT": "Ia", "STATUS": "Designated", "STATUS_YR": 0, "GIS_AREA": 819.75271823339801 }, "geometry": { "type": "Polygon", "coordinates": [ [ [ 140.699253501000044, -7.496397761000026 ], [ 140.712642706999986, -7.515142647 ], [ 140.710660933999975, -7.532796861 ], [ 140.68566703800002, -7.566120147999982 ], [ 140.703023910999946, -7.597660066 ], [ 140.725734372000034, -7.606486772999972 ], [ 140.783779052999989, -7.589998216000026 ], [ 140.806730793000042, -7.602354304000016 ], [ 140.84159279000005, -7.59298706200002 ], [ 140.851775987999986, -7.597024347 ], [ 140.858149409000021, -7.602315123999972 ], [ 140.850098499999945, -7.604377775999978 ], [ 140.855603044999953, -7.610972533 ], [ 140.843385696000041, -7.626127242999985 ], [ 140.864449513999944, -7.632844224 ], [ 140.866173106000019, -7.64283515 ], [ 140.853954032000047, -7.648460296999986 ], [ 140.861616015999971, -7.667921707 ], [ 140.846530267000048, -7.666990859 ], [ 140.841571010000052, -7.678006278999987 ], [ 140.856817396, -7.694210543 ], [ 140.871285948000036, -7.693530751000026 ], [ 140.885012900999982, -7.739601635999975 ], [ 140.924889905999976, -7.728949144000012 ], [ 140.888551770000049, -7.761691256 ], [ 140.863886344999969, -7.763417208000021 ], [ 140.73522446100003, -7.725791453 ], [ 140.660821915000042, -7.715812683000024 ], [ 140.573110539000027, -7.753092875 ], [ 140.574773812999979, -7.766805642 ], [ 140.584375381999962, -7.761407852 ], [ 140.588174819999949, -7.771230698000011 ], [ 140.535906777000037, -7.791483559000028 ], [ 140.529632718000016, -7.782257619 ], [ 140.545148198, -7.766317593 ], [ 140.537956845000053, -7.755109405999974 ], [ 140.545782500999962, -7.745564670000022 ], [ 140.538644396, -7.738875725000014 ], [ 140.545687281000028, -7.725394069 ], [ 140.52977268799998, -7.715747502999989 ], [ 140.529551331999983, -7.681626612 ], [ 140.516036640000038, -7.670812142999978 ], [ 140.52230877, -7.660480629 ], [ 140.516238599999951, -7.644811582999978 ], [ 140.494935320999957, -7.632998982 ], [ 140.496612551, -7.617701055 ], [ 140.510560990000045, -7.606588364 ], [ 140.523101806, -7.571662425999989 ], [ 140.537874222000028, -7.573112488999982 ], [ 140.550249099999974, -7.56331443900001 ], [ 140.552217483000049, -7.52981186 ], [ 140.577697755000031, -7.513204098000017 ], [ 140.572180035999963, -7.487781559999974 ], [ 140.642287398, -7.475043221000021 ], [ 140.699253501000044, -7.496397761000026 ] ] ] } },
{ "type": "Feature", "properties": { "NAME": "Danau Bian", "DESIG_ENG": "Wildlife Reserve", "IUCN_CAT": "IV", "STATUS": "Designated", "STATUS_YR": 0, "GIS_AREA": 1105.32267545216 }, "geometry": { "type": "Polygon", "coordinates": [ [ [ 140.589079291999951, -7.000197617000026 ], [ 140.606310809999968, -7.013277569000024 ], [ 140.631762022999965, -7.009215132 ], [ 140.629514005000033, -7.022567654 ], [ 140.62084267900002, -7.019736812000019 ], [ 140.632018247000019, -7.025590018 ], [ 140.649114811, -7.020628908999981 ], [ 140.658782791000021, -7.028142985999978 ], [ 140.650989615999947, -7.073378019000018 ], [ 140.638730190000047, -7.079984280000019 ], [ 140.630249685999956, -7.063944101 ], [ 140.602613406000046, -7.072203229000024 ], [ 140.599256759000014, -7.081343088999972 ], [ 140.554414333999944, -7.076304909999976 ], [ 140.554233236999949, -7.085700676999977 ], [ 140.60467073999996, -7.120668792 ], [ 140.618242605999967, -7.120327562 ], [ 140.618285865999951, -7.138290376999976 ], [ 140.642884779000042, -7.150492729 ], [ 140.647948228000018, -7.160761837 ], [ 140.648138416000052, -7.185648629000013 ], [ 140.661570559999973, -7.188182642000015 ], [ 140.691893887, -7.164327362999984 ], [ 140.700721982, -7.174782871 ], [ 140.699475208999957, -7.197278847 ], [ 140.659740879999958, -7.215911538 ], [ 140.65436046800005, -7.232238344999985 ], [ 140.659325814999988, -7.239161771999989 ], [ 140.651564149000023, -7.238964996999982 ], [ 140.636303313999974, -7.259641766000016 ], [ 140.614685752000014, -7.246760763999987 ], [ 140.556930344999955, -7.259155594999982 ], [ 140.537822223000035, -7.344932522000022 ], [ 140.495805708000034, -7.35232025900001 ], [ 140.495716871000013, -7.36418190400002 ], [ 140.475389924999945, -7.370831929000019 ], [ 140.455202743999962, -7.427097697000022 ], [ 140.441090593000013, -7.432380089999981 ], [ 140.431067398999971, -7.492399445999979 ], [ 140.405816109000057, -7.528421980000019 ], [ 140.398712546999946, -7.526905590000013 ], [ 140.400321245999976, -7.515912163 ], [ 140.387035259999948, -7.51286439 ], [ 140.389625874999979, -7.50183606600001 ], [ 140.375609700000041, -7.516002045999983 ], [ 140.351782637000042, -7.489855958000021 ], [ 140.345569304000037, -7.491505658 ], [ 140.35739396300005, -7.500896069000021 ], [ 140.341564240000025, -7.512343075 ], [ 140.340817707000042, -7.489841081 ], [ 140.322430112, -7.488173522000011 ], [ 140.323291513999948, -7.480442351000022 ], [ 140.334718557999963, -7.479233121 ], [ 140.308570336, -7.450110283000015 ], [ 140.324376526000037, -7.414058542000021 ], [ 140.318018172000052, -7.406568194999977 ], [ 140.320639073000052, -7.383713684999975 ], [ 140.312880469, -7.384334917999979 ], [ 140.306496558000049, -7.401502479999976 ], [ 140.311042929999985, -7.407732585000019 ], [ 140.281601433, -7.435395993999975 ], [ 140.253944681, -7.430497691000028 ], [ 140.240210122, -7.418618917 ], [ 140.237634973000013, -7.404904241 ], [ 140.245314257000018, -7.34260890500002 ], [ 140.297726523000051, -7.322139678999974 ], [ 140.308336705999977, -7.299108365 ], [ 140.351506965, -7.305873825 ], [ 140.376047537999966, -7.278371056000026 ], [ 140.378097890000049, -7.257196474000011 ], [ 140.365937068999983, -7.245611611000015 ], [ 140.364381062, -7.223154406999981 ], [ 140.350464870999986, -7.214861133999989 ], [ 140.336362182000016, -7.175676988000021 ], [ 140.34790066100004, -7.166732926 ], [ 140.395503412000039, -7.174572883999986 ], [ 140.413787612999954, -7.213995431 ], [ 140.427969913999959, -7.210009706999983 ], [ 140.440293773, -7.193244731 ], [ 140.46029308300001, -7.198877993 ], [ 140.469680824999955, -7.182559377000018 ], [ 140.481452833000048, -7.188583744000027 ], [ 140.477211272999966, -7.207424170000024 ], [ 140.486265853999953, -7.217179666999982 ], [ 140.496557911999957, -7.193099575000019 ], [ 140.507378959999983, -7.198253529 ], [ 140.527723021000043, -7.188789720999978 ], [ 140.523045358, -7.127549891 ], [ 140.480739420999953, -7.104303918000028 ], [ 140.479787651000038, -7.090144786 ], [ 140.508735729000023, -7.046431070999972 ], [ 140.492065006999951, -7.034884622999982 ], [ 140.475211061999971, -7.034378001 ], [ 140.467932223000048, -7.021780150999973 ], [ 140.511120664000032, -7.009530364999989 ], [ 140.536987523, -7.010399569000015 ], [ 140.545822470999951, -7.028612818 ], [ 140.572960852000051, -7.044101947 ], [ 140.581935409000039, -7.028026179999983 ], [ 140.576049443999977, -7.014897911999981 ], [ 140.560126809000053, -7.008427110000014 ], [ 140.554931406000037, -6.967571103000012 ], [ 140.566836516999956, -6.964785510000013 ], [ 140.58522640700005, -6.974665567999978 ], [ 140.589079291999951, -7.000197617000026 ] ], [ [ 140.509709413999985, -7.243905056000017 ], [ 140.513500356, -7.247588768000014 ], [ 140.512050301000045, -7.242901819 ], [ 140.509709413999985, -7.243905056000017 ] ], [ [ 140.444952627000021, -7.329854198000021 ], [ 140.440926094000019, -7.332018973 ], [ 140.445408017999966, -7.331928485999981 ], [ 140.444952627000021, -7.329854198000021 ] ], [ [ 140.405951430999949, -7.365751008000018 ], [ 140.411691966000035, -7.367967077 ], [ 140.409931078999989, -7.364021384000011 ], [ 140.405951430999949, -7.365751008000018 ] ], [ [ 140.400649392, -7.385674576999975 ], [ 140.398024826999972, -7.392427360999989 ], [ 140.403268014, -7.390270008000016 ], [ 140.400649392, -7.385674576999975 ] ] ] } },
{ "type": "Feature", "properties": { "NAME": "Parc national de Lorentz", "DESIG_ENG": "World Heritage Site (natural or mixed)", "IUCN_CAT": "Not Applicable", "STATUS": "Inscribed", "STATUS_YR": 1999, "GIS_AREA": 23550.822940418198 }, "geometry": { "type": "MultiPolygon", "coordinates": [ [ [ [ 137.264722753, -3.879038424999976 ], [ 137.300566011, -3.913017421 ], [ 137.338984926999956, -3.902268060999972 ], [ 137.35834120100003, -3.886634147 ], [ 137.424599216000047, -3.880678370999988 ], [ 137.435766296999986, -3.862811040999986 ], [ 137.476712261999978, -3.845688183 ], [ 137.51765822599998, -3.842710294000028 ], [ 137.552648414000032, -3.850899487 ], [ 137.586149657999954, -3.893334396 ], [ 137.585405186, -3.923113279 ], [ 137.57647152100003, -3.933535888 ], [ 137.51170245000003, -3.947680858000012 ], [ 137.467034125000055, -3.938002720999975 ], [ 137.445444434000024, -3.94991427399998 ], [ 137.44395549, -3.984904461999975 ], [ 137.446422655, -3.99415633000001 ], [ 137.495773093000025, -4.033553739000013 ], [ 137.56180313599998, -4.038907526 ], [ 137.604038568999954, -4.062107271 ], [ 137.633781831999954, -4.060322675 ], [ 137.625606678000054, -4.003516263999984 ], [ 137.633795870999961, -3.967781603999981 ], [ 137.627095621999956, -3.889612036000017 ], [ 137.604761459999963, -3.839732406 ], [ 137.58763860199997, -3.826331908999975 ], [ 137.591360961999953, -3.814420354999982 ], [ 137.621139846, -3.804742218 ], [ 137.87574929699997, -3.803253273999985 ], [ 137.943706627999973, -3.814643326 ], [ 137.98475233, -3.83189441899998 ], [ 138.040669664, -3.877104178000025 ], [ 138.109674033000033, -3.887216887000022 ], [ 138.225672756999984, -3.936590702999979 ], [ 138.332153637000033, -3.950867469 ], [ 138.419598830000041, -4.00856939800002 ], [ 138.436849920999975, -4.013328320000028 ], [ 138.618283821999967, -4.003215610999973 ], [ 138.652191142, -4.011543725000024 ], [ 138.668252503999952, -4.022251299 ], [ 138.65873466000005, -4.053184292000026 ], [ 138.61471463099997, -4.079358362999983 ], [ 138.611145439999973, -4.098988916999986 ], [ 138.634345185000029, -4.09660945600001 ], [ 138.666467907999959, -4.069840519000024 ], [ 138.685503596, -4.065676462 ], [ 138.700375227999984, -4.073409711000011 ], [ 138.718816049999987, -4.100773511999989 ], [ 138.730713355000034, -4.141819215 ], [ 138.714057128000036, -4.174536803000024 ], [ 138.67955494399996, -4.163829228999987 ], [ 138.668252503999952, -4.168588151 ], [ 138.687883057000022, -4.20130574 ], [ 138.659924391, -4.217961967 ], [ 138.663493582, -4.226884945999984 ], [ 138.711677667, -4.22510035 ], [ 138.726549299, -4.190598164999983 ], [ 138.755102831000045, -4.171562477 ], [ 138.835409639999966, -4.171562477 ], [ 138.850876136000011, -4.181675186 ], [ 138.87229128499996, -4.219746563 ], [ 138.880024533999972, -4.266740917 ], [ 138.900249951999967, -4.288750932000028 ], [ 138.906793470000025, -4.324442847 ], [ 138.941890520000015, -4.331581229999983 ], [ 138.944864845999973, -4.344668265 ], [ 138.928208618999975, -4.355375840000022 ], [ 138.910362661000022, -4.384524237 ], [ 138.961521072999972, -4.405344521000018 ], [ 139.061458434999963, -4.422000748000016 ], [ 139.072166010000046, -4.438062109999976 ], [ 139.083468450000055, -4.501117826999973 ], [ 139.065622491999989, -4.565363274 ], [ 139.063243030999956, -4.620090877 ], [ 139.009110293000049, -4.660541713999976 ], [ 138.948533566000037, -4.66014064 ], [ 138.650744734, -4.601327345000016 ], [ 138.547606979999955, -4.547026105999976 ], [ 138.47536744599995, -4.536214875999974 ], [ 138.430752551999944, -4.530266224 ], [ 138.378267951999987, -4.541769579 ], [ 138.230862480000042, -4.547725355000011 ], [ 138.181727323000018, -4.559636909 ], [ 138.138673714, -4.550491642 ], [ 138.108335585999953, -4.529671359000019 ], [ 138.099412606999977, -4.534430281000027 ], [ 138.083351246, -4.548707047 ], [ 138.078253055993258, -4.567322858304467 ], [ 138.069891431103883, -4.565710684640887 ], [ 138.078454295434113, -4.568865693773305 ], [ 138.097033145999944, -4.64091116100002 ], [ 138.122612352000033, -4.684336324000014 ], [ 138.169662601000027, -4.715231573999972 ], [ 138.173384961000011, -4.738310207999973 ], [ 138.203908317000014, -4.742777041000011 ], [ 138.202419373, -4.758410954 ], [ 138.182318625999983, -4.776278284 ], [ 138.194974652000042, -4.78595642099998 ], [ 138.185296515, -4.807546112000011 ], [ 138.20539726100003, -4.825413442000013 ], [ 138.194230179999977, -4.842536299000017 ], [ 138.206886205000046, -4.85965915700001 ], [ 138.162217879999957, -4.875293070999987 ], [ 138.12201638800002, -4.946762391 ], [ 138.086281728000017, -4.920705868000027 ], [ 138.058366904999957, -4.932989998999972 ], [ 138.059633900999984, -4.965374193 ], [ 138.053678125000033, -4.972074442 ], [ 138.026132658000051, -4.972074442 ], [ 138.020921352999949, -4.986219410999979 ], [ 138.037299739, -5.057688730999985 ], [ 138.028028777000031, -5.076947389999987 ], [ 137.992336862, -5.099552269000014 ], [ 138.014695368000048, -5.115371939999989 ], [ 137.990944244000048, -5.138439534999975 ], [ 137.93879898900002, -5.14416716300002 ], [ 137.920953032000057, -5.172125830000027 ], [ 137.922651038000026, -5.199882898 ], [ 137.891489192, -5.20786 ], [ 137.829263868, -5.30802502 ], [ 137.809118365000018, -5.316083220999985 ], [ 137.806561049294743, -5.377817540835825 ], [ 137.773870208643302, -5.362593837935232 ], [ 137.768822128738293, -5.348212515595125 ], [ 137.746982643234418, -5.358152714076431 ], [ 137.749132709107414, -5.372666282622791 ], [ 137.735086021802545, -5.371696812557853 ], [ 137.723183272390202, -5.351513800921121 ], [ 137.726159859290192, -5.332855917166863 ], [ 137.732742591797205, -5.315383485559361 ], [ 137.753134184994678, -5.311506926403459 ], [ 137.740169692377435, -5.286748040089956 ], [ 137.714859365167598, -5.272744912347799 ], [ 137.681182685432617, -5.236973285288921 ], [ 137.681711370693591, -5.204394711420627 ], [ 137.67783873896667, -5.217687214293512 ], [ 137.653903789927966, -5.207776306731123 ], [ 137.63981404308376, -5.215510647198565 ], [ 137.564966775996027, -5.18023791185012 ], [ 137.552486502650055, -5.169316186093094 ], [ 137.559198000087719, -5.147930000269222 ], [ 137.547613301312907, -5.137404646207389 ], [ 137.520191985571756, -5.134699174327388 ], [ 137.497011001156835, -5.145649216138466 ], [ 137.47523827412715, -5.115639677628951 ], [ 137.449390756678156, -5.099001017382997 ], [ 137.438492825183801, -5.09985762343056 ], [ 137.434548024571768, -5.115754384357331 ], [ 137.420285535948835, -5.124134846345998 ], [ 137.416407529783811, -5.113076369678626 ], [ 137.395026487182747, -5.107960052814147 ], [ 137.340652430365452, -5.057189957150772 ], [ 137.328224249349717, -5.026627949819952 ], [ 137.295656983183363, -5.010694761853781 ], [ 137.287042738831389, -5.025020009665671 ], [ 137.279416566121768, -5.023509052400835 ], [ 137.246919315773994, -5.002525061382425 ], [ 137.238352313708418, -4.986526546662782 ], [ 137.211849084367941, -4.977472698406269 ], [ 137.201301958618643, -4.996200035902896 ], [ 137.186463655673293, -4.998532197402885 ], [ 137.182056735729816, -5.007752767376269 ], [ 137.165615849891708, -4.985612377708991 ], [ 137.149066698269621, -4.977319955751269 ], [ 137.158358493649615, -4.980484638555186 ], [ 137.155586421576174, -4.975761409061724 ], [ 137.132310132819214, -4.963693355866285 ], [ 137.143768759999944, -4.939547442999981 ], [ 137.142405059, -4.894545325000024 ], [ 137.160133166000037, -4.87954462 ], [ 137.154678364, -4.859089112 ], [ 137.161496866999983, -4.8290877 ], [ 137.158769465999967, -4.784085582999978 ], [ 137.120585851999977, -4.718627957000024 ], [ 137.110478869999952, -4.669524179 ], [ 137.117974172, -4.660244281000018 ], [ 137.105838920999986, -4.64810903 ], [ 137.092989831999944, -4.607420247 ], [ 137.103340486999969, -4.516048943999976 ], [ 137.167585934000044, -4.443951276 ], [ 137.149383057000023, -4.213024585000028 ], [ 137.190071840999963, -4.174120398000014 ], [ 137.190071840999963, -4.164126662 ], [ 137.12834494599997, -4.146470865000026 ], [ 137.068362409999963, -4.029925060999972 ], [ 137.028030545999968, -4.022429758999976 ], [ 136.99555090299998, -4.027069708 ], [ 136.993906935000041, -4.05548282 ], [ 136.978289013999984, -4.064310341 ], [ 136.966745332999949, -4.06091514000002 ], [ 136.975563430999955, -4.013149860999988 ], [ 136.91174308799998, -4.010666175999972 ], [ 136.897483246999968, -3.991653053999983 ], [ 136.897483246999968, -3.977393213000028 ], [ 136.919891569000015, -3.958380090999981 ], [ 136.904273646999968, -3.928502327999979 ], [ 136.904273646999968, -3.912884406999979 ], [ 136.921249648999947, -3.889797045000023 ], [ 136.943657971, -3.883006643999977 ], [ 136.975572854, -3.883685684 ], [ 137.008166777000042, -3.904056885999978 ], [ 137.035328379000021, -3.896587446000012 ], [ 137.041439739999987, -3.868067763 ], [ 137.029217018000054, -3.85109176200001 ], [ 137.033291258999952, -3.840227121 ], [ 137.060452861000044, -3.83819 ], [ 137.097800065, -3.873500084 ], [ 137.111380866, -3.863993522999976 ], [ 137.132431108, -3.868067763 ], [ 137.153907022, -3.856747047999988 ], [ 137.156354017000012, -3.828198771000018 ], [ 137.173746530000017, -3.793413745 ], [ 137.173746529000027, -3.741236206 ], [ 137.196490585999982, -3.723843693 ], [ 137.346333776000051, -3.713140608 ], [ 137.386470344000031, -3.723843693 ], [ 137.417241714000056, -3.743911976999982 ], [ 137.417241714000056, -3.763980262000018 ], [ 137.402524972000037, -3.781372775000023 ], [ 137.316900292000014, -3.788062202999981 ], [ 137.266060638, -3.805454715999986 ], [ 137.255357552999953, -3.82686088600002 ], [ 137.264722753, -3.879038424999976 ] ], [ [ 137.683707616613333, -5.197542754794216 ], [ 137.701499104300296, -5.182339470989744 ], [ 137.701579753557667, -5.181536875635927 ], [ 137.683707616613333, -5.197542754794216 ] ], [ [ 137.70503621434986, -5.151387569780511 ], [ 137.704984592024573, -5.151894964480466 ], [ 137.744916151359376, -5.138335448122438 ], [ 137.70503621434986, -5.151387569780511 ] ], [ [ 137.87463519605754, -4.826439435231641 ], [ 137.865111195725177, -4.863414240075153 ], [ 137.877792358472931, -4.827118676612112 ], [ 137.87463519605754, -4.826439435231641 ] ], [ [ 137.880349556686724, -4.807716107812058 ], [ 137.881336650055573, -4.816974333965571 ], [ 137.89068547078827, -4.790216478794317 ], [ 137.880349556686724, -4.807716107812058 ] ], [ [ 137.89957063987373, -4.76449986135603 ], [ 137.899463048736919, -4.765093613973143 ], [ 137.899632605060759, -4.764608316020974 ], [ 137.89957063987373, -4.76449986135603 ] ], [ [ 137.850948986906246, -4.725187109697343 ], [ 137.892149726043129, -4.751511395387543 ], [ 137.892116048017215, -4.751452450370325 ], [ 137.850948986906246, -4.725187109697343 ] ], [ [ 137.826597461616785, -4.710167706961029 ], [ 137.83063363314983, -4.70643484998032 ], [ 137.830992500103889, -4.704850385936604 ], [ 137.826597461616785, -4.710167706961029 ] ], [ [ 137.823335737854222, -4.713184315203895 ], [ 137.824319335307536, -4.712274634188164 ], [ 137.826615960158506, -4.705532411091889 ], [ 137.823335737854222, -4.713184315203895 ] ], [ [ 137.92513615880668, -4.601393477626919 ], [ 137.827749771434924, -4.596756158569809 ], [ 137.908532855406975, -4.603416239967478 ], [ 137.92513615880668, -4.601393477626919 ] ], [ [ 138.054053857005414, -4.592476082530245 ], [ 138.052009768449636, -4.594364162509184 ], [ 138.052921879641104, -4.594411958744887 ], [ 138.054053857005414, -4.592476082530245 ] ], [ [ 137.87601886507872, -4.571881523213677 ], [ 137.914453182000329, -4.58859791108173 ], [ 137.849701732541092, -4.552543330151523 ], [ 137.87601886507872, -4.571881523213677 ] ], [ [ 137.826991573702315, -4.535855591262467 ], [ 137.829878378675062, -4.537976855492746 ], [ 137.833753891828593, -4.499999983713202 ], [ 137.826991573702315, -4.535855591262467 ] ] ], [ [ [ 137.720288852948215, -5.292890436644366 ], [ 137.719944216552449, -5.28593832469389 ], [ 137.736659043979756, -5.288914429557241 ], [ 137.720288852948215, -5.292890436644366 ] ] ], [ [ [ 137.51920651656755, -5.211654501753848 ], [ 137.516344025756325, -5.210412422894989 ], [ 137.517614658090139, -5.204680301554601 ], [ 137.51920651656755, -5.211654501753848 ] ] ], [ [ [ 137.496037113621867, -5.185567382428697 ], [ 137.509558633724112, -5.17225647365725 ], [ 137.514715834668209, -5.178595501581107 ], [ 137.508716921348963, -5.181039471294524 ], [ 137.509639090671556, -5.196254845584645 ], [ 137.496037113621867, -5.185567382428697 ] ] ], [ [ [ 137.190242570937926, -5.031405832912797 ], [ 137.195302761113595, -5.042808820070985 ], [ 137.180704767810909, -5.025748084606457 ], [ 137.190242570937926, -5.031405832912797 ] ] ] ] } },
{ "type": "Feature", "properties": { "NAME": "Lorentz", "DESIG_ENG": "National Park", "IUCN_CAT": "II", "STATUS": "Designated", "STATUS_YR": 0, "GIS_AREA": 23462.764717421102 }, "geometry": { "type": "MultiPolygon", "coordinates": [ [ [ [ 137.350889791999975, -3.864239463 ], [ 137.39742, -3.92174 ], [ 137.595860057999971, -3.856070021 ], [ 137.663680001999978, -3.882479999 ], [ 137.672960000999979, -3.94101 ], [ 137.648000001000014, -3.955140001000018 ], [ 137.541471481000031, -3.967279433999977 ], [ 137.513769972999967, -3.95957016 ], [ 137.500921250000033, -4.033100128 ], [ 137.641138077000051, -4.049219130999973 ], [ 137.66154, -4.08521 ], [ 137.735060000999965, -4.08735 ], [ 137.72283363300005, -4.019329071000016 ], [ 137.728639603000033, -3.910320284000022 ], [ 137.679357988, -3.818949597000028 ], [ 137.82, -3.8 ], [ 137.850000002, -3.86 ], [ 137.86, -3.86 ], [ 137.860002519999966, -3.840000152000016 ], [ 137.88, -3.84 ], [ 137.88, -3.830000000999974 ], [ 137.850000002, -3.79000000100001 ], [ 138.011320114, -3.821088791000022 ], [ 138.091272354000012, -3.912460327000019 ], [ 138.286141746999988, -3.978130137 ], [ 138.55883, -3.99955 ], [ 138.70517, -4.02739 ], [ 138.822361111999953, -4.146416666999983 ], [ 138.919333333000054, -4.165194444 ], [ 138.99856, -4.325777777999974 ], [ 139.044240002000038, -4.32078 ], [ 139.033530001000031, -4.393589999000028 ], [ 139.15703, -4.4407 ], [ 139.10991, -4.6934 ], [ 139.05423, -4.704820000999973 ], [ 139.0007, -4.65557 ], [ 138.844370001000016, -4.63201 ], [ 138.503654262000055, -4.531300464000026 ], [ 138.47914979799998, -4.548615278999989 ], [ 138.426642585999957, -4.549960145 ], [ 138.385839279000038, -4.593858921999981 ], [ 138.369182516000023, -4.599197365 ], [ 138.351048293999952, -4.624055595000016 ], [ 138.332517819000032, -4.631532215 ], [ 138.326595753999982, -4.657207229 ], [ 138.230650896000043, -4.754052034999972 ], [ 138.214414477, -4.761653922 ], [ 138.216912587000024, -4.775071513 ], [ 138.203280864000021, -4.782650170000011 ], [ 138.228095513999961, -4.79536906300001 ], [ 138.211542940999948, -4.806208158 ], [ 138.211536733, -4.814723158 ], [ 138.23539779400005, -4.815194873999985 ], [ 138.223843583999951, -4.825805190999972 ], [ 138.23534203600002, -4.841072664000023 ], [ 138.215414883, -4.83814256 ], [ 138.22979977, -4.848993053000015 ], [ 138.229810671999985, -4.861062533999984 ], [ 138.216833060999988, -4.866546697999979 ], [ 138.209707706000017, -4.858124877000023 ], [ 138.191988542, -4.861757469 ], [ 138.191237017000049, -4.872125966 ], [ 138.174867061999976, -4.886903419000021 ], [ 138.179214947, -4.896991776999982 ], [ 138.16735831699998, -4.899282434999975 ], [ 138.162036669000031, -4.918096022999976 ], [ 138.150709809999967, -4.914800343000024 ], [ 138.144444936000014, -4.921587101999989 ], [ 138.138128356000038, -4.944179669 ], [ 138.131598384999961, -4.942034606999982 ], [ 138.134083391, -4.931673875 ], [ 138.10756415100002, -4.915174692999983 ], [ 138.109565824000015, -4.906702913 ], [ 138.09723748, -4.921713491999981 ], [ 138.072491615, -4.927159193000023 ], [ 138.076434560000052, -4.933712174 ], [ 138.065611494, -4.94339740800001 ], [ 138.076307735, -4.948435619 ], [ 138.073444872999971, -4.962564805 ], [ 138.081063035000057, -4.954538793999973 ], [ 138.083765030999984, -4.972405267 ], [ 138.070072617000051, -4.968040894000012 ], [ 138.071988494000038, -4.973771585 ], [ 138.058399104000046, -4.974388526999974 ], [ 138.050932344999978, -4.961895292 ], [ 138.037359258000038, -4.987441468999975 ], [ 138.044755405000046, -5.007739174999983 ], [ 138.032628347000013, -5.03021843 ], [ 138.040214171, -5.058142112999974 ], [ 138.016518133999966, -5.09276567500001 ], [ 137.984175829000037, -5.100449919000027 ], [ 137.981570321000049, -5.10962274000002 ], [ 137.986245961, -5.117796188999989 ], [ 138.012443825999981, -5.117974649000018 ], [ 138.020019378000029, -5.139890534000017 ], [ 137.998034384999983, -5.148533026999985 ], [ 137.955083788000024, -5.138623134 ], [ 137.950451769999972, -5.148321365000015 ], [ 137.920157528, -5.162909320999972 ], [ 137.906863973999975, -5.210212808999984 ], [ 137.873880635999967, -5.215072908000025 ], [ 137.861745626000015, -5.224079249999988 ], [ 137.854931598, -5.256336224 ], [ 137.837548345999949, -5.271896501000015 ], [ 137.833281843, -5.29780618 ], [ 137.78033883, -5.328275991 ], [ 137.769763766999972, -5.348201427 ], [ 137.747233620999964, -5.357268192 ], [ 137.749132709107414, -5.372666282622791 ], [ 137.735086022647693, -5.371696812616182 ], [ 137.723183272390202, -5.351513800921121 ], [ 137.726159859290192, -5.332855917166863 ], [ 137.732742591797205, -5.315383485559361 ], [ 137.753134184994678, -5.311506926403459 ], [ 137.740169692377435, -5.286748040089956 ], [ 137.714859365167598, -5.272744912347799 ], [ 137.681182685432617, -5.236973285288921 ], [ 137.681711370693591, -5.204394711420627 ], [ 137.67783873896667, -5.217687214293512 ], [ 137.653903789927966, -5.207776306731123 ], [ 137.63981404308376, -5.215510647198565 ], [ 137.564966775996027, -5.18023791185012 ], [ 137.552486502650055, -5.169316186093094 ], [ 137.559198000087719, -5.147930000269222 ], [ 137.547613301312907, -5.137404646207389 ], [ 137.520191985571756, -5.134699174327388 ], [ 137.497011001156835, -5.145649216138466 ], [ 137.47523827412715, -5.115639677628951 ], [ 137.449390756678156, -5.099001017382997 ], [ 137.438492825183801, -5.09985762343056 ], [ 137.434548024571768, -5.115754384357331 ], [ 137.420285535948835, -5.124134846345998 ], [ 137.416407529783811, -5.113076369678626 ], [ 137.395026487182747, -5.107960052814147 ], [ 137.340652430365452, -5.057189957150772 ], [ 137.328224249349717, -5.026627949819952 ], [ 137.295656983183363, -5.010694761853781 ], [ 137.287042738831389, -5.025020009665671 ], [ 137.279416566121768, -5.023509052400835 ], [ 137.246919315773994, -5.002525061382425 ], [ 137.238352313708418, -4.986526546662782 ], [ 137.211849084367941, -4.977472698406269 ], [ 137.201301958618643, -4.996200035902896 ], [ 137.186463655673293, -4.998532197402885 ], [ 137.182056735729816, -5.007752767376269 ], [ 137.165615849891708, -4.985612377708991 ], [ 137.149066698269621, -4.977319955751269 ], [ 137.158358493649615, -4.980484638555186 ], [ 137.155586421576174, -4.975761409061724 ], [ 137.126909489288835, -4.960893285198035 ], [ 137.138808218, -4.933735479 ], [ 137.132781983999962, -4.901253699999984 ], [ 137.160729898, -4.869177766 ], [ 137.151967208999963, -4.839269666 ], [ 137.166837910000027, -4.81325462 ], [ 137.163444368, -4.802609683000014 ], [ 137.155237843, -4.80634736899998 ], [ 137.149778147, -4.797127878000026 ], [ 137.156110407000028, -4.793375545 ], [ 137.154974286999959, -4.768438305000018 ], [ 137.13965792, -4.755589416000021 ], [ 137.14719935100004, -4.737109082000018 ], [ 137.120643734000055, -4.711666519 ], [ 137.130494121999959, -4.712104424000017 ], [ 137.123258732999943, -4.702989983 ], [ 137.128913596999951, -4.682027457 ], [ 137.120757908999963, -4.679311024000015 ], [ 137.133507670999961, -4.665904925 ], [ 137.114825705000044, -4.649092723000024 ], [ 137.123610908000046, -4.643342897000025 ], [ 137.113459743000021, -4.63116837299998 ], [ 137.118418416000054, -4.628299291000019 ], [ 137.105818462, -4.581978989999982 ], [ 137.121845599000039, -4.567855851 ], [ 137.124858425999946, -4.51835980300001 ], [ 137.149917029, -4.50793311000001 ], [ 137.152586468999971, -4.49157128600001 ], [ 137.164653200999965, -4.483875317000013 ], [ 137.162921266000012, -4.465207605999979 ], [ 137.174970037999969, -4.436958899999979 ], [ 137.196966761, -4.435935595999979 ], [ 137.192725211000038, -4.401599764000025 ], [ 137.205581419000055, -4.386867282000026 ], [ 137.204507111999988, -4.337319524 ], [ 137.211559387999955, -4.322722533999979 ], [ 137.203463966999948, -4.295078725999986 ], [ 137.21042611300004, -4.278957172999981 ], [ 137.222862779000025, -4.27658706 ], [ 137.223159722999981, -4.188888889 ], [ 137.168959584000049, -4.111310059 ], [ 137.168846526000038, -4.087518128999989 ], [ 137.157154944000013, -4.08756076200001 ], [ 137.157043110000018, -4.061409889 ], [ 137.148933907000014, -4.061383714999977 ], [ 137.148872042, -4.044215681000026 ], [ 137.138964857000019, -4.044247804 ], [ 137.138914889000034, -4.031607155000017 ], [ 137.054137868, -4.031944246000023 ], [ 137.05429, -4.06809 ], [ 137.00338, -4.01383 ], [ 136.99338, -3.92674 ], [ 137.048350001000017, -3.888190001 ], [ 137.0976, -3.90532 ], [ 137.131151198999987, -3.893899917999988 ], [ 137.1076, -3.83322 ], [ 137.129010767999944, -3.813240410999981 ], [ 137.21824, -3.86106 ], [ 137.2932, -3.7240175 ], [ 137.50235, -3.71972 ], [ 137.51948, -3.781110001 ], [ 137.436971944999982, -3.80103 ], [ 137.32746, -3.80396 ], [ 137.350889791999975, -3.864239463 ] ], [ [ 137.28586239599997, -5.022054949999983 ], [ 137.287496001000022, -5.022177 ], [ 137.287722711000015, -5.020546384999989 ], [ 137.28586239599997, -5.022054949999983 ] ], [ [ 137.683707616613333, -5.197542754794216 ], [ 137.701499104300296, -5.182339470989744 ], [ 137.701579753557667, -5.181536875635927 ], [ 137.683707616613333, -5.197542754794216 ] ], [ [ 137.70503621434986, -5.151387569780511 ], [ 137.704984592024573, -5.151894964480466 ], [ 137.744916151359376, -5.138335448122438 ], [ 137.70503621434986, -5.151387569780511 ] ], [ [ 137.87463519605754, -4.826439435231641 ], [ 137.865111195725177, -4.863414240075153 ], [ 137.877792358472931, -4.827118676612112 ], [ 137.87463519605754, -4.826439435231641 ] ], [ [ 137.880349556686724, -4.807716107812058 ], [ 137.881336650055573, -4.816974333965571 ], [ 137.89068547078827, -4.790216478794317 ], [ 137.880349556686724, -4.807716107812058 ] ], [ [ 137.89957063987373, -4.76449986135603 ], [ 137.899463048736919, -4.765093613973143 ], [ 137.899632605060759, -4.764608316020974 ], [ 137.89957063987373, -4.76449986135603 ] ], [ [ 137.850948986906246, -4.725187109697343 ], [ 137.892149726043129, -4.751511395387543 ], [ 137.892116048017215, -4.751452450370325 ], [ 137.850948986906246, -4.725187109697343 ] ], [ [ 137.826597461616785, -4.710167706961029 ], [ 137.83063363314983, -4.70643484998032 ], [ 137.830992500103889, -4.704850385936604 ], [ 137.826597461616785, -4.710167706961029 ] ], [ [ 137.823335737854222, -4.713184315203895 ], [ 137.824319335307536, -4.712274634188164 ], [ 137.826615960158506, -4.705532411091889 ], [ 137.823335737854222, -4.713184315203895 ] ], [ [ 137.92513615880668, -4.601393477626919 ], [ 137.827749771434924, -4.596756158569809 ], [ 137.908532855406975, -4.603416239967478 ], [ 137.92513615880668, -4.601393477626919 ] ], [ [ 138.054053857005414, -4.592476082530245 ], [ 138.052009768449636, -4.594364162509184 ], [ 138.052921879641104, -4.594411958744887 ], [ 138.054053857005414, -4.592476082530245 ] ], [ [ 138.069891431103883, -4.565710684640887 ], [ 138.132907655264148, -4.588929172643136 ], [ 138.108775798764214, -4.574722817004334 ], [ 138.069891431103883, -4.565710684640887 ] ], [ [ 137.87601886507872, -4.571881523213677 ], [ 137.914453182000329, -4.58859791108173 ], [ 137.849701732541092, -4.552543330151523 ], [ 137.87601886507872, -4.571881523213677 ] ], [ [ 137.826991573702315, -4.535855591262467 ], [ 137.829878378675062, -4.537976855492746 ], [ 137.833753891828593, -4.499999983713202 ], [ 137.826991573702315, -4.535855591262467 ] ] ], [ [ [ 137.720288852948215, -5.292890436644366 ], [ 137.719944216552449, -5.28593832469389 ], [ 137.736659043979756, -5.288914429557241 ], [ 137.720288852948215, -5.292890436644366 ] ] ], [ [ [ 137.51920651656755, -5.211654501753848 ], [ 137.516344025756325, -5.210412422894989 ], [ 137.517614658090139, -5.204680301554601 ], [ 137.51920651656755, -5.211654501753848 ] ] ], [ [ [ 137.496037113621867, -5.185567382428697 ], [ 137.509558633724112, -5.17225647365725 ], [ 137.514715834668209, -5.178595501581107 ], [ 137.508716921348963, -5.181039471294524 ], [ 137.509639090671556, -5.196254845584645 ], [ 137.496037113621867, -5.185567382428697 ] ] ], [ [ [ 137.190242570937926, -5.031405832912797 ], [ 137.195302761113595, -5.042808820070985 ], [ 137.180704767810909, -5.025748084606457 ], [ 137.190242570937926, -5.031405832912797 ] ] ] ] } },
{ "type": "Feature", "properties": { "NAME": "Pulau Venu", "DESIG_ENG": "Wildlife Reserve", "IUCN_CAT": "Not Reported", "STATUS": "Designated", "STATUS_YR": 0, "GIS_AREA": 0.18059819627052401 }, "geometry": { "type": "Polygon", "coordinates": [ [ [ 133.50430344271507, -4.329599608221846 ], [ 133.50352670439392, -4.325541139411998 ], [ 133.506867467259895, -4.326045585335519 ], [ 133.50430344271507, -4.329599608221846 ] ] ] } },
{ "type": "Feature", "properties": { "NAME": "Pegunungan Jayawijaya", "DESIG_ENG": "Wildlife Reserve", "IUCN_CAT": "Not Reported", "STATUS": "Designated", "STATUS_YR": 0, "GIS_AREA": 7845.18285367504 }, "geometry": { "type": "Polygon", "coordinates": [ [ [ 139.988245010000014, -3.880657196000016 ], [ 140.160612106000031, -3.912590028000011 ], [ 140.324724197000023, -3.98187255900001 ], [ 140.412317277000056, -3.996078491 ], [ 140.463838577000047, -3.99133873 ], [ 140.48373603899995, -4.001850128 ], [ 140.518800736, -4.064924239999982 ], [ 140.548376083, -4.07255363500002 ], [ 140.559045793, -4.088069916 ], [ 140.550840377999975, -4.098405838000019 ], [ 140.568693161000056, -4.098295211999982 ], [ 140.571275711, -4.107330322 ], [ 140.567773818999967, -4.125724792000028 ], [ 140.555830002, -4.117250442999989 ], [ 140.539953233, -4.138248444 ], [ 140.558160782999948, -4.146541594999974 ], [ 140.554517746999977, -4.155216216999975 ], [ 140.566457749000051, -4.158237456999984 ], [ 140.578790666000032, -4.188762665000013 ], [ 140.590970993000042, -4.19188118 ], [ 140.587865830000055, -4.201765060000014 ], [ 140.610445024, -4.202280045 ], [ 140.615972520000014, -4.20740509 ], [ 140.608152389999987, -4.210391997999977 ], [ 140.626226426000017, -4.219520569 ], [ 140.62438392599995, -4.226436615000011 ], [ 140.64176368699998, -4.228336334 ], [ 140.630224227999975, -4.234148026000014 ], [ 140.63849449199995, -4.237192154000013 ], [ 140.636796950999951, -4.24674034100002 ], [ 140.623807908, -4.234527588 ], [ 140.620107652, -4.248600006 ], [ 140.644441605999987, -4.267137526999988 ], [ 140.649129869000035, -4.28808403 ], [ 140.673116683999979, -4.287734984999986 ], [ 140.677289963000021, -4.279144287 ], [ 140.681650161999983, -4.292789459 ], [ 140.714544295999985, -4.318941116000019 ], [ 140.720308305, -4.333257675000027 ], [ 140.708982469000034, -4.330308914 ], [ 140.701707841000029, -4.3373909 ], [ 140.710599899000044, -4.347303391000025 ], [ 140.70886421199998, -4.358018875000027 ], [ 140.715398789, -4.356489182000018 ], [ 140.738779067999985, -4.387924194 ], [ 140.755098342999986, -4.447532653999986 ], [ 140.824453353999957, -4.530851364 ], [ 140.84311103899995, -4.565826416999982 ], [ 140.848577499000044, -4.621711731 ], [ 140.843358993000038, -4.649250032 ], [ 140.811887741999954, -4.706594467 ], [ 140.79364585999997, -4.723434447999978 ], [ 140.730356218999987, -4.74825477600001 ], [ 140.612852097999962, -4.752651214000025 ], [ 140.462018966999949, -4.739650725999979 ], [ 140.455102921000048, -4.717260361 ], [ 140.390031817000022, -4.688192368999978 ], [ 140.384901047999961, -4.724868774000015 ], [ 140.356973648, -4.712282180999978 ], [ 140.331186294999952, -4.722764969000025 ], [ 140.279447555000047, -4.707866669 ], [ 140.260736467000015, -4.681116104000012 ], [ 140.252855300999954, -4.650451660999977 ], [ 140.247709274000044, -4.571702957000014 ], [ 140.227357865000045, -4.503625869000018 ], [ 140.230066301999955, -4.488250731999983 ], [ 140.135503769000024, -4.406721114999982 ], [ 140.09249687199997, -4.382873534999987 ], [ 140.046617508000054, -4.368719102 ], [ 139.973463059999972, -4.369264602999976 ], [ 139.956930159999956, -4.349128724000025 ], [ 139.925325395999948, -4.337402344999987 ], [ 139.81262016300002, -4.332536699 ], [ 139.795186995999984, -4.341049194 ], [ 139.80043983500002, -4.364122392000013 ], [ 139.700719833, -4.329240799 ], [ 139.628732680999974, -4.281320570999981 ], [ 139.651479721999976, -4.274335861 ], [ 139.665227889999983, -4.284666061 ], [ 139.676614761, -4.274215697999978 ], [ 139.663885119000042, -4.242078782000021 ], [ 139.694700241999954, -4.222660064000024 ], [ 139.718130113000029, -4.226247786999977 ], [ 139.741086959999961, -4.209337233999975 ], [ 139.736280441999952, -4.199653626999975 ], [ 139.71791649, -4.199441910000019 ], [ 139.724882126000011, -4.179813384999989 ], [ 139.687524797000037, -4.169048310999983 ], [ 139.660718919000033, -4.184667588000025 ], [ 139.667175035000014, -4.207166406999988 ], [ 139.629320746999952, -4.210105810000016 ], [ 139.623991014000012, -4.21611786 ], [ 139.627468981999982, -4.246532349 ], [ 139.60520744400003, -4.264451982000026 ], [ 139.561231999000029, -4.234118943999988 ], [ 139.551431623999974, -4.192391545000021 ], [ 139.539493760000028, -4.174879004 ], [ 139.538088884999979, -4.149804879999976 ], [ 139.501880716999949, -4.150539923 ], [ 139.473750479000046, -4.107512435 ], [ 139.465629905000014, -4.112117094999974 ], [ 139.473063389, -4.143819243999985 ], [ 139.468096425999988, -4.162903323000023 ], [ 139.486916489, -4.172574528999974 ], [ 139.485223565999945, -4.183163026999978 ], [ 139.457436073000054, -4.172710274 ], [ 139.438405684000031, -4.145077621999974 ], [ 139.440458912000054, -4.123917643000027 ], [ 139.508395792999977, -4.006838596000023 ], [ 139.528055299000016, -3.950912320999976 ], [ 139.542886734000035, -3.934225082000012 ], [ 139.594420713999966, -3.921503783 ], [ 139.85804176299996, -3.8916893 ], [ 139.988245010000014, -3.880657196000016 ] ], [ [ 139.630924970000024, -4.074902281 ], [ 139.608920969999986, -4.084965689 ], [ 139.616687382, -4.10442010600002 ], [ 139.636523918999956, -4.109164317000022 ], [ 139.644880785000055, -4.119311840000023 ], [ 139.653724153999974, -4.11582075299998 ], [ 139.685761445000026, -4.143320249999988 ], [ 139.726445321000028, -4.132888241999979 ], [ 139.715020485999958, -4.115667814 ], [ 139.630924970000024, -4.074902281 ] ], [ [ 139.533055989, -4.120219131 ], [ 139.524796563999985, -4.123758884999972 ], [ 139.525386521999962, -4.130838392999976 ], [ 139.536511463000011, -4.127635758 ], [ 139.533055989, -4.120219131 ] ], [ [ 140.56082440800003, -4.212224213000013 ], [ 140.559519888999944, -4.218933170000014 ], [ 140.563386856999955, -4.219958148999979 ], [ 140.56082440800003, -4.212224213000013 ] ], [ [ 139.884766647999982, -4.215777161 ], [ 139.875141035999945, -4.222043497000016 ], [ 139.874818031000018, -4.229731066 ], [ 139.884508239999946, -4.229085049999981 ], [ 139.884766647999982, -4.215777161 ] ], [ [ 140.163697005000017, -4.215858231000027 ], [ 140.167450294, -4.212671476000025 ], [ 140.162280668999983, -4.21387536200001 ], [ 140.163697005000017, -4.215858231000027 ] ], [ [ 140.197237132000055, -4.260355391000019 ], [ 140.199766182999952, -4.255530900999986 ], [ 140.197300706999954, -4.255588612 ], [ 140.197237132000055, -4.260355391000019 ] ], [ [ 140.638378457000044, -4.299862763000021 ], [ 140.645536935, -4.292862893 ], [ 140.644338049, -4.284890721000011 ], [ 140.639122598999961, -4.29058856 ], [ 140.638378457000044, -4.299862763000021 ] ], [ [ 140.364253336000047, -4.306400070999985 ], [ 140.367768865000016, -4.310235192999983 ], [ 140.368208307000032, -4.308157833999985 ], [ 140.364253336000047, -4.306400070999985 ] ], [ [ 139.872715220000032, -4.325175678999983 ], [ 139.875666562999982, -4.316321647999985 ], [ 139.861927549000029, -4.317644664999989 ], [ 139.861927549000029, -4.3230385 ], [ 139.872715220000032, -4.325175678999983 ] ], [ [ 140.341424714000027, -4.345302151999988 ], [ 140.345027886000025, -4.344290735000016 ], [ 140.341530068999987, -4.340497922999987 ], [ 140.341424714000027, -4.345302151999988 ] ], [ [ 140.257252903999984, -4.354460779000021 ], [ 140.262523304999945, -4.352748567999981 ], [ 140.257627449999973, -4.351999475000014 ], [ 140.257252903999984, -4.354460779000021 ] ], [ [ 140.304868693, -4.366523678000021 ], [ 140.304561383999953, -4.372865393999973 ], [ 140.306572856, -4.372139028999982 ], [ 140.304868693, -4.366523678000021 ] ], [ [ 140.394587484, -4.369981028999973 ], [ 140.400645233999967, -4.369327313999975 ], [ 140.396156398000016, -4.367279009000015 ], [ 140.394587484, -4.369981028999973 ] ], [ [ 140.338610292, -4.376779189 ], [ 140.340432355999951, -4.373824488000025 ], [ 140.338388688, -4.373578262000024 ], [ 140.338610292, -4.376779189 ] ], [ [ 140.435211237999965, -4.39988037400002 ], [ 140.446416484, -4.39700961 ], [ 140.446231272999967, -4.388026890999981 ], [ 140.433451738000031, -4.389971603 ], [ 140.435211237999965, -4.39988037400002 ] ], [ [ 140.318972476999988, -4.450066963999973 ], [ 140.340811365000036, -4.509065943999985 ], [ 140.357883970999978, -4.515511521 ], [ 140.366445394000039, -4.497176269000022 ], [ 140.348828524000055, -4.458803851000027 ], [ 140.336285898000028, -4.44590947 ], [ 140.318972476999988, -4.450066963999973 ] ], [ [ 140.393055494, -4.458846193 ], [ 140.399607162000052, -4.460732279000013 ], [ 140.397770708000053, -4.457208277 ], [ 140.393055494, -4.458846193 ] ], [ [ 140.665356484999961, -4.460563718 ], [ 140.66681754800004, -4.46421637200001 ], [ 140.6677568, -4.46139861 ], [ 140.665356484999961, -4.460563718 ] ], [ [ 140.518135017999953, -4.481238280000014 ], [ 140.522602883, -4.485521829 ], [ 140.523792235999963, -4.481932007000012 ], [ 140.518135017999953, -4.481238280000014 ] ], [ [ 140.571117332999961, -4.516588035999973 ], [ 140.568806899000037, -4.522388413999977 ], [ 140.572439789999976, -4.518556343 ], [ 140.571117332999961, -4.516588035999973 ] ], [ [ 140.334683942999959, -4.517294875 ], [ 140.265223785999979, -4.45554940300002 ], [ 140.244705901999964, -4.452538886000013 ], [ 140.243545723000011, -4.465735290999987 ], [ 140.257285357, -4.479439040999978 ], [ 140.274237538999955, -4.521897781 ], [ 140.300258840999959, -4.525528208000026 ], [ 140.324971219999952, -4.544702154 ], [ 140.337669280999989, -4.531839161 ], [ 140.334683942999959, -4.517294875 ] ], [ [ 140.448257411999975, -4.52906356 ], [ 140.453859983000029, -4.527804554999989 ], [ 140.450901319999957, -4.524153440000021 ], [ 140.448257411999975, -4.52906356 ] ], [ [ 140.505597201, -4.609945959000015 ], [ 140.505722162999973, -4.590752824999981 ], [ 140.517200093000042, -4.579737716000011 ], [ 140.498502175, -4.581774123 ], [ 140.489060654000014, -4.571962344999974 ], [ 140.505597201, -4.609945959000015 ] ], [ [ 140.669398823000051, -4.57384466000002 ], [ 140.669229044999952, -4.578932087 ], [ 140.670999463000044, -4.574925348000022 ], [ 140.669398823000051, -4.57384466000002 ] ], [ [ 140.688270356999965, -4.602656710000019 ], [ 140.695186446999969, -4.613903349 ], [ 140.72833798299996, -4.619457679 ], [ 140.739543819, -4.601393778999977 ], [ 140.735986317999959, -4.59439568 ], [ 140.698066830000016, -4.58990602199998 ], [ 140.688270356999965, -4.602656710000019 ] ], [ [ 140.592812839999965, -4.61780305000002 ], [ 140.55628906000004, -4.618433628999981 ], [ 140.541678962999981, -4.627455375000011 ], [ 140.541076428999986, -4.637737489000017 ], [ 140.548990260999972, -4.645554376 ], [ 140.595708325000032, -4.638675550000016 ], [ 140.599623100000031, -4.624833271999989 ], [ 140.592812839999965, -4.61780305000002 ] ], [ [ 140.652558635999981, -4.603990963 ], [ 140.646306773999981, -4.604277035999985 ], [ 140.646306773, -4.606606535000026 ], [ 140.652558635999981, -4.603990963 ] ], [ [ 140.429013403, -4.666983769000012 ], [ 140.477249232999952, -4.711506190000023 ], [ 140.496279917000038, -4.691105962999984 ], [ 140.488430570999981, -4.676528271 ], [ 140.448897706000025, -4.654536167 ], [ 140.431339817999969, -4.652919731999987 ], [ 140.429013403, -4.666983769000012 ] ], [ [ 140.801068963000034, -4.688625478 ], [ 140.743405750999955, -4.693776233999984 ], [ 140.728091218000031, -4.704251219000014 ], [ 140.727356077999957, -4.713368381 ], [ 140.760650295, -4.728246619 ], [ 140.785340347999977, -4.724155214 ], [ 140.807254475000036, -4.696778063000011 ], [ 140.801068963000034, -4.688625478 ] ], [ [ 140.701609235999967, -4.726993559 ], [ 140.697376649000034, -4.724016154000026 ], [ 140.696150657999965, -4.726088661 ], [ 140.701609235999967, -4.726993559 ] ], [ [ 140.653624448999949, -4.712871987000028 ], [ 140.650268829999959, -4.709632079000016 ], [ 140.649227432999965, -4.711599165999985 ], [ 140.653624448999949, -4.712871987000028 ] ], [ [ 140.724385137000013, -4.696228928999972 ], [ 140.720517954, -4.698495899000022 ], [ 140.724970042999985, -4.700868646 ], [ 140.724385137000013, -4.696228928999972 ] ], [ [ 140.360830885000041, -4.701823575 ], [ 140.364421211000035, -4.704920233999985 ], [ 140.364555849, -4.702137729000015 ], [ 140.360830885000041, -4.701823575 ] ] ] } },
{ "type": "Feature", "properties": { "NAME": "Pegunungan Kumawa", "DESIG_ENG": "Nature Reserve", "IUCN_CAT": "Ia", "STATUS": "Designated", "STATUS_YR": 0, "GIS_AREA": 1288.5351994909699 }, "geometry": { "type": "MultiPolygon", "coordinates": [ [ [ [ 133.290789300000029, -3.991980383 ], [ 133.290072736999946, -3.991586152000025 ], [ 133.290758654, -3.991019677 ], [ 133.290789300000029, -3.991980383 ] ] ], [ [ [ 133.288205346000041, -3.990670753000018 ], [ 133.289446761000022, -3.990104640000027 ], [ 133.288733568, -3.990920742000014 ], [ 133.288205346000041, -3.990670753000018 ] ] ], [ [ [ 132.920088377999946, -3.703054270999985 ], [ 132.971019061999982, -3.727521697999975 ], [ 132.978280036, -3.751550826000027 ], [ 132.989346132000037, -3.74809798299998 ], [ 132.99787191300004, -3.756533241999989 ], [ 133.006206442, -3.750885815 ], [ 133.017575806999957, -3.761571693 ], [ 133.036797708, -3.761923 ], [ 133.05307687200002, -3.750121225999976 ], [ 133.055065292, -3.76016868 ], [ 133.072167111, -3.755213266999988 ], [ 133.075819508, -3.770650745000012 ], [ 133.091444238, -3.777249847 ], [ 133.097208987000045, -3.771876212 ], [ 133.103773854999986, -3.783841558 ], [ 133.122909987999947, -3.768285208 ], [ 133.130164291000028, -3.793490143999975 ], [ 133.142126092000012, -3.797745229999975 ], [ 133.163301078000018, -3.828373934000012 ], [ 133.195549584999981, -3.823676783 ], [ 133.210041451000052, -3.880772176 ], [ 133.24045958399995, -3.911357623000015 ], [ 133.24538066599996, -3.932546748999982 ], [ 133.261171720999982, -3.940565427000024 ], [ 133.262517557000024, -3.943982226 ], [ 133.261050297, -3.943102845999988 ], [ 133.259837159999961, -3.94306080299998 ], [ 133.257862828000043, -3.947542487000021 ], [ 133.26266788800001, -3.944270022000012 ], [ 133.289609455, -3.974071553999977 ], [ 133.28783341999997, -3.990369416000021 ], [ 133.297502534000046, -4.012045573000023 ], [ 133.294602121000025, -4.021516435000024 ], [ 133.268093816376592, -4.03539144495913 ], [ 133.251594632886025, -4.072039903818508 ], [ 133.15131871799997, -4.071014343 ], [ 133.077958817999956, -4.053654868000024 ], [ 133.035218246648753, -4.072764785052027 ], [ 133.01247307999995, -4.054818862 ], [ 132.993616367999948, -4.066329557000017 ], [ 132.970424428, -4.068627693999986 ], [ 132.960903002, -4.05575608700002 ], [ 132.954790034999974, -4.064997512 ], [ 132.917023235999977, -4.043021179 ], [ 132.872321993000014, -3.981644093 ], [ 132.881029761000036, -3.962312129 ], [ 132.897015388, -3.958482084000025 ], [ 132.896920788999978, -3.951693679000016 ], [ 132.881573816000014, -3.946044530999984 ], [ 132.884387825999966, -3.915533261 ], [ 132.852755409999986, -3.878539378000028 ], [ 132.874758031000056, -3.835061659000019 ], [ 132.886262906999946, -3.835258566 ], [ 132.94783801899996, -3.777286834999984 ], [ 132.910606618999964, -3.768894767 ], [ 132.904598013000054, -3.759286997 ], [ 132.910245026999974, -3.733045203000017 ], [ 132.899105006000013, -3.720788556 ], [ 132.902141681999979, -3.711875755999984 ], [ 132.920088377999946, -3.703054270999985 ] ] ] ] } },
{ "type": "Feature", "properties": { "NAME": "Enarotali", "DESIG_ENG": "Nature Reserve", "IUCN_CAT": "Ia", "STATUS": "Designated", "STATUS_YR": 0, "GIS_AREA": 2804.2545141117498 }, "geometry": { "type": "Polygon", "coordinates": [ [ [ 136.268777486999966, -3.591209053 ], [ 136.352942523000024, -3.625519543 ], [ 136.374952315999963, -3.669504166000024 ], [ 136.42130662, -3.663381399 ], [ 136.473788510999952, -3.680395616999988 ], [ 136.545646703999978, -3.684177627 ], [ 136.578149796000048, -3.71629715 ], [ 136.567422867, -3.730995178 ], [ 136.546751022999956, -3.732635497999979 ], [ 136.546960831999968, -3.74318695 ], [ 136.537355423, -3.739973067999983 ], [ 136.533689499000047, -3.753953933 ], [ 136.513822556000036, -3.754203796000013 ], [ 136.490373612999974, -3.790304183999979 ], [ 136.466329575000032, -3.798482895 ], [ 136.446134568000048, -3.81648635800002 ], [ 136.433427811, -3.811817169 ], [ 136.433313369999951, -3.800140381 ], [ 136.391653061000056, -3.802076339 ], [ 136.384042740000041, -3.780359267999984 ], [ 136.357553481999958, -3.782938003000027 ], [ 136.333520890000045, -3.769382477000022 ], [ 136.321043015999976, -3.772035599 ], [ 136.333406449, -3.786949156999981 ], [ 136.327184677, -3.801004410000019 ], [ 136.30492591899997, -3.810323714999981 ], [ 136.287317275999953, -3.810014723999984 ], [ 136.262987136999982, -3.789615631 ], [ 136.244096755999976, -3.789283752000017 ], [ 136.234998702999974, -3.808320998999989 ], [ 136.242105484000035, -3.831022261999976 ], [ 136.229063033999978, -3.84714698800002 ], [ 136.219411851000018, -3.84644317599998 ], [ 136.217794419000029, -3.868915558000026 ], [ 136.180170059000034, -3.907289505 ], [ 136.188108444000022, -3.916702269999973 ], [ 136.206754684999964, -3.917093277 ], [ 136.208890914999984, -3.933843611999976 ], [ 136.236085892, -3.932935714 ], [ 136.236898421999967, -3.940738678 ], [ 136.258474351000018, -3.949296951 ], [ 136.244627494000042, -3.975587516000019 ], [ 136.322923662, -3.976715088 ], [ 136.340181350999956, -3.953342437 ], [ 136.358472824000046, -3.962741852000022 ], [ 136.378072739, -3.957468033 ], [ 136.419042589000014, -3.990205764999985 ], [ 136.435461045000011, -3.965410232000011 ], [ 136.455568313999947, -3.963869095 ], [ 136.492395400999953, -3.987291336 ], [ 136.510343552, -3.989723205000018 ], [ 136.512784958, -3.983615875 ], [ 136.521123887000044, -3.996330261000026 ], [ 136.523099900000034, -3.982831955 ], [ 136.531980514999987, -3.992050171000017 ], [ 136.539896011999986, -3.967821120999986 ], [ 136.521669387999964, -3.955507278000027 ], [ 136.521734239000011, -3.924903869 ], [ 136.486291887, -3.903217315 ], [ 136.49305915900004, -3.891216278 ], [ 136.488550186, -3.866329193000013 ], [ 136.502500533999978, -3.845558165999989 ], [ 136.564802171, -3.835803984999984 ], [ 136.522008895999988, -3.804151535000017 ], [ 136.528371811000056, -3.791769026999987 ], [ 136.525091171999975, -3.768110275000026 ], [ 136.568826675999958, -3.756116867 ], [ 136.57243538, -3.763767241999972 ], [ 136.592878341999949, -3.767581939000024 ], [ 136.595815658999982, -3.757646560000012 ], [ 136.58138847400005, -3.74915504400002 ], [ 136.602907634999951, -3.730765661000021 ], [ 136.712055148, -3.737125768999988 ], [ 136.814169420999974, -3.803310946000011 ], [ 136.867117561999976, -3.861932102000026 ], [ 136.869002642000055, -3.909208874 ], [ 136.859553541999958, -3.933790294 ], [ 136.816060426000035, -3.965937380000014 ], [ 136.683690071, -3.999975472000017 ], [ 136.638456860000019, -4.000064123000016 ], [ 136.53478020600005, -4.018883163 ], [ 136.355696732999945, -4.027724225999975 ], [ 136.35939624699995, -4.001965128999984 ], [ 136.33344502, -4.008310897 ], [ 136.334218584000041, -4.002797955 ], [ 136.35217293300002, -3.997905087 ], [ 136.374943414999962, -3.973500796999986 ], [ 136.346039442, -3.997791254 ], [ 136.329555237000022, -4.001049953 ], [ 136.331344684999976, -4.008697465000012 ], [ 136.28850988399995, -4.01176794600002 ], [ 136.289476512999954, -4.002287882000019 ], [ 136.275924026999974, -3.999500668 ], [ 136.280447136000021, -4.007597246999978 ], [ 136.266392555000039, -4.012299461999987 ], [ 136.194749450000018, -4.013030587 ], [ 136.200659947999952, -4.020250084 ], [ 136.193393171000025, -4.042270507000012 ], [ 136.136729196000033, -4.04757422199998 ], [ 136.100548775999982, -4.045039327999973 ], [ 136.06346449, -4.028395986000021 ], [ 136.045255538, -4.014474999000015 ], [ 136.039443904, -3.997631348000027 ], [ 136.029758378, -3.999291023000012 ], [ 136.002939158, -3.969736012999988 ], [ 135.978345185999956, -3.969719391000012 ], [ 135.927288048000037, -3.93189929 ], [ 135.914112851000027, -3.913597462999974 ], [ 135.962168122999969, -3.910267509999983 ], [ 135.969317573000012, -3.877875995000011 ], [ 135.989272600000049, -3.870062341999983 ], [ 136.009993587000054, -3.831527058 ], [ 136.048356083000044, -3.785326639 ], [ 136.030654672999958, -3.726845653999987 ], [ 136.033978747999981, -3.712086334999981 ], [ 136.015501665999977, -3.691110926000022 ], [ 136.002595787000018, -3.638800796999988 ], [ 136.125843579000048, -3.616101445000027 ], [ 136.161771774000044, -3.616100311000025 ], [ 136.213628769000024, -3.595130919999974 ], [ 136.268777486999966, -3.591209053 ] ], [ [ 136.422717690000013, -3.712223876 ], [ 136.404985077999982, -3.717206337999983 ], [ 136.404745876999982, -3.718095854000012 ], [ 136.425268145000018, -3.72064631 ], [ 136.422717690000013, -3.712223876 ] ], [ [ 136.467460074999963, -3.749389380000025 ], [ 136.468945677999955, -3.742080214999987 ], [ 136.452663474000019, -3.741307701999972 ], [ 136.453554835999967, -3.74499199600001 ], [ 136.467460074999963, -3.749389380000025 ] ], [ [ 135.948612941999954, -3.930773034000026 ], [ 135.94981890400004, -3.933988933000023 ], [ 135.951769839, -3.930953735 ], [ 135.948612941999954, -3.930773034000026 ] ], [ [ 136.145680519000052, -3.947087005000014 ], [ 136.105050571999982, -3.969936825 ], [ 136.085527814999978, -3.96868214 ], [ 136.083089380000047, -3.97775063 ], [ 136.119266797000023, -3.986927501000025 ], [ 136.110230258, -3.977494604000015 ], [ 136.114461610000035, -3.966454092999982 ], [ 136.145680519000052, -3.947087005000014 ] ], [ [ 136.156839899000033, -4.014107293 ], [ 136.15945745800002, -4.008699654999987 ], [ 136.15251462599997, -4.001404649999984 ], [ 136.150643194000054, -4.004428513999983 ], [ 136.156839899000033, -4.014107293 ] ], [ [ 136.073879884, -4.030127608999976 ], [ 136.07806361400003, -4.027631348 ], [ 136.072080711000012, -4.028010935 ], [ 136.073879884, -4.030127608999976 ] ], [ [ 136.082277383000019, -4.033622401 ], [ 136.090919110999948, -4.035578043999976 ], [ 136.08346020700003, -4.03181292 ], [ 136.082277383000019, -4.033622401 ] ] ] } },
{ "type": "Feature", "properties": { "NAME": "Pegunungan Wayland", "DESIG_ENG": "Nature Reserve", "IUCN_CAT": "Ia", "STATUS": "Designated", "STATUS_YR": 0, "GIS_AREA": 1373.0653278647901 }, "geometry": { "type": "Polygon", "coordinates": [ [ [ 136.002595787000018, -3.638800796999988 ], [ 136.015501665999977, -3.691110926000022 ], [ 136.033936425999968, -3.711952264 ], [ 136.030654672999958, -3.726845653999987 ], [ 136.049592759, -3.778518470999984 ], [ 135.989272600000049, -3.870062341999983 ], [ 135.969317573000012, -3.877875995000011 ], [ 135.96415256, -3.907359321 ], [ 135.954427154999962, -3.915417158000025 ], [ 135.919372886000019, -3.910017728000014 ], [ 135.772745351000026, -3.933935849000022 ], [ 135.716065492999974, -3.916441594 ], [ 135.697373181999978, -3.933520996000027 ], [ 135.69229851, -3.887964556999975 ], [ 135.658773107, -3.894111994000014 ], [ 135.604898839000043, -3.883291269999972 ], [ 135.554324136, -3.826988728 ], [ 135.551781743, -3.810070031 ], [ 135.563752708000038, -3.798199076 ], [ 135.61182712699997, -3.805236048999973 ], [ 135.625541334, -3.784668386000021 ], [ 135.647556013999974, -3.779502162000028 ], [ 135.680077923, -3.724258022000015 ], [ 135.719020914, -3.685026301999983 ], [ 135.785595359000013, -3.652784344999986 ], [ 135.797039146999964, -3.624504054999989 ], [ 135.82013500100004, -3.604939431999981 ], [ 135.881083698, -3.585995062999984 ], [ 135.921735722999983, -3.539817879999987 ], [ 135.946400649, -3.544317733000014 ], [ 135.949495318, -3.573659897000027 ], [ 135.967767715000036, -3.580329894999977 ], [ 136.002595787000018, -3.638800796999988 ] ] ] } },
{ "type": "Feature", "properties": { "NAME": "Borote", "DESIG_ENG": "Nature Recreation Park", "IUCN_CAT": "V", "STATUS": "Designated", "STATUS_YR": 2012, "GIS_AREA": 0.82935056022792997 }, "geometry": { "type": "Polygon", "coordinates": [ [ [ 135.572754410143062, -3.234143866618106 ], [ 135.562453670999957, -3.255729949 ], [ 135.558522403424945, -3.256068815225374 ], [ 135.572754410143062, -3.234143866618106 ] ] ] } },
{ "type": "Feature", "properties": { "NAME": "Nabire", "DESIG_ENG": "Nature Recreation Park", "IUCN_CAT": "Not Reported", "STATUS": "Designated", "STATUS_YR": 0, "GIS_AREA": 0.83699364991783098 }, "geometry": { "type": "Polygon", "coordinates": [ [ [ 135.572742721162285, -3.234142025021811 ], [ 135.577927047, -3.238674539999977 ], [ 135.558522403385751, -3.256068815285816 ], [ 135.572742721162285, -3.234142025021811 ] ] ] } },
{ "type": "Feature", "properties": { "NAME": "Tanjung Wiay", "DESIG_ENG": "Nature Reserve", "IUCN_CAT": "Ia", "STATUS": "Designated", "STATUS_YR": 0, "GIS_AREA": 44.006198364211599 }, "geometry": { "type": "Polygon", "coordinates": [ [ [ 135.720381367999948, -3.147433525 ], [ 135.728594914000041, -3.151574031999985 ], [ 135.725350565999975, -3.15865621 ], [ 135.701405896999972, -3.168588551000028 ], [ 135.695211409999956, -3.186996695 ], [ 135.651566325999966, -3.221798555000021 ], [ 135.619880113000022, -3.201068205000013 ], [ 135.61214531664163, -3.182914522190292 ], [ 135.61685038326786, -3.17956566944032 ], [ 135.720381367999948, -3.147433525 ] ] ] } },
{ "type": "Feature", "properties": { "NAME": "Pegunungan Fakfak", "DESIG_ENG": "Nature Reserve", "IUCN_CAT": "Ia", "STATUS": "Designated", "STATUS_YR": 0, "GIS_AREA": 331.28561648703197 }, "geometry": { "type": "Polygon", "coordinates": [ [ [ 132.304571962999944, -2.821976775 ], [ 132.325466496999979, -2.826696516000027 ], [ 132.395410831000049, -2.873790338999981 ], [ 132.424374672999988, -2.874805305999985 ], [ 132.47427179500005, -2.930467780000015 ], [ 132.487849152999956, -2.96269028 ], [ 132.519656009999949, -2.993056925000019 ], [ 132.524177312, -3.016645948000019 ], [ 132.565790720999985, -3.014039288999982 ], [ 132.580509350000057, -3.024073577000024 ], [ 132.603953478999983, -3.061941682 ], [ 132.689214776999961, -3.094253347 ], [ 132.695124855000017, -3.115146622 ], [ 132.665250936, -3.126031511 ], [ 132.64930477200005, -3.144320207000021 ], [ 132.631051217000049, -3.122742300000027 ], [ 132.612018797000019, -3.124816123000016 ], [ 132.56704567099996, -3.101570924999976 ], [ 132.436197968999977, -2.975126338 ], [ 132.422846108000044, -2.971956337 ], [ 132.426449889999958, -2.951964491000012 ], [ 132.409747850000031, -2.921998428999984 ], [ 132.379868644999988, -2.908352400000012 ], [ 132.375058153000055, -2.916589126000019 ], [ 132.368639164, -2.898399422000011 ], [ 132.373296395000011, -2.893592904 ], [ 132.344607613, -2.868198520000021 ], [ 132.315633422000019, -2.872509786000023 ], [ 132.312915731999965, -2.886078983 ], [ 132.321813671999962, -2.899237879999987 ], [ 132.286615689999962, -2.895358347000013 ], [ 132.243402664999962, -2.874453356 ], [ 132.236859697, -2.878670442999976 ], [ 132.239593509999963, -2.888821704 ], [ 132.216519356000049, -2.88533497200001 ], [ 132.220115681000038, -2.868995946999974 ], [ 132.240558775999943, -2.849559301 ], [ 132.274216, -2.828328301999989 ], [ 132.304571962999944, -2.821976775 ] ] ] } },
{ "type": "Feature", "properties": { "NAME": "Wagura Kote", "DESIG_ENG": "Nature Reserve", "IUCN_CAT": "Ia", "STATUS": "Designated", "STATUS_YR": 0, "GIS_AREA": 192.875892142894 }, "geometry": { "type": "MultiPolygon", "coordinates": [ [ [ [ 133.898000352000054, -2.713807423 ], [ 133.897463645000016, -2.714247417000024 ], [ 133.897452776000023, -2.714107275 ], [ 133.898000352000054, -2.713807423 ] ] ], [ [ [ 133.892597668, -2.711874681999973 ], [ 133.895430887999964, -2.711469982999972 ], [ 133.89786076200005, -2.713680437999983 ], [ 133.892597668, -2.711874681999973 ] ] ], [ [ [ 133.894683986000018, -2.710785140999974 ], [ 133.894551987999989, -2.711024706999979 ], [ 133.894458411999949, -2.710995251999975 ], [ 133.894683986000018, -2.710785140999974 ] ] ], [ [ [ 133.893538731000035, -2.709734684000011 ], [ 133.892285915, -2.709482174000016 ], [ 133.892315936000045, -2.708613102000015 ], [ 133.893538731000035, -2.709734684000011 ] ] ], [ [ [ 133.889601413000037, -2.705780834999985 ], [ 133.890333104999968, -2.710009942999989 ], [ 133.888143131999982, -2.706138552000027 ], [ 133.889601413000037, -2.705780834999985 ] ] ], [ [ [ 133.889459303999956, -2.705626653000024 ], [ 133.887927286000036, -2.705793046 ], [ 133.888014168000041, -2.704058761999988 ], [ 133.889459303999956, -2.705626653000024 ] ] ], [ [ [ 133.867161383000052, -2.696001613000021 ], [ 133.858601657, -2.707437009999978 ], [ 133.848729079, -2.70187496 ], [ 133.852978279000013, -2.688948185000015 ], [ 133.867161383000052, -2.696001613000021 ] ] ], [ [ [ 133.84951946000001, -2.687416122 ], [ 133.850261949000014, -2.688589289999982 ], [ 133.848671974000013, -2.687306041999989 ], [ 133.84951946000001, -2.687416122 ] ] ], [ [ [ 133.847641966999959, -2.687292064000019 ], [ 133.843663118, -2.694662207000022 ], [ 133.850384115, -2.689451409000014 ], [ 133.84588644400003, -2.698697327 ], [ 133.853847383000016, -2.711589439000022 ], [ 133.871622484, -2.718134973000019 ], [ 133.859311200999969, -2.711414118999983 ], [ 133.867752033999977, -2.701105582000025 ], [ 133.869084814999951, -2.706781007000018 ], [ 133.871654262999982, -2.71001106 ], [ 133.869133426999952, -2.697022537 ], [ 133.885986531999947, -2.702313675000028 ], [ 133.877758286000017, -2.706872407 ], [ 133.886969429000033, -2.709170068999981 ], [ 133.880663053000035, -2.709983094999984 ], [ 133.877003051999964, -2.713058895000017 ], [ 133.887193572, -2.709836616000018 ], [ 133.884066916000052, -2.710983503000023 ], [ 133.880827066000052, -2.713754524000024 ], [ 133.876223176000053, -2.715566831 ], [ 133.88009158, -2.715776107000011 ], [ 133.887648677000016, -2.710126639 ], [ 133.88963745, -2.715213227999982 ], [ 133.888192498999956, -2.713679317000015 ], [ 133.886050415999989, -2.714072729 ], [ 133.878130447999979, -2.72049814899998 ], [ 133.888055507999979, -2.714114879000022 ], [ 133.883607378999955, -2.72532105099998 ], [ 133.88943335700003, -2.719549062999988 ], [ 133.886945123000032, -2.729630475000022 ], [ 133.895834493000052, -2.725441788000012 ], [ 133.894201383999985, -2.738407489 ], [ 133.886784283, -2.737312651000025 ], [ 133.884872485999949, -2.743620419000024 ], [ 133.894989495, -2.739583352000011 ], [ 133.897338205999972, -2.729482674 ], [ 133.890847304999966, -2.712002708 ], [ 133.902913278000028, -2.718276710999987 ], [ 133.914157185000022, -2.757845026999973 ], [ 133.909628308000038, -2.800728298000024 ], [ 133.927836061999983, -2.835281037000016 ], [ 133.895116737999956, -2.835080823999988 ], [ 133.851804392999952, -2.87769928 ], [ 133.826832707, -2.874570139000014 ], [ 133.818878985999959, -2.850077990999978 ], [ 133.805134264, -2.836181985 ], [ 133.796915143999968, -2.790280435999989 ], [ 133.801273568000056, -2.751444325000023 ], [ 133.84402038099995, -2.746266995999974 ], [ 133.835605179000027, -2.743832320000024 ], [ 133.826398016999974, -2.689876895999987 ], [ 133.847641966999959, -2.687292064000019 ] ] ] ] } },
{ "type": "Feature", "properties": { "NAME": "Pegunungan Wondiboy", "DESIG_ENG": "Nature Reserve", "IUCN_CAT": "Ia", "STATUS": "Designated", "STATUS_YR": 0, "GIS_AREA": 719.57985193248396 }, "geometry": { "type": "Polygon", "coordinates": [ [ [ 134.535240457999976, -2.493477852000012 ], [ 134.590030946999946, -2.501539874 ], [ 134.589533073999974, -2.502686204999975 ], [ 134.590152056999955, -2.503941441 ], [ 134.58894627799998, -2.505559335999976 ], [ 134.58941887900005, -2.505875113 ], [ 134.589655462999986, -2.506872691000012 ], [ 134.590720811999972, -2.508027529 ], [ 134.589950238000029, -2.513748188000022 ], [ 134.590352651999979, -2.516142732999981 ], [ 134.587744983, -2.518858937 ], [ 134.587626286000045, -2.519505626000011 ], [ 134.590524102000018, -2.516160845 ], [ 134.590892274, -2.508006331999979 ], [ 134.589543726999977, -2.505742425 ], [ 134.589123032999964, -2.505555437999988 ], [ 134.590496909999956, -2.504026074000024 ], [ 134.590099525000028, -2.501335341000015 ], [ 134.60188881800002, -2.504463789 ], [ 134.617843687, -2.544175626000026 ], [ 134.638488829000039, -2.55615687300002 ], [ 134.65469366100001, -2.617674110999985 ], [ 134.645197478360018, -2.757206755570039 ], [ 134.637408044644616, -2.75778420431691 ], [ 134.645205348025172, -2.757302790931742 ], [ 134.648834283000042, -2.837576626999976 ], [ 134.664784656000052, -2.885499986000013 ], [ 134.643249566, -2.946306943000025 ], [ 134.621411374, -2.96574621000002 ], [ 134.618903069999988, -2.958823962 ], [ 134.590458070999944, -2.963170656999978 ], [ 134.557741870999962, -2.956384304999972 ], [ 134.560823647, -2.938198173999979 ], [ 134.534661920999952, -2.888156045000017 ], [ 134.538098622, -2.85450046 ], [ 134.514758155999971, -2.75639435 ], [ 134.499482782999962, -2.631358848 ], [ 134.501132416000019, -2.632875144000025 ], [ 134.502505644000053, -2.633565712 ], [ 134.50559609000004, -2.633417468 ], [ 134.506784297999957, -2.632070386 ], [ 134.50519443099995, -2.628886787 ], [ 134.507614409999974, -2.630344788 ], [ 134.508229225000036, -2.630079716000012 ], [ 134.508565491000013, -2.629133808 ], [ 134.510417194999945, -2.629904811000017 ], [ 134.51437819299997, -2.62833292 ], [ 134.520164220999959, -2.622714858999984 ], [ 134.525283502999969, -2.623906948000013 ], [ 134.530299097000011, -2.6231881 ], [ 134.539271164999946, -2.619808173000024 ], [ 134.543267446999948, -2.621059365 ], [ 134.555354008, -2.621245814000019 ], [ 134.570974159, -2.61784093 ], [ 134.571442726999976, -2.617460688 ], [ 134.572124508, -2.616013748 ], [ 134.555477397, -2.620981654 ], [ 134.538135487999966, -2.619448277 ], [ 134.520037640000055, -2.622410747 ], [ 134.505286577, -2.628518411000016 ], [ 134.502273434000017, -2.633337892999975 ], [ 134.48187293, -2.581300369000019 ], [ 134.483878384000036, -2.551280849000022 ], [ 134.511193348, -2.549710725000011 ], [ 134.504907372000048, -2.53965123 ], [ 134.516030325999964, -2.502587748 ], [ 134.535240457999976, -2.493477852000012 ] ], [ [ 134.587878154, -2.50460181699998 ], [ 134.588007372999982, -2.504614533 ], [ 134.588776044000042, -2.503234669999983 ], [ 134.588802719, -2.502611455000022 ], [ 134.587878154, -2.50460181699998 ] ], [ [ 134.568875630999969, -2.834280724999985 ], [ 134.561324075000016, -2.832973783999989 ], [ 134.557937907999985, -2.835496526999975 ], [ 134.554377400000021, -2.833155748000024 ], [ 134.552201785999955, -2.832702988999984 ], [ 134.551756922999971, -2.832977197 ], [ 134.557920577, -2.835833496000021 ], [ 134.568875630999969, -2.834280724999985 ] ], [ [ 134.57516707100001, -2.889204850999988 ], [ 134.564168411999958, -2.898779202000014 ], [ 134.567442124999957, -2.896391252 ], [ 134.575280249, -2.889415739000015 ], [ 134.583601567999949, -2.89141113 ], [ 134.58741768799996, -2.891319773000021 ], [ 134.588090892999958, -2.890840906999983 ], [ 134.57516707100001, -2.889204850999988 ] ], [ [ 134.617941773394165, -2.792291872671695 ], [ 134.618825702978199, -2.790713486112618 ], [ 134.586680758940162, -2.795410099838729 ], [ 134.617941773394165, -2.792291872671695 ] ], [ [ 134.586632132450461, -2.795658664267997 ], [ 134.585257884943559, -2.802683416606394 ], [ 134.589239153918442, -2.820161237328005 ], [ 134.586632132450461, -2.795658664267997 ] ] ] } },
{ "type": "Feature", "properties": { "NAME": "Teluk Youtefa", "DESIG_ENG": "Nature Recreation Park", "IUCN_CAT": "V", "STATUS": "Designated", "STATUS_YR": 0, "GIS_AREA": 17.8889972383014 }, "geometry": { "type": "MultiPolygon", "coordinates": [ [ [ [ 140.711408587837212, -2.595826421181855 ], [ 140.71193664211944, -2.596089680110917 ], [ 140.711834870409717, -2.596338437764124 ], [ 140.711408587837212, -2.595826421181855 ] ] ], [ [ [ 140.713912456, -2.588270564000027 ], [ 140.716955125778469, -2.59171291561851 ], [ 140.71554539006388, -2.591272162918646 ], [ 140.713912456, -2.588270564000027 ] ] ], [ [ [ 140.712692254, -2.588180304 ], [ 140.712174751980314, -2.590218335722372 ], [ 140.707221876136913, -2.588669823205113 ], [ 140.712692254, -2.588180304 ] ] ], [ [ [ 140.710965319368171, -2.595294002497164 ], [ 140.710577149116205, -2.594827763390578 ], [ 140.710975054920368, -2.595197109894156 ], [ 140.710965319368171, -2.595294002497164 ] ] ], [ [ [ 140.731130324, -2.618763157999979 ], [ 140.742780098000026, -2.62899848 ], [ 140.727102651, -2.635692749999976 ], [ 140.73777106498278, -2.627490923367409 ], [ 140.731130324, -2.618763157999979 ] ] ], [ [ [ 140.715589716271211, -2.631107821907506 ], [ 140.712261470000044, -2.631748379999976 ], [ 140.711329943343287, -2.630047164373523 ], [ 140.715589716271211, -2.631107821907506 ] ] ], [ [ [ 140.706710642999951, -2.629059536 ], [ 140.697030891000054, -2.623739511 ], [ 140.696476645999951, -2.621773938999979 ], [ 140.69899061000001, -2.619576688 ], [ 140.698186945999964, -2.618424602 ], [ 140.686613789508925, -2.613890517997286 ], [ 140.707431014829581, -2.618285094181699 ], [ 140.697080043809024, -2.622034232893538 ], [ 140.706710642999951, -2.629059536 ] ] ], [ [ [ 140.686441384836712, -2.613263081797178 ], [ 140.68658265199997, -2.612728039 ], [ 140.687090206047117, -2.612461725305129 ], [ 140.686441384836712, -2.613263081797178 ] ] ], [ [ [ 140.688895525383003, -2.610231982585866 ], [ 140.689072870000018, -2.609346808 ], [ 140.689767931304743, -2.609154477507626 ], [ 140.688895525383003, -2.610231982585866 ] ] ], [ [ [ 140.68999457651509, -2.608874548911295 ], [ 140.689206174999981, -2.606404145999988 ], [ 140.693276164355581, -2.604821472843511 ], [ 140.68999457651509, -2.608874548911295 ] ] ], [ [ [ 140.690867391128791, -2.597354178278203 ], [ 140.690871627999968, -2.599019204 ], [ 140.690622339000015, -2.597410629000024 ], [ 140.690867391128791, -2.597354178278203 ] ] ], [ [ [ 140.692616379736023, -2.592810437136251 ], [ 140.694416766000018, -2.590700430000027 ], [ 140.696763254230376, -2.589902119048025 ], [ 140.692616379736023, -2.592810437136251 ] ] ], [ [ [ 140.698616626025995, -2.573500726492343 ], [ 140.69945980859822, -2.584301243231263 ], [ 140.691647492000016, -2.585286978 ], [ 140.692445701999986, -2.573695163000025 ], [ 140.698616626025995, -2.573500726492343 ] ] ], [ [ [ 140.701262693119872, -2.573153041437283 ], [ 140.702298119000034, -2.572974435999981 ], [ 140.702396328703998, -2.573004085217919 ], [ 140.701262693119872, -2.573153041437283 ] ] ], [ [ [ 140.703039686000011, -2.573198317 ], [ 140.708969384000056, -2.574161590000017 ], [ 140.710891716999981, -2.583289073 ], [ 140.701843002141828, -2.58402044097108 ], [ 140.703039686000011, -2.573198317 ] ] ], [ [ [ 140.706234540591595, -2.5981279200674 ], [ 140.70632377132506, -2.596941163903571 ], [ 140.707890645736796, -2.597655001676907 ], [ 140.706234540591595, -2.5981279200674 ] ] ], [ [ [ 140.705553178236613, -2.596135260733684 ], [ 140.705959416393938, -2.593844296277231 ], [ 140.70643892861375, -2.594670528621995 ], [ 140.705553178236613, -2.596135260733684 ] ] ], [ [ [ 140.700438074557582, -2.590977441955383 ], [ 140.701264278123944, -2.591575225816017 ], [ 140.700721565148228, -2.591757018371693 ], [ 140.700438074557582, -2.590977441955383 ] ] ] ] } },
{ "type": "Feature", "properties": { "NAME": "Memberamo Foja", "DESIG_ENG": "Wildlife Reserve", "IUCN_CAT": "Not Reported", "STATUS": "Designated", "STATUS_YR": 0, "GIS_AREA": 17681.958191019701 }, "geometry": { "type": "MultiPolygon", "coordinates": [ [ [ [ 138.026465583, -2.310037313 ], [ 138.020487079999953, -2.307302339999978 ], [ 138.027898553, -2.303192895 ], [ 138.026465583, -2.310037313 ] ] ], [ [ [ 137.932728000999987, -1.459145001000024 ], [ 137.968155041821802, -1.531389982161896 ], [ 137.950249440059707, -1.520156177265713 ], [ 137.954643839000028, -1.544090278999988 ], [ 137.944643418000055, -1.555316522999988 ], [ 137.945929478000039, -1.570803507 ], [ 137.933066906000022, -1.57755081800002 ], [ 137.941030744000045, -1.592893559 ], [ 137.932826298, -1.619111056 ], [ 137.940286713999967, -1.631052082 ], [ 137.953905106999969, -1.61489296000002 ], [ 137.950538875, -1.582133554 ], [ 137.959984343999963, -1.57945772 ], [ 137.954103468999961, -1.571153639999977 ], [ 137.959203025745154, -1.5406465122068 ], [ 137.966289168010803, -1.544258240125723 ], [ 137.980107292617475, -1.529822587042689 ], [ 138.063476881000042, -1.599098546999983 ], [ 138.117744320000043, -1.621587009 ], [ 138.175812931, -1.631656802 ], [ 138.176376343000015, -1.646695495000017 ], [ 138.19117148700002, -1.648253494000016 ], [ 138.184922959, -1.657556202000023 ], [ 138.194681363999962, -1.660408125 ], [ 138.183795960999987, -1.661726799 ], [ 138.189372048999985, -1.668448486999978 ], [ 138.17964870000003, -1.668865106 ], [ 138.184896275000028, -1.676327592 ], [ 138.176445524999963, -1.674861072999988 ], [ 138.178436015999978, -1.681641118000016 ], [ 138.163466675, -1.681261598 ], [ 138.170117992999963, -1.692089591000013 ], [ 138.161793338000052, -1.688864523 ], [ 138.15914236499998, -1.701598955 ], [ 138.173561594000034, -1.713744593 ], [ 138.164408015000049, -1.721284589999982 ], [ 138.174256462000017, -1.743663845000015 ], [ 138.153955138000015, -1.771559986999989 ], [ 138.155519983999966, -1.783218879 ], [ 138.165719632, -1.78573546299998 ], [ 138.155283844, -1.787867547000019 ], [ 138.157946967000044, -1.807809728999985 ], [ 138.148604241000044, -1.804284508000023 ], [ 138.150356237999972, -1.812338330999978 ], [ 138.143623914000045, -1.814916449 ], [ 138.142858582000031, -1.826178508 ], [ 138.152989767, -1.820854417000021 ], [ 138.159243565, -1.835672177 ], [ 138.155093248999947, -1.848130142 ], [ 138.144974596999987, -1.849652165 ], [ 138.155769416999988, -1.859123554 ], [ 138.147190527000021, -1.858018529 ], [ 138.14426508300005, -1.872014943000011 ], [ 138.160385005999956, -1.87469112399998 ], [ 138.147544575999973, -1.888942402999987 ], [ 138.163375674, -1.891232030000026 ], [ 138.151260377999961, -1.894349799 ], [ 138.153426387999957, -1.904268134 ], [ 138.162176340999963, -1.899762365000015 ], [ 138.170569065999985, -1.907807085 ], [ 138.154720350000048, -1.907902759000024 ], [ 138.149210866999965, -1.920078578000016 ], [ 138.154374006000012, -1.921862813000018 ], [ 138.157584925000037, -1.910774206999974 ], [ 138.165831432, -1.917578549999973 ], [ 138.163679322, -1.935954346000017 ], [ 138.188919390000024, -1.914465474999986 ], [ 138.185864581000033, -1.945289861999981 ], [ 138.193622763, -1.938021320000018 ], [ 138.21694713, -1.947296757 ], [ 138.219437139999968, -1.938405579 ], [ 138.228263168000012, -1.942384944000025 ], [ 138.235687085, -1.961957829000028 ], [ 138.230584141, -1.972378133 ], [ 138.242049720999944, -1.976578174 ], [ 138.23190840999996, -1.978611369000021 ], [ 138.238113997000028, -1.991350752000017 ], [ 138.250433730000054, -1.984395462 ], [ 138.245289061, -1.995969009000021 ], [ 138.252781973999959, -1.99960876 ], [ 138.258515078999949, -1.989480571 ], [ 138.25557152600004, -1.998044947999972 ], [ 138.262038164000046, -2.000251750000018 ], [ 138.256467137999948, -2.018125871 ], [ 138.262594368, -2.026246953999987 ], [ 138.253728728000056, -2.024245302 ], [ 138.24806093899997, -2.036027917000013 ], [ 138.260602457, -2.035160075000022 ], [ 138.253199750000022, -2.044835687999978 ], [ 138.262371566999946, -2.042989719 ], [ 138.266091437, -2.052464132000011 ], [ 138.288691288999985, -2.045887758999982 ], [ 138.282227182000042, -2.054589056999987 ], [ 138.287046697000051, -2.065571565000027 ], [ 138.292544231999955, -2.056404172999976 ], [ 138.310084671000027, -2.069869927000013 ], [ 138.292405757999973, -2.083045700000014 ], [ 138.304980871999987, -2.082903305 ], [ 138.305323769999973, -2.093952613999988 ], [ 138.317544481000027, -2.088863703000015 ], [ 138.314249164999978, -2.09862025000001 ], [ 138.324681910999971, -2.099186099 ], [ 138.315894559999947, -2.104584760000023 ], [ 138.326264938, -2.111082051999972 ], [ 138.312358753000012, -2.120758513999988 ], [ 138.326339088000054, -2.117279301 ], [ 138.323313053, -2.129435877999981 ], [ 138.333669515999986, -2.126298702999975 ], [ 138.345422468000038, -2.134449045 ], [ 138.333107617, -2.1319689 ], [ 138.338450384, -2.141123514000014 ], [ 138.35206335700002, -2.141212549999977 ], [ 138.344843796999953, -2.154349017000015 ], [ 138.359141443, -2.157929992999982 ], [ 138.360102576000031, -2.163564225000016 ], [ 138.351331681000033, -2.158664261000013 ], [ 138.35316013, -2.167359502000011 ], [ 138.343716220000033, -2.165374351000025 ], [ 138.348844762, -2.177595779 ], [ 138.357310582999958, -2.169423990999974 ], [ 138.357673836, -2.179336439 ], [ 138.365065717999983, -2.174751909 ], [ 138.373581468, -2.188426876 ], [ 138.368450717999963, -2.175959531999979 ], [ 138.37872167, -2.184553886 ], [ 138.383098640999947, -2.17719727399998 ], [ 138.395304564999947, -2.191727476999972 ], [ 138.400898692000055, -2.179345427999976 ], [ 138.405115084000045, -2.192212039000026 ], [ 138.414743976999944, -2.189459856999974 ], [ 138.40906763199996, -2.201801196000019 ], [ 138.419384169999944, -2.208836139000027 ], [ 138.420372083999951, -2.198181466 ], [ 138.430240132999984, -2.198158116 ], [ 138.424560221999968, -2.20665736 ], [ 138.439625587000023, -2.210639824 ], [ 138.477759662000039, -2.187156003999974 ], [ 138.492010438999955, -2.240317683 ], [ 138.518624506000037, -2.247857373999977 ], [ 138.518019052, -2.260602501 ], [ 138.545298425000055, -2.264703985999972 ], [ 138.548272946, -2.312925845 ], [ 138.536501657000031, -2.320884111 ], [ 138.545368023000037, -2.335081305000017 ], [ 138.540148361999968, -2.346386167999981 ], [ 138.543577650999964, -2.362518215000023 ], [ 138.563151352999967, -2.385437699000022 ], [ 138.627611828, -2.394037856000011 ], [ 138.651646633000041, -2.387288680999973 ], [ 138.684038964000024, -2.421828619 ], [ 138.747748079999951, -2.454878483000016 ], [ 138.881078742, -2.495605598999987 ], [ 138.934737238000025, -2.526420585999972 ], [ 138.97693987699995, -2.534664021000026 ], [ 139.072994894999965, -2.533320641999978 ], [ 139.109946177999973, -2.559927962000017 ], [ 139.092786478999983, -2.592074782 ], [ 139.097023967000041, -2.624897061000013 ], [ 139.05777547699995, -2.644590908 ], [ 139.042444545999956, -2.662177772 ], [ 139.058347989000026, -2.690082527000015 ], [ 139.043135925, -2.714674590000016 ], [ 139.028996603999985, -2.793059831 ], [ 139.039518546999943, -2.822589471000015 ], [ 139.08072629000003, -2.884452838000016 ], [ 139.097093667999957, -2.905829969000024 ], [ 139.12586404000001, -2.923653087 ], [ 139.139177851999989, -2.958732704999989 ], [ 139.154656167999974, -2.968041090999975 ], [ 139.145588978999967, -2.983688590999975 ], [ 139.114233601000024, -2.990037955999981 ], [ 139.111488692999956, -3.004154638999978 ], [ 139.121017389000031, -3.067743915 ], [ 139.14848465, -3.147904992 ], [ 139.197732402000042, -3.210605503000011 ], [ 139.231970050999962, -3.238007469000024 ], [ 139.304369631999975, -3.318865727 ], [ 139.326231546000031, -3.317183925999984 ], [ 139.355224939999971, -3.353704704999984 ], [ 139.376294462000033, -3.366090233000023 ], [ 139.434257738000042, -3.364058652999972 ], [ 139.472200581000038, -3.404479873000014 ], [ 139.479750567999986, -3.386758112999985 ], [ 139.498141031000046, -3.393311245 ], [ 139.541575298999987, -3.381440484 ], [ 139.620775846000015, -3.462225585999988 ], [ 139.697645677999958, -3.463021246999972 ], [ 139.752053099000022, -3.474319630000025 ], [ 139.750413279999975, -3.496368211 ], [ 139.800543522999988, -3.515570066 ], [ 139.806614986999989, -3.531306902999972 ], [ 139.924281141000051, -3.534271236 ], [ 140.023044475, -3.559867146999977 ], [ 140.095116307000012, -3.676907038000024 ], [ 140.117235184000037, -3.683324814 ], [ 140.126897812000038, -3.69549179 ], [ 140.15453529399997, -3.696212768 ], [ 140.163763045999985, -3.706871033000027 ], [ 140.18427085999997, -3.701341629000012 ], [ 140.208173752, -3.672683715 ], [ 140.224225997999952, -3.67352676500002 ], [ 140.236467361, -3.662652969000021 ], [ 140.259407553999949, -3.66892905200001 ], [ 140.22266842199997, -3.609061576999977 ], [ 140.257550742000035, -3.608406221 ], [ 140.351278988, -3.647344895 ], [ 140.445811617, -3.665998902000013 ], [ 140.461968091000017, -3.688419171000021 ], [ 140.459890533000021, -3.717661658 ], [ 140.438531744999977, -3.729277786000011 ], [ 140.386420306, -3.732989937000013 ], [ 140.278629339999952, -3.732537716000024 ], [ 140.190571800000043, -3.72633840200001 ], [ 139.947480101999986, -3.666840222000019 ], [ 139.812721408000016, -3.681616666000025 ], [ 139.787076091000017, -3.660077719000014 ], [ 139.771968334, -3.683017974999984 ], [ 139.754357845999948, -3.676619968000011 ], [ 139.727718586000037, -3.697493086 ], [ 139.682561803, -3.662727857 ], [ 139.666394901999979, -3.661037898000018 ], [ 139.652807904000042, -3.677141966000022 ], [ 139.654742331999955, -3.698601499 ], [ 139.643189697000025, -3.704526292000025 ], [ 139.626831056000015, -3.688820362 ], [ 139.619502143999966, -3.704143182 ], [ 139.59758332399997, -3.668656871 ], [ 139.596480509, -3.654258347 ], [ 139.613901485000042, -3.654709185 ], [ 139.619468149999989, -3.638150535000023 ], [ 139.604994917999989, -3.621881423 ], [ 139.58554683, -3.622833844000013 ], [ 139.560563786999978, -3.611667024999974 ], [ 139.537688538, -3.624587475 ], [ 139.489864489999945, -3.625649470999974 ], [ 139.446610297, -3.54557096100001 ], [ 139.406969259, -3.526260573 ], [ 139.387224346000039, -3.492771285 ], [ 139.376251668, -3.499260278 ], [ 139.379706103, -3.524452403999987 ], [ 139.373297907000051, -3.530069124000022 ], [ 139.344603299000028, -3.51326846500001 ], [ 139.326073001000054, -3.487330093000025 ], [ 139.320386051000014, -3.501476059000026 ], [ 139.309619661000056, -3.491420100000028 ], [ 139.296951803999946, -3.49588071 ], [ 139.292005418000031, -3.51151177700001 ], [ 139.318067792999955, -3.530910840999979 ], [ 139.315735550999989, -3.540785028000016 ], [ 139.303693375999956, -3.542827110000019 ], [ 139.275054598999986, -3.526336706 ], [ 139.26541716700001, -3.494056291 ], [ 139.257697648999965, -3.499086623999972 ], [ 139.25898095499997, -3.519261395 ], [ 139.247724475000041, -3.521350650999977 ], [ 139.164051083, -3.474215441000013 ], [ 139.078828606, -3.461963028000014 ], [ 139.060557525000036, -3.444119232 ], [ 139.037846221999985, -3.460842436 ], [ 138.973829338999963, -3.430721966000021 ], [ 138.931701353, -3.436543394000012 ], [ 138.891192357000023, -3.425918224999975 ], [ 138.878756809000038, -3.400829722000026 ], [ 138.81250985500003, -3.367252903 ], [ 138.80935022999995, -3.349480465999989 ], [ 138.797262741000054, -3.344897350999986 ], [ 138.80004998000004, -3.332990467 ], [ 138.792375102000051, -3.327580413000021 ], [ 138.736203689000035, -3.350875744 ], [ 138.723383773000023, -3.346664361000023 ], [ 138.714235676000044, -3.328098812 ], [ 138.705436530000043, -3.327829183 ], [ 138.70384534599998, -3.342276409000021 ], [ 138.715291416000014, -3.363336016 ], [ 138.705101223000042, -3.369064088000016 ], [ 138.681892105999964, -3.35948928 ], [ 138.659645541000032, -3.332999654 ], [ 138.627899663, -3.333359955 ], [ 138.601576873999988, -3.30972544399998 ], [ 138.583098415, -3.307728515 ], [ 138.569996669000034, -3.315494089000026 ], [ 138.566195823000044, -3.353043065 ], [ 138.557998740000016, -3.357831780000026 ], [ 138.527087431000041, -3.331093413000019 ], [ 138.506499297, -3.325737591 ], [ 138.486079414999949, -3.296494956 ], [ 138.416818242999966, -3.264986836999981 ], [ 138.357749987000034, -3.216639783 ], [ 138.306658557999981, -3.205214 ], [ 138.235637358999952, -3.210805875 ], [ 138.194907159377493, -3.195864278353314 ], [ 138.216012348091482, -3.173321412553159 ], [ 138.19478973216988, -3.195805842996227 ], [ 138.126958919, -3.184034399999973 ], [ 138.092975685000056, -3.164259405999985 ], [ 138.003159313999959, -3.137791779 ], [ 137.956207488000018, -3.139027339 ], [ 137.877323550000028, -3.156381778000025 ], [ 137.834726237000041, -3.154278214999977 ], [ 137.787395862000039, -3.139553214999978 ], [ 137.76320480000004, -3.122198776 ], [ 137.716926237000052, -3.116413965 ], [ 137.694838738000044, -3.125880026 ], [ 137.604911051000045, -3.122724651 ], [ 137.577564611999946, -3.132716588999983 ], [ 137.540678488000026, -3.123250526 ], [ 137.511754364000012, -3.148493401999986 ], [ 137.501236486000039, -3.149019278000026 ], [ 137.489140987000042, -3.137449651 ], [ 137.451802613000041, -3.144286277 ], [ 137.387643676000039, -3.134294276999981 ], [ 137.349779362000049, -3.143234464999978 ], [ 137.309811549999949, -3.173736277999978 ], [ 137.283482712000023, -3.179632717 ], [ 137.246826285, -3.205254281 ], [ 137.229063756999949, -3.202833415999976 ], [ 137.189750485, -3.106852778000018 ], [ 137.179410604000054, -3.100013403 ], [ 137.177830731999961, -3.075561091 ], [ 137.24742879300004, -3.065553528 ], [ 137.29564711, -3.034621028 ], [ 137.350688676, -3.020974344000024 ], [ 137.445398654999963, -3.030287523000027 ], [ 137.551776871000015, -2.989081963 ], [ 137.616830454000024, -2.993901907 ], [ 137.643155676, -3.019992039999977 ], [ 137.73734334400001, -3.019065585000021 ], [ 137.7682158, -3.010932903000025 ], [ 137.816578425999978, -3.021123708 ], [ 137.895261053000013, -3.011458101000017 ], [ 137.925027801000056, -2.986723465000011 ], [ 137.953856373, -2.979202093000026 ], [ 138.014115162000053, -2.985005463 ], [ 138.057620744000019, -2.968083375999981 ], [ 138.079023063000022, -2.979069548999973 ], [ 138.142690595999966, -2.929656180999984 ], [ 138.163650443000051, -2.899071601 ], [ 138.233366129000046, -2.884008263 ], [ 138.274641195999948, -2.846138204 ], [ 138.334003243999973, -2.831253620999973 ], [ 138.355317784000022, -2.802632381000024 ], [ 138.379720503000044, -2.727405014999988 ], [ 138.365687719999983, -2.661612070999979 ], [ 138.291373434999969, -2.548320423 ], [ 138.254148934, -2.517593373000011 ], [ 138.245025691000023, -2.486783636999974 ], [ 138.209540839000056, -2.442433723000022 ], [ 138.19107249800004, -2.388766348 ], [ 138.182482413, -2.378796823000016 ], [ 138.118717359000016, -2.356878401000017 ], [ 138.098216708999985, -2.325297854999974 ], [ 138.060693939999965, -2.315669266999976 ], [ 138.073406182999975, -2.291073768 ], [ 138.065895568999963, -2.284481604 ], [ 138.073200862000022, -2.264354788 ], [ 138.061372795000011, -2.246528335 ], [ 138.021251988000017, -2.265626402 ], [ 138.017004948000022, -2.282127718000027 ], [ 137.971099776999949, -2.302303645 ], [ 137.954986577999989, -2.298814736 ], [ 137.93935731900001, -2.26540345799998 ], [ 137.937024148999967, -2.230149681 ], [ 137.91160301900004, -2.207890921 ], [ 137.908659599999964, -2.175529196000014 ], [ 137.884363753, -2.134524723000027 ], [ 137.85990394199996, -2.141785508999988 ], [ 137.850032350999982, -2.123781784000016 ], [ 137.801030946999958, -2.10761041 ], [ 137.778303424, -2.059360353999978 ], [ 137.774066740999956, -2.022890032000021 ], [ 137.782489836999957, -1.981457842999987 ], [ 137.791387695000026, -1.977651706000017 ], [ 137.805936700999951, -1.985197320999987 ], [ 137.82151271400005, -1.963423407 ], [ 137.822366709, -1.948859674 ], [ 137.849417360999951, -1.950550422 ], [ 137.864842466000027, -1.923458848999985 ], [ 137.845407488999967, -1.867348328 ], [ 137.824521891000018, -1.836948668 ], [ 137.824258558999986, -1.816596507999975 ], [ 137.839180159999955, -1.796849126999973 ], [ 137.849173615000041, -1.80450184 ], [ 137.880251674999954, -1.800027527 ], [ 137.890719237999974, -1.768867402000012 ], [ 137.883068871999967, -1.754318029 ], [ 137.85708412300005, -1.756949795000025 ], [ 137.81604267900002, -1.784417788999974 ], [ 137.799669395000024, -1.757460901 ], [ 137.851399113999946, -1.755285475999983 ], [ 137.893253054999946, -1.724853992000021 ], [ 137.896518173, -1.711373292000019 ], [ 137.879316330000051, -1.700497181 ], [ 137.81708834899996, -1.733842084 ], [ 137.799928238, -1.726749117999987 ], [ 137.843332833999966, -1.64093268900001 ], [ 137.871538308000027, -1.640328211999986 ], [ 137.858281097000031, -1.615894234 ], [ 137.875116801, -1.572441734999984 ], [ 137.865513979999946, -1.529924568000013 ], [ 137.883752641, -1.516688863000013 ], [ 137.889270005999947, -1.484017843 ], [ 137.932728000999987, -1.459145001000024 ] ], [ [ 138.23184276782959, -3.168253354208966 ], [ 138.232140270545443, -3.167044177912497 ], [ 138.216012348091482, -3.173321412553159 ], [ 138.23184276782959, -3.168253354208966 ] ], [ [ 137.970523666999952, -1.836650444999975 ], [ 137.964828675000035, -1.840564428 ], [ 137.971024356000044, -1.839112164000028 ], [ 137.970523666999952, -1.836650444999975 ] ], [ [ 137.998016743, -1.890334720999988 ], [ 138.003869056999974, -1.892702453000027 ], [ 138.003690361000054, -1.889709283 ], [ 137.998016743, -1.890334720999988 ] ], [ [ 137.937825570999962, -1.905674072000011 ], [ 137.936246919000041, -1.904212503 ], [ 137.936175336000019, -1.905438323 ], [ 137.937825570999962, -1.905674072000011 ] ], [ [ 138.273945610000055, -2.224854838999988 ], [ 138.27810411300004, -2.22557844 ], [ 138.274327955, -2.223494718999973 ], [ 138.273945610000055, -2.224854838999988 ] ], [ [ 138.345750015000021, -2.311684887000013 ], [ 138.348231540000029, -2.312697691999972 ], [ 138.348057489999974, -2.310003301 ], [ 138.345750015000021, -2.311684887000013 ] ], [ [ 138.282572113000015, -2.354618400999982 ], [ 138.287585393999962, -2.352186898000014 ], [ 138.287946064000039, -2.350518810999972 ], [ 138.28424922, -2.349572057999978 ], [ 138.282572113000015, -2.354618400999982 ] ], [ [ 138.409080912000036, -2.640203768 ], [ 138.410399022999968, -2.646601424999972 ], [ 138.412488710000048, -2.640203768 ], [ 138.409080912000036, -2.640203768 ] ], [ [ 138.383623452000052, -2.766333904000021 ], [ 138.39106838400005, -2.763430368 ], [ 138.388238867000041, -2.755611964000025 ], [ 138.381056399000045, -2.759345812 ], [ 138.383623452000052, -2.766333904000021 ] ], [ [ 138.406722762999948, -2.763714623 ], [ 138.409847860000013, -2.768476114 ], [ 138.410716236999974, -2.765429335000022 ], [ 138.406722762999948, -2.763714623 ] ], [ [ 138.009015143000056, -2.991223497000021 ], [ 138.013962498999945, -2.986968336000018 ], [ 138.010022740999943, -2.986527807000016 ], [ 138.009015143000056, -2.991223497000021 ] ], [ [ 137.348395499000048, -3.032582164000019 ], [ 137.351858279999988, -3.027593411 ], [ 137.346785905000047, -3.028134439999974 ], [ 137.348395499000048, -3.032582164000019 ] ], [ [ 137.618695006000053, -3.046857583000019 ], [ 137.626751965000039, -3.045189118 ], [ 137.621305443999972, -3.042133931000023 ], [ 137.618695006000053, -3.046857583000019 ] ], [ [ 138.087154516000055, -3.063486292 ], [ 138.092317740999988, -3.061004731000025 ], [ 138.089165322999975, -3.056232099999988 ], [ 138.087154516000055, -3.063486292 ] ], [ [ 139.094974807999961, -3.060522967 ], [ 139.092860779000034, -3.067893957000024 ], [ 139.096985376000021, -3.066370791999987 ], [ 139.094974807999961, -3.060522967 ] ], [ [ 137.245960614999944, -3.168293359000018 ], [ 137.247232169999961, -3.186090616 ], [ 137.263298137999982, -3.18337176 ], [ 137.260803120999981, -3.166253696000012 ], [ 137.245960614999944, -3.168293359000018 ] ], [ [ 138.442084375000036, -3.233064389 ], [ 138.447970242, -3.234961484 ], [ 138.449234973999978, -3.232553630999973 ], [ 138.442084375000036, -3.233064389 ] ], [ [ 138.559507199, -3.275263675000019 ], [ 138.578963356000031, -3.295512965 ], [ 138.631358037000041, -3.301861595999981 ], [ 138.648938849000047, -3.295858497999973 ], [ 138.654245604000039, -3.271542709000016 ], [ 138.615903853999953, -3.265083313 ], [ 138.609730958, -3.243602779000014 ], [ 138.600319400999979, -3.238944785 ], [ 138.588798365, -3.253489533 ], [ 138.564082667999969, -3.262725591 ], [ 138.559507199, -3.275263675000019 ] ], [ [ 138.707094361000031, -3.31513508 ], [ 138.716076274999978, -3.315046064 ], [ 138.711568035000028, -3.310531481 ], [ 138.707094361000031, -3.31513508 ] ], [ [ 138.890886670999976, -3.41369541 ], [ 138.896996789000013, -3.41369541 ], [ 138.89329714500002, -3.409675821 ], [ 138.890886670999976, -3.41369541 ] ], [ [ 139.74880715300003, -3.50488759000001 ], [ 139.753098972999965, -3.504398648 ], [ 139.748915808, -3.50314913 ], [ 139.74880715300003, -3.50488759000001 ] ], [ [ 139.783079845999964, -3.531634254999972 ], [ 139.783039100999986, -3.541779792999989 ], [ 139.787072868999985, -3.533141823999983 ], [ 139.783079845999964, -3.531634254999972 ] ], [ [ 139.907485870999949, -3.651877371000012 ], [ 139.916308617000027, -3.650730006 ], [ 139.911798219000048, -3.646222635000015 ], [ 139.907485870999949, -3.651877371000012 ] ], [ [ 140.301917653000032, -3.724114097999973 ], [ 140.305104517000018, -3.730494850000014 ], [ 140.306244333999985, -3.728304117 ], [ 140.301917653000032, -3.724114097999973 ] ], [ [ 140.230451873, -3.680796214 ], [ 140.229041198, -3.67659126 ], [ 140.224564818999966, -3.67837307100001 ], [ 140.230451873, -3.680796214 ] ], [ [ 138.116965110751522, -3.117140781421909 ], [ 138.074658690446398, -3.131349083193568 ], [ 138.141387564401242, -3.114246825456325 ], [ 138.116965110751522, -3.117140781421909 ] ], [ [ 138.176784722636938, -3.110052414087584 ], [ 138.174766808535367, -3.110291528250152 ], [ 138.214336696277684, -3.137045444817593 ], [ 138.176784722636938, -3.110052414087584 ] ], [ [ 138.23573641230567, -3.152427943694574 ], [ 138.235134312839904, -3.151995143822648 ], [ 138.233585561004588, -3.161169908967486 ], [ 138.23573641230567, -3.152427943694574 ] ], [ [ 137.899771375152227, -3.015205646199302 ], [ 137.898422976439292, -3.014743957067983 ], [ 137.907895610194373, -3.051074757394116 ], [ 137.899771375152227, -3.015205646199302 ] ], [ [ 138.053869610395822, -2.983467030659699 ], [ 138.05357418669945, -2.983072232197697 ], [ 138.040985816642234, -2.989034636639159 ], [ 138.053869610395822, -2.983467030659699 ] ], [ [ 138.143706978794114, -3.046795384699243 ], [ 138.143861232034936, -3.046644169952003 ], [ 138.125044044447208, -3.027288935735768 ], [ 138.143706978794114, -3.046795384699243 ] ], [ [ 138.151694693355466, -3.038965012825013 ], [ 138.151578216678246, -3.038819515071439 ], [ 138.147523128202181, -3.043054406129803 ], [ 138.151694693355466, -3.038965012825013 ] ], [ [ 138.124399449484002, -2.977554044305414 ], [ 138.123924457747535, -2.977438045229613 ], [ 138.101743602185564, -3.000000011890978 ], [ 138.124399449484002, -2.977554044305414 ] ], [ [ 138.176098038094523, -3.002992729515568 ], [ 138.176057556910763, -2.996681384937899 ], [ 138.172860645436799, -2.991394140331932 ], [ 138.176098038094523, -3.002992729515568 ] ] ], [ [ [ 137.954807286027574, -1.532601920242366 ], [ 137.957561300613634, -1.530115103229429 ], [ 137.959005474223318, -1.533454117813276 ], [ 137.954807286027574, -1.532601920242366 ] ] ] ] } },
{ "type": "Feature", "properties": { "NAME": "Pegunungan Cycloops", "DESIG_ENG": "Nature Reserve", "IUCN_CAT": "Ia", "STATUS": "Designated", "STATUS_YR": 0, "GIS_AREA": 315.03615275854702 }, "geometry": { "type": "Polygon", "coordinates": [ [ [ 140.472649911999952, -2.433473236999987 ], [ 140.483883797999965, -2.436883328000022 ], [ 140.488755676999972, -2.453649977 ], [ 140.521520831999965, -2.440854166 ], [ 140.518574713000021, -2.449153478000028 ], [ 140.534509266999976, -2.461817285 ], [ 140.573817273000031, -2.463485712000022 ], [ 140.577397253999948, -2.472849973 ], [ 140.586759671999971, -2.473339166000017 ], [ 140.591559769000014, -2.464327491 ], [ 140.607540853000046, -2.463237217000028 ], [ 140.625353090999965, -2.480825696000011 ], [ 140.675667424000039, -2.50003436999998 ], [ 140.694538544418435, -2.477975496372059 ], [ 140.701994692999961, -2.490584179 ], [ 140.695395905000055, -2.50825279999998 ], [ 140.705456829000013, -2.510524111 ], [ 140.708338891000039, -2.528606780000018 ], [ 140.685937618000025, -2.543620775000022 ], [ 140.680765003000033, -2.561377331000017 ], [ 140.656478960999948, -2.573813986 ], [ 140.608428845000049, -2.564179723999985 ], [ 140.575898148999954, -2.565172442 ], [ 140.574988509000036, -2.573706457000014 ], [ 140.56427506600005, -2.573524707 ], [ 140.550576808999949, -2.548254832 ], [ 140.533427412000037, -2.535678280000013 ], [ 140.48419847699995, -2.546325707 ], [ 140.456725396000024, -2.525177406000012 ], [ 140.448348868000039, -2.526998659000014 ], [ 140.445971250999946, -2.503378737999981 ], [ 140.422892862000026, -2.510846621999974 ], [ 140.396067663000053, -2.460514897999985 ], [ 140.396949351999979, -2.448911173 ], [ 140.418168330999947, -2.435670196 ], [ 140.451164002000041, -2.444163031000016 ], [ 140.472649911999952, -2.433473236999987 ] ] ] } },
{ "type": "Feature", "properties": { "NAME": "Teluk Bintuni", "DESIG_ENG": "Nature Reserve", "IUCN_CAT": "Ia", "STATUS": "Designated", "STATUS_YR": 0, "GIS_AREA": 1066.6587231339799 }, "geometry": { "type": "MultiPolygon", "coordinates": [ [ [ [ 133.863335065, -2.385087200999976 ], [ 133.876894270999969, -2.388631916 ], [ 133.873377528999981, -2.396839785 ], [ 133.890035120999983, -2.399030467999978 ], [ 133.891647201999945, -2.406706430999975 ], [ 133.890604941, -2.39905343800001 ], [ 133.876282489, -2.39097049999998 ], [ 133.912184274999959, -2.395701407999979 ], [ 133.909959704000016, -2.398592184999984 ], [ 133.912886943, -2.41106365600001 ], [ 133.911573775999955, -2.412734097 ], [ 133.907140156999958, -2.414571353999975 ], [ 133.903954885999951, -2.417404879 ], [ 133.913351532999968, -2.412397739000028 ], [ 133.913065692000032, -2.395860101999972 ], [ 133.921292895999954, -2.402535393999983 ], [ 133.921593390999988, -2.396298378999973 ], [ 133.94118423527857, -2.396018077031878 ], [ 133.950116492, -2.441623489 ], [ 133.959173979100967, -2.437113717476534 ], [ 133.98429249000003, -2.448932021000019 ], [ 133.974732712844514, -2.476453359634784 ], [ 133.956036340999958, -2.464712653 ], [ 133.899479860000042, -2.476021382999988 ], [ 133.84030278279738, -2.397627606223945 ], [ 133.863335065, -2.385087200999976 ] ] ], [ [ [ 134.033997810999949, -2.384906703000013 ], [ 134.020212009000034, -2.437904084000024 ], [ 134.03244659500001, -2.503874422000024 ], [ 133.980180411, -2.508294924999973 ], [ 133.951778099999956, -2.501891938000028 ], [ 133.953523004999965, -2.489873021999983 ], [ 133.974052829000016, -2.485979703999988 ], [ 133.986620668, -2.447781238 ], [ 133.996483936, -2.449791504000018 ], [ 134.001720506999959, -2.45279896400001 ], [ 134.003773427000056, -2.45333221300001 ], [ 133.969755373, -2.434658437 ], [ 133.951515796445591, -2.43133206781476 ], [ 133.951121434000015, -2.395089042 ], [ 133.966124312003416, -2.387216519280049 ], [ 133.983905625000034, -2.391615917000024 ], [ 133.988027131901333, -2.389676052828296 ], [ 134.003145538000012, -2.401510315999985 ], [ 134.025510106999945, -2.381694539000023 ], [ 134.033997810999949, -2.384906703000013 ] ] ], [ [ [ 133.989266778, -2.38970752 ], [ 133.98870470199995, -2.389372106999986 ], [ 133.988561973350357, -2.389168709080424 ], [ 133.989115828999957, -2.386187477000021 ], [ 133.986378435834439, -2.379595980731848 ], [ 133.988733635000017, -2.365695717999984 ], [ 133.989266778, -2.38970752 ] ] ], [ [ [ 133.805648295317127, -2.353140248515458 ], [ 133.805107693964914, -2.342375295583393 ], [ 133.815185127192024, -2.335422803219794 ], [ 133.84706017978354, -2.343407366556699 ], [ 133.834224283000026, -2.352953818 ], [ 133.805648295317127, -2.353140248515458 ] ] ], [ [ [ 133.947894949999977, -2.332120427 ], [ 133.965621500999987, -2.360858238999981 ], [ 133.962810933127201, -2.353969874031734 ], [ 133.986092652796259, -2.366276377210044 ], [ 133.98587450399998, -2.380459807000022 ], [ 133.988013653000053, -2.388727916999983 ], [ 133.967979373000048, -2.385099188000027 ], [ 133.950603141999977, -2.392670683 ], [ 133.87881046543643, -2.374006429773463 ], [ 133.873604820999958, -2.369188856999983 ], [ 133.88212506800005, -2.363775310999984 ], [ 133.884019545, -2.362182265 ], [ 133.885936153999978, -2.360065857999984 ], [ 133.871978687000023, -2.369307479999975 ], [ 133.848820548000049, -2.360659214 ], [ 133.88871116200005, -2.341380975999982 ], [ 133.891946913999959, -2.34818558 ], [ 133.907117661000029, -2.364697534000015 ], [ 133.889456172999985, -2.340832729999988 ], [ 133.914991546647059, -2.331465059824803 ], [ 133.917942197, -2.337996272 ], [ 133.916160795999986, -2.34437141 ], [ 133.918128906999982, -2.349934916 ], [ 133.925162361000048, -2.356441403000019 ], [ 133.936248007000017, -2.360255110000026 ], [ 133.918523858999947, -2.349641437 ], [ 133.920162928999957, -2.338307973999974 ], [ 133.916182804461215, -2.331363110140433 ], [ 133.947894949999977, -2.332120427 ] ] ], [ [ [ 133.811416, -2.326023191 ], [ 133.816231701010906, -2.321274211766999 ], [ 133.829311112323353, -2.320060429082642 ], [ 133.821645386, -2.330693616000019 ], [ 133.811416, -2.326023191 ] ] ], [ [ [ 133.829871871869415, -2.320097691046607 ], [ 133.82980282799997, -2.321717595999985 ], [ 133.825571282467763, -2.327899352921188 ], [ 133.829871871869415, -2.320097691046607 ] ] ], [ [ [ 133.856966378000038, -2.310552942000015 ], [ 133.846397582, -2.335453124000026 ], [ 133.824242164, -2.330821161000017 ], [ 133.832171348999964, -2.319182886000021 ], [ 133.856966378000038, -2.310552942000015 ] ] ], [ [ [ 133.870439171067602, -2.306918779662845 ], [ 133.87021809700002, -2.306382856000027 ], [ 133.871440800145848, -2.306611319324343 ], [ 133.870439171067602, -2.306918779662845 ] ] ], [ [ [ 133.887221390383331, -2.306063342862338 ], [ 133.889870156582589, -2.305138933714806 ], [ 133.891354940877932, -2.307090092034075 ], [ 133.887221390383331, -2.306063342862338 ] ] ], [ [ [ 133.92064093099998, -2.278448304999984 ], [ 133.926035449276583, -2.275680795632168 ], [ 133.924393088272041, -2.284034939113511 ], [ 133.924282035000033, -2.283140263 ], [ 133.918217144999971, -2.282450279999978 ], [ 133.92064093099998, -2.278448304999984 ] ] ], [ [ [ 133.903868677, -2.269001189 ], [ 133.920472264999944, -2.27815235700001 ], [ 133.916324778999979, -2.285052292999978 ], [ 133.924284554357968, -2.284587014989906 ], [ 133.921081990641397, -2.300877390079497 ], [ 133.892520104779464, -2.295503381966993 ], [ 133.896404382000014, -2.289717130999975 ], [ 133.910814748, -2.289381731999981 ], [ 133.911783507, -2.288537609 ], [ 133.911960583, -2.286522078000019 ], [ 133.913315601000022, -2.28581641300002 ], [ 133.896238947000029, -2.289220457 ], [ 133.891643535496542, -2.295338452716163 ], [ 133.86665279500005, -2.290636366 ], [ 133.873277813999948, -2.278430459999981 ], [ 133.903868677, -2.269001189 ] ] ], [ [ [ 133.732299848000025, -2.250289618000011 ], [ 133.746749019052004, -2.257455522654178 ], [ 133.721415492031383, -2.26740523866083 ], [ 133.713754881321307, -2.257806722371658 ], [ 133.727474950999976, -2.261963815 ], [ 133.718992640340275, -2.254546314605821 ], [ 133.732299848000025, -2.250289618000011 ] ] ], [ [ [ 133.805427270999985, -2.248884352 ], [ 133.802209391000019, -2.248128756000028 ], [ 133.802029173000051, -2.246426321 ], [ 133.805427270999985, -2.248884352 ] ] ], [ [ [ 133.954490561249685, -2.23399399341007 ], [ 133.980435286999978, -2.242029349 ], [ 133.948298318999946, -2.244418165000013 ], [ 133.954490561249685, -2.23399399341007 ] ] ], [ [ [ 133.998879709197297, -2.248151649578669 ], [ 133.998105994999946, -2.253873263 ], [ 133.995098309116884, -2.25659204810577 ], [ 133.998879709197297, -2.248151649578669 ] ] ], [ [ [ 133.99803647000715, -2.241987633122738 ], [ 133.981905106999989, -2.280349738999973 ], [ 133.989457297507471, -2.299324120404501 ], [ 133.966000916999974, -2.304065464000018 ], [ 133.94586497399996, -2.323209360000021 ], [ 133.897646920000057, -2.326560081000025 ], [ 133.858485566830865, -2.341056954449181 ], [ 133.847133609000025, -2.33573291 ], [ 133.859582854, -2.313184831 ], [ 133.866994715000033, -2.319522017 ], [ 133.857207916999982, -2.30984147700002 ], [ 133.862058154491194, -2.307897522261166 ], [ 133.875225915999977, -2.316698729 ], [ 133.872103913888594, -2.310119929021756 ], [ 133.88579582, -2.31436400299998 ], [ 133.8848121598337, -2.311063375825589 ], [ 133.901514662999944, -2.313357128 ], [ 133.895167056172312, -2.309833057309774 ], [ 133.927134232446491, -2.305957385745154 ], [ 133.929633691000049, -2.307891042 ], [ 133.932141273999946, -2.308414020999976 ], [ 133.935628195000049, -2.307246048000025 ], [ 133.937657866999984, -2.304587129000026 ], [ 133.938171236000017, -2.302974716 ], [ 133.938658346000011, -2.299913033999985 ], [ 133.927294996555503, -2.305511902937174 ], [ 133.937184024999965, -2.285449804 ], [ 133.94014788000004, -2.289703812000027 ], [ 133.943977668, -2.288716535999981 ], [ 133.939177230000041, -2.279583823 ], [ 133.953679763999958, -2.277530766999973 ], [ 133.948010177000015, -2.276073102 ], [ 133.958780005999984, -2.268702142999985 ], [ 133.940287097, -2.276879636 ], [ 133.945974192999984, -2.267866582000011 ], [ 133.951852275999954, -2.265476864 ], [ 133.953000890999988, -2.264769850999983 ], [ 133.953496351000013, -2.264156732 ], [ 133.953781971000012, -2.263544146000015 ], [ 133.946132607999971, -2.26725465200002 ], [ 133.941688095000018, -2.27197019800002 ], [ 133.95564152999998, -2.252138249999973 ], [ 133.944152187999975, -2.259975127000018 ], [ 133.947405331966053, -2.251179600561848 ], [ 133.984185939999975, -2.245366482 ], [ 133.985850030354641, -2.227290958111189 ], [ 133.99803647000715, -2.241987633122738 ] ] ], [ [ [ 133.879368780245017, -2.311052199199631 ], [ 133.878743912, -2.308610580999982 ], [ 133.880828795824073, -2.308696542915398 ], [ 133.879368780245017, -2.311052199199631 ] ] ], [ [ [ 133.818843594805401, -2.222104474527119 ], [ 133.841719735677316, -2.232313765268051 ], [ 133.819305212865459, -2.243116517912918 ], [ 133.806860631812754, -2.237358221804536 ], [ 133.805682798722245, -2.241248641311705 ], [ 133.808419179401625, -2.247459033807347 ], [ 133.805952792165186, -2.248912057583466 ], [ 133.803358550999974, -2.246113880999985 ], [ 133.800491129999955, -2.245236345000023 ], [ 133.798886824999954, -2.246342654999978 ], [ 133.80298211033616, -2.26586416489925 ], [ 133.795011538732012, -2.276609057479897 ], [ 133.780119852768109, -2.274382067248877 ], [ 133.784794053000041, -2.254118518999974 ], [ 133.778972580999948, -2.252183517 ], [ 133.779796655000041, -2.269100228000013 ], [ 133.774476960000015, -2.270492427000022 ], [ 133.765920508000022, -2.243343931000027 ], [ 133.778659716, -2.240749094000023 ], [ 133.765476032343543, -2.242275801196021 ], [ 133.773025558999962, -2.237649533000024 ], [ 133.767573507639582, -2.234726213521242 ], [ 133.781259662000025, -2.228768028 ], [ 133.78981485700001, -2.236353192000024 ], [ 133.781700134290844, -2.22853299598354 ], [ 133.789081438071122, -2.225402277351039 ], [ 133.796173276, -2.234580637000022 ], [ 133.789541756012312, -2.225207037323225 ], [ 133.795526658725663, -2.222668590594005 ], [ 133.82300462, -2.234702304999985 ], [ 133.829976087999967, -2.232370106000019 ], [ 133.819854877000012, -2.231979903000024 ], [ 133.818843594805401, -2.222104474527119 ] ] ], [ [ [ 133.833931531357223, -2.227624534308934 ], [ 133.837342294999985, -2.227937223000026 ], [ 133.839734953740304, -2.230077748458878 ], [ 133.833931531357223, -2.227624534308934 ] ] ], [ [ [ 133.595197591695552, -2.231340126845366 ], [ 133.603829203881446, -2.217859422514166 ], [ 133.618782572213405, -2.232338200159485 ], [ 133.595197591695552, -2.231340126845366 ] ] ], [ [ [ 133.844531296000014, -2.217473778999988 ], [ 133.844306532000019, -2.217598662 ], [ 133.84424496500003, -2.217415381000023 ], [ 133.844531296000014, -2.217473778999988 ] ] ], [ [ [ 133.843479755999965, -2.216358453 ], [ 133.843031190000033, -2.21661964499998 ], [ 133.842922922999946, -2.216121144 ], [ 133.843479755999965, -2.216358453 ] ] ], [ [ [ 133.753112207184984, -2.214875496791755 ], [ 133.748639304060703, -2.248577190584916 ], [ 133.738188328458563, -2.247321155156218 ], [ 133.738105425999947, -2.242194762999986 ], [ 133.736885615, -2.239387164 ], [ 133.735571247000053, -2.237832976999982 ], [ 133.737886639029256, -2.247284897047299 ], [ 133.720779755881011, -2.245228930970372 ], [ 133.676102996056443, -2.264112334116858 ], [ 133.680048597066929, -2.252636551230715 ], [ 133.735451898554601, -2.223953459437116 ], [ 133.7400748, -2.229037855 ], [ 133.73587762528561, -2.223734622288009 ], [ 133.753112207184984, -2.214875496791755 ] ] ], [ [ [ 133.84682865100001, -2.213850166999975 ], [ 133.846537790999946, -2.213767620999988 ], [ 133.846792046000019, -2.213750055 ], [ 133.84682865100001, -2.213850166999975 ] ] ], [ [ [ 133.845272201044395, -2.213328004798006 ], [ 133.846544547, -2.21350967799998 ], [ 133.846502550999958, -2.213625513000011 ], [ 133.845272201044395, -2.213328004798006 ] ] ], [ [ [ 133.842289286999971, -2.215065233000018 ], [ 133.843735649999985, -2.215418820000025 ], [ 133.843583213999977, -2.21591711100001 ], [ 133.842289286999971, -2.215065233000018 ] ] ], [ [ [ 133.845048113999951, -2.211863107999989 ], [ 133.846852230999957, -2.212327244 ], [ 133.843953602000056, -2.212229514 ], [ 133.845048113999951, -2.211863107999989 ] ] ], [ [ [ 133.847808771000018, -2.212890137999977 ], [ 133.849270918, -2.212030594999987 ], [ 133.848779682999975, -2.21280936 ], [ 133.847808771000018, -2.212890137999977 ] ] ], [ [ [ 133.847096556, -2.211575993999986 ], [ 133.846949689999974, -2.211852009999973 ], [ 133.846829739999976, -2.211683521999987 ], [ 133.847096556, -2.211575993999986 ] ] ], [ [ [ 133.846238698999969, -2.211170356000025 ], [ 133.84598904500001, -2.211319259 ], [ 133.846026828000049, -2.211170413 ], [ 133.846238698999969, -2.211170356000025 ] ] ], [ [ [ 133.847635252000032, -2.21121290100001 ], [ 133.847147776000043, -2.210979480999981 ], [ 133.847842692999961, -2.210975018 ], [ 133.847635252000032, -2.21121290100001 ] ] ], [ [ [ 133.833479132655924, -2.210508986400589 ], [ 133.821191108999983, -2.217668908 ], [ 133.812100340000029, -2.22892647499998 ], [ 133.801592578634654, -2.219990146627998 ], [ 133.833479132655924, -2.210508986400589 ] ] ], [ [ [ 133.901923063098906, -2.205117099274739 ], [ 133.901741809999976, -2.205041621000021 ], [ 133.90207031722386, -2.204691929868 ], [ 133.901923063098906, -2.205117099274739 ] ] ], [ [ [ 133.912092082999948, -2.209535077999988 ], [ 133.932446023000011, -2.217685478000021 ], [ 133.924054126999977, -2.22293339700002 ], [ 133.922291267, -2.222232636 ], [ 133.92059765700003, -2.219196593 ], [ 133.916106527000011, -2.215836963000015 ], [ 133.917465397, -2.223916022000026 ], [ 133.931993262, -2.224725224 ], [ 133.925597666000044, -2.227191517999984 ], [ 133.932954710999979, -2.226980363999985 ], [ 133.93295654857306, -2.234627064410517 ], [ 133.924978119, -2.236559918000012 ], [ 133.923602415, -2.233413588000019 ], [ 133.915031218999957, -2.226385629 ], [ 133.923863665999988, -2.237199923 ], [ 133.932917539375381, -2.236602200986832 ], [ 133.932579630494132, -2.253711401661108 ], [ 133.927521236999951, -2.245462520999979 ], [ 133.932519432834908, -2.256759364851072 ], [ 133.903645929000049, -2.229812224999989 ], [ 133.911645728000053, -2.229220998000017 ], [ 133.910441000999981, -2.227909238999985 ], [ 133.902592378, -2.228993147999972 ], [ 133.904219915, -2.226348234999989 ], [ 133.907828191000021, -2.22445662299998 ], [ 133.908517924999956, -2.222843313 ], [ 133.897014345735556, -2.226109345170096 ], [ 133.903752914000052, -2.217583932000025 ], [ 133.911480588000018, -2.221972231 ], [ 133.90940655199995, -2.213913606 ], [ 133.903214374201212, -2.217064318611321 ], [ 133.904055231397166, -2.208746111084546 ], [ 133.910549363999962, -2.211368199999981 ], [ 133.911809508000033, -2.21156702899998 ], [ 133.904665840502105, -2.202705640387598 ], [ 133.912092082999948, -2.209535077999988 ] ] ], [ [ [ 133.902003096862558, -2.233589602956025 ], [ 133.931513854423343, -2.257433300008573 ], [ 133.925882263398222, -2.269532947192335 ], [ 133.899495857000034, -2.263922466 ], [ 133.913592635999976, -2.259352627 ], [ 133.913144393000039, -2.25396645 ], [ 133.903748620999977, -2.257849584999974 ], [ 133.905403232000026, -2.25324503500002 ], [ 133.909063532, -2.252723759999981 ], [ 133.909799551999981, -2.250883467 ], [ 133.906139548000056, -2.251015078000023 ], [ 133.903424648000055, -2.256314169 ], [ 133.903777349000052, -2.250541023999972 ], [ 133.899562776000039, -2.249348052000016 ], [ 133.902869926, -2.258166107000022 ], [ 133.894393541428826, -2.263151377034417 ], [ 133.884491335221696, -2.243275460732487 ], [ 133.896404977707704, -2.227856435625958 ], [ 133.900842639999951, -2.241630023000027 ], [ 133.902003096862558, -2.233589602956025 ] ] ], [ [ [ 133.884890939947013, -2.248603894319267 ], [ 133.88458145300001, -2.247699900999976 ], [ 133.884197102965345, -2.246037127093341 ], [ 133.884890939947013, -2.248603894319267 ] ] ], [ [ [ 133.888920074543421, -2.232389254818995 ], [ 133.889747327, -2.231094969000026 ], [ 133.891331796211034, -2.229552585626835 ], [ 133.888920074543421, -2.232389254818995 ] ] ], [ [ [ 133.844020402919341, -2.201851365947777 ], [ 133.86575598614985, -2.210899168062147 ], [ 133.861477330214711, -2.219610621932594 ], [ 133.865237698760865, -2.228566745359034 ], [ 133.844999563179442, -2.242349941196769 ], [ 133.840944960741353, -2.265364087882299 ], [ 133.843526200274056, -2.285254478111659 ], [ 133.820081236999954, -2.291999142 ], [ 133.801176291000047, -2.28286054900002 ], [ 133.808142701262284, -2.252242723693092 ], [ 133.820276598999953, -2.268701301000021 ], [ 133.828368178, -2.263098234999973 ], [ 133.830490898, -2.272814071000028 ], [ 133.831037332000051, -2.272505517000013 ], [ 133.832272738000029, -2.258030066 ], [ 133.823868915000048, -2.26141069 ], [ 133.83145402699995, -2.256746290000024 ], [ 133.819077202000017, -2.260779189 ], [ 133.806989846852559, -2.239679656132589 ], [ 133.819821811999986, -2.245858848000012 ], [ 133.83633791013736, -2.241416831593356 ], [ 133.839335915999982, -2.247373418 ], [ 133.843958266999948, -2.230999458999975 ], [ 133.83803448599997, -2.227214624999988 ], [ 133.843970088999981, -2.223705586999984 ], [ 133.830045735999988, -2.225906377 ], [ 133.82967356121631, -2.21843576702371 ], [ 133.852022777, -2.219469324999977 ], [ 133.844233504000044, -2.216595878000021 ], [ 133.852862183999946, -2.214420269000016 ], [ 133.846996814000022, -2.206967951000024 ], [ 133.843211319000034, -2.211733816 ], [ 133.844511696000041, -2.205936147999978 ], [ 133.843220749000011, -2.204383566 ], [ 133.843115034999983, -2.210934001999988 ], [ 133.842206248000025, -2.211809576 ], [ 133.84211859100003, -2.206315360000019 ], [ 133.841542107329701, -2.204028802011345 ], [ 133.844020402919341, -2.201851365947777 ] ] ], [ [ [ 133.841303220999976, -2.204246559000012 ], [ 133.84188549299995, -2.211706037999988 ], [ 133.834050148721076, -2.210729383908813 ], [ 133.834050494289926, -2.210610950030891 ], [ 133.841303220999976, -2.204246559000012 ] ] ], [ [ [ 133.752299687443752, -2.201854468597596 ], [ 133.75312452632366, -2.201526665435349 ], [ 133.749847564813308, -2.204623259955435 ], [ 133.752299687443752, -2.201854468597596 ] ] ], [ [ [ 133.761446451292784, -2.193662786908051 ], [ 133.755738701602894, -2.197971337890764 ], [ 133.76169083128903, -2.191250553934583 ], [ 133.761446451292784, -2.193662786908051 ] ] ], [ [ [ 133.933760877000054, -2.193547078 ], [ 133.932306238000024, -2.205486099999973 ], [ 133.930757663, -2.203415369000027 ], [ 133.921467527, -2.19996561 ], [ 133.93225702899997, -2.212375085000019 ], [ 133.919070902000044, -2.204530150999972 ], [ 133.930981275000022, -2.21626561 ], [ 133.90471206028846, -2.202248409627595 ], [ 133.905713378133214, -2.193379039247331 ], [ 133.933760877000054, -2.193547078 ] ] ], [ [ [ 133.914014047007583, -2.190109158727928 ], [ 133.920500629, -2.187021617000028 ], [ 133.926028593223805, -2.188949775699126 ], [ 133.914014047007583, -2.190109158727928 ] ] ], [ [ [ 133.902667046000033, -2.200366622 ], [ 133.894304631397006, -2.22605593421024 ], [ 133.88277321299995, -2.227625930999977 ], [ 133.889556415000015, -2.214526122 ], [ 133.88175220100004, -2.224689126999976 ], [ 133.881921057, -2.246471018000022 ], [ 133.889319197722898, -2.264985706225358 ], [ 133.856066529000032, -2.280295625 ], [ 133.863316798000028, -2.271186683999986 ], [ 133.861922656000047, -2.264870762999976 ], [ 133.868643701, -2.263860066 ], [ 133.873174168, -2.260904972 ], [ 133.866054307000013, -2.262011597000026 ], [ 133.867758276000018, -2.258160620000012 ], [ 133.867818973, -2.255911976999982 ], [ 133.861159359, -2.264691230999972 ], [ 133.860390454000026, -2.260764644 ], [ 133.858380465999971, -2.256652571000018 ], [ 133.862553297999966, -2.270650816999989 ], [ 133.849896841000032, -2.282360109000024 ], [ 133.843668415000025, -2.264741389 ], [ 133.846895645000018, -2.246630109000023 ], [ 133.853350624999962, -2.251508031000014 ], [ 133.854035315000033, -2.251217681000014 ], [ 133.855075114999977, -2.249612668 ], [ 133.847770160576431, -2.242135627246057 ], [ 133.85475442036369, -2.237376056616503 ], [ 133.866602611999951, -2.246400876 ], [ 133.871264856000039, -2.247364131999973 ], [ 133.874362005999956, -2.245726178999973 ], [ 133.876872075000051, -2.240741765 ], [ 133.869968580999966, -2.246579746 ], [ 133.856260243546899, -2.236349881758395 ], [ 133.867748480008487, -2.228520981558018 ], [ 133.862852019, -2.220084874 ], [ 133.868517048227801, -2.212750496025752 ], [ 133.873575605000042, -2.213497331999974 ], [ 133.87673552800004, -2.211433762000013 ], [ 133.854207061350678, -2.204995276479228 ], [ 133.888237212439662, -2.194040434692472 ], [ 133.890106096999943, -2.19824861 ], [ 133.894420202999981, -2.200462737 ], [ 133.894238735000044, -2.2041107 ], [ 133.894661051999947, -2.200309890000028 ], [ 133.889045548000013, -2.193362556000011 ], [ 133.899487993999969, -2.195727350000027 ], [ 133.89492257032046, -2.186341961911969 ], [ 133.902667046000033, -2.200366622 ] ] ], [ [ [ 133.983425743999987, -2.186654235999981 ], [ 133.982376811999984, -2.186512171 ], [ 133.983058411, -2.186038721999978 ], [ 133.983425743999987, -2.186654235999981 ] ] ], [ [ [ 133.72156215344836, -2.176018993648714 ], [ 133.76509076100001, -2.177867413 ], [ 133.749687770725302, -2.200881729465444 ], [ 133.745887891000052, -2.195916104 ], [ 133.747230206708764, -2.204552346613481 ], [ 133.689841636352071, -2.237100018316613 ], [ 133.689310389999946, -2.229682395999987 ], [ 133.688816491000011, -2.229343546999985 ], [ 133.687566127999958, -2.229448994 ], [ 133.685931190272356, -2.239317810368663 ], [ 133.672929814659255, -2.223244551195075 ], [ 133.691361605999987, -2.220377856000027 ], [ 133.712312002999965, -2.199272048000012 ], [ 133.718255020000015, -2.203017836000015 ], [ 133.730649017000019, -2.202984239999978 ], [ 133.73284098, -2.198750926 ], [ 133.731049439, -2.191728457000011 ], [ 133.733058005999965, -2.189877151000019 ], [ 133.739187454999978, -2.200164527000027 ], [ 133.742371922999951, -2.195789500999979 ], [ 133.742824766000012, -2.19085332100002 ], [ 133.744380934, -2.192167837 ], [ 133.744968116999985, -2.192013981 ], [ 133.745358648999968, -2.191520659999981 ], [ 133.745497157000045, -2.19117535700002 ], [ 133.742690490999962, -2.190742961000012 ], [ 133.740300817000048, -2.196754291 ], [ 133.735588592999989, -2.187942862 ], [ 133.723057246000053, -2.187963161000027 ], [ 133.729638431000012, -2.186087089000011 ], [ 133.72991097, -2.185618566000016 ], [ 133.728991525999959, -2.184528509000017 ], [ 133.722520014, -2.187931215 ], [ 133.730845757999987, -2.20164010100001 ], [ 133.713428876999956, -2.198421595000013 ], [ 133.72156215344836, -2.176018993648714 ] ] ], [ [ [ 133.685522223000021, -2.174208089 ], [ 133.6804763, -2.186923168000021 ], [ 133.689991129207669, -2.197684529772516 ], [ 133.666574635389424, -2.196758559899708 ], [ 133.671884031, -2.191060113999981 ], [ 133.669549158999985, -2.1898822 ], [ 133.659414597000023, -2.201675281 ], [ 133.642968142999962, -2.193681502 ], [ 133.652252128999976, -2.190316585 ], [ 133.653989094000053, -2.177915418999987 ], [ 133.657151244000033, -2.190114634999986 ], [ 133.660640398000055, -2.191680245999976 ], [ 133.671453361999966, -2.186324377 ], [ 133.664851117000012, -2.174238935 ], [ 133.670253684000045, -2.181192866 ], [ 133.677048892000016, -2.177214092999975 ], [ 133.675395612999978, -2.18137533700002 ], [ 133.675760944, -2.182475007 ], [ 133.677145343, -2.183663978000027 ], [ 133.682730725000056, -2.176494284 ], [ 133.67854437799997, -2.174364013 ], [ 133.685522223000021, -2.174208089 ] ] ], [ [ [ 133.679318837999972, -2.176551996 ], [ 133.675653227999987, -2.175315511 ], [ 133.677649251000048, -2.171030218999988 ], [ 133.67794511, -2.175195864999978 ], [ 133.679318837999972, -2.176551996 ] ] ], [ [ [ 133.86602413520572, -2.171329739975475 ], [ 133.875188019, -2.178028352000013 ], [ 133.873053766, -2.18070501 ], [ 133.873338980999961, -2.183038510000017 ], [ 133.875890753000022, -2.178327453 ], [ 133.890175218311725, -2.186644396721521 ], [ 133.851241405866318, -2.197422046590175 ], [ 133.865801370999975, -2.183951572000012 ], [ 133.86602413520572, -2.171329739975475 ] ] ], [ [ [ 133.936506141, -2.172328154000013 ], [ 133.933873516649612, -2.188192754092283 ], [ 133.92048748000002, -2.185067649000018 ], [ 133.905562418870602, -2.190924726295057 ], [ 133.901265427999988, -2.186502288999975 ], [ 133.916320319999954, -2.179338396999981 ], [ 133.895246335429874, -2.183412131004638 ], [ 133.923306465091372, -2.168293778238413 ], [ 133.936506141, -2.172328154000013 ] ] ], [ [ [ 133.671288184, -2.166862574 ], [ 133.677536515000043, -2.166391033000025 ], [ 133.671483264000017, -2.170675190999987 ], [ 133.671288184, -2.166862574 ] ] ], [ [ [ 133.636663238999972, -2.173272839999981 ], [ 133.632290121999972, -2.187117850999982 ], [ 133.635420384999975, -2.197387218000017 ], [ 133.622759397999971, -2.189515319 ], [ 133.627315090000025, -2.188398190999976 ], [ 133.630095762999986, -2.184022141000014 ], [ 133.620442784000033, -2.184930467000015 ], [ 133.619088173000023, -2.197714345 ], [ 133.617705753, -2.194602608000025 ], [ 133.616110132000017, -2.194564201 ], [ 133.616505964, -2.192647399 ], [ 133.615780965999988, -2.191700874999981 ], [ 133.615954869, -2.194719358999976 ], [ 133.621553490999986, -2.202536485999985 ], [ 133.633571523, -2.206494744999986 ], [ 133.637614532991222, -2.219105808734672 ], [ 133.621490636883379, -2.231661353888375 ], [ 133.617435884999963, -2.223597168000026 ], [ 133.627982329000019, -2.21758097999998 ], [ 133.617049232, -2.223224108000011 ], [ 133.609474141999954, -2.21627768899998 ], [ 133.613859889999958, -2.215310680000016 ], [ 133.614042518000019, -2.211008065999977 ], [ 133.619465222000031, -2.212543937000021 ], [ 133.620720998000024, -2.212163831999987 ], [ 133.621391265000057, -2.209590403 ], [ 133.622434942000041, -2.211846604000016 ], [ 133.623272583000016, -2.211597837999989 ], [ 133.623896375999948, -2.210776582999983 ], [ 133.612388071000055, -2.203586916 ], [ 133.612455978999947, -2.215194525000015 ], [ 133.605204436, -2.20133427899998 ], [ 133.602815312999951, -2.201124185000026 ], [ 133.599135526000055, -2.205240655000011 ], [ 133.596493810999959, -2.203572339 ], [ 133.603149002, -2.196031695999977 ], [ 133.609103353000023, -2.199319317 ], [ 133.61191949, -2.197771336000017 ], [ 133.609771218999981, -2.194457210999985 ], [ 133.602366607000022, -2.196013145999984 ], [ 133.595908821999956, -2.202774416000011 ], [ 133.596521198, -2.204713388000016 ], [ 133.598786461000032, -2.205795812000019 ], [ 133.605165683999985, -2.202018435000014 ], [ 133.609207567999988, -2.214206096 ], [ 133.606330352310692, -2.215207399103212 ], [ 133.601410343, -2.213012138000011 ], [ 133.59891432400002, -2.213700712 ], [ 133.602967419000038, -2.215023228 ], [ 133.590120241554303, -2.227194151047633 ], [ 133.578775976999964, -2.220113041 ], [ 133.574610471000028, -2.2104405 ], [ 133.578794870000024, -2.213863136999976 ], [ 133.582581149000021, -2.215085854999984 ], [ 133.575051752000036, -2.20689035700002 ], [ 133.586033969000027, -2.206848163000018 ], [ 133.575292132999948, -2.206216561000019 ], [ 133.576213458999973, -2.189662168999973 ], [ 133.593058934000055, -2.205091494999976 ], [ 133.59783082499996, -2.191922945999977 ], [ 133.591372743999955, -2.189214043999982 ], [ 133.588870648000011, -2.199742603 ], [ 133.57817115499995, -2.18723449700002 ], [ 133.582012573000043, -2.181522170999983 ], [ 133.591615047, -2.181893730000013 ], [ 133.590440844, -2.187348429 ], [ 133.617734806000044, -2.180841892999979 ], [ 133.626400420999971, -2.175155646 ], [ 133.623021736000055, -2.163516835 ], [ 133.636663238999972, -2.173272839999981 ] ] ], [ [ [ 133.625983435999956, -2.165236665 ], [ 133.627872653000054, -2.163000493000027 ], [ 133.63198563200001, -2.167225541 ], [ 133.625983435999956, -2.165236665 ] ] ], [ [ [ 133.941690024999957, -2.166840863 ], [ 133.959247304999963, -2.163132161000021 ], [ 133.95549840000001, -2.164993090999985 ], [ 133.954245724999964, -2.172584683000025 ], [ 133.941604012891105, -2.181154049992504 ], [ 133.941690024999957, -2.166840863 ] ] ], [ [ [ 133.849149575999945, -2.178069232999974 ], [ 133.838083401429486, -2.162967884481905 ], [ 133.853528937999954, -2.166367736999973 ], [ 133.858650909958044, -2.159694925995584 ], [ 133.849149575999945, -2.178069232999974 ] ] ], [ [ [ 133.859285736118949, -2.161034765260308 ], [ 133.85939926054948, -2.159642882099381 ], [ 133.860143927900026, -2.159591094353447 ], [ 133.859285736118949, -2.161034765260308 ] ] ], [ [ [ 133.930228827228376, -2.160962842512538 ], [ 133.929975485, -2.158485485000028 ], [ 133.930777617, -2.15837331900002 ], [ 133.930228827228376, -2.160962842512538 ] ] ], [ [ [ 133.637261101000036, -2.164859759000024 ], [ 133.630560705999983, -2.161821380999982 ], [ 133.632793890000016, -2.158011852000016 ], [ 133.637261101000036, -2.164859759000024 ] ] ], [ [ [ 133.668871204999959, -2.157936945000017 ], [ 133.670132142000057, -2.168307894 ], [ 133.673898416000043, -2.177386727 ], [ 133.663808287000052, -2.173390709999978 ], [ 133.667313940999975, -2.185351691 ], [ 133.659576456999957, -2.189967362 ], [ 133.657931707999978, -2.177320989 ], [ 133.648356703, -2.174417984 ], [ 133.655596533, -2.171619878 ], [ 133.657129707999957, -2.163090248 ], [ 133.666027138, -2.162899012000025 ], [ 133.668871204999959, -2.157936945000017 ] ] ], [ [ [ 134.00977173800004, -2.155390059000013 ], [ 134.008860492000053, -2.15537824 ], [ 134.008971471999985, -2.154301229999987 ], [ 134.00977173800004, -2.155390059000013 ] ] ], [ [ [ 134.008807621999949, -2.154078299999981 ], [ 134.008101066, -2.155299608 ], [ 134.008022365999977, -2.153009891000011 ], [ 134.008807621999949, -2.154078299999981 ] ] ], [ [ [ 133.859250356885497, -2.152332518602004 ], [ 133.857827539482287, -2.152828589314869 ], [ 133.857130337796548, -2.151872866901904 ], [ 133.859250356885497, -2.152332518602004 ] ] ], [ [ [ 133.581947198999956, -2.151358769000012 ], [ 133.602153384999951, -2.15520834 ], [ 133.622380615, -2.156943083999977 ], [ 133.616282824999985, -2.178106492999973 ], [ 133.590167554, -2.174245429999985 ], [ 133.600760408000042, -2.168409887 ], [ 133.5946904, -2.161776652000015 ], [ 133.605235143999948, -2.159526229 ], [ 133.599539006999976, -2.155761433 ], [ 133.59422577700002, -2.16153111 ], [ 133.598586265, -2.168577487 ], [ 133.589280052000049, -2.173740926 ], [ 133.581947198999956, -2.151358769000012 ] ] ], [ [ [ 133.961463397999978, -2.148041778 ], [ 133.96758700700002, -2.160312218 ], [ 133.966514105999977, -2.150285662999977 ], [ 133.977665554000055, -2.15629190300001 ], [ 133.96476463700003, -2.165883119 ], [ 133.976844097000026, -2.16052921 ], [ 133.976399083000047, -2.168702747 ], [ 133.982678386999964, -2.153284908999979 ], [ 133.989529297999979, -2.155572907000021 ], [ 133.999773983999944, -2.155473727000015 ], [ 133.994104339000046, -2.169109172999981 ], [ 133.999623664999945, -2.15716792 ], [ 134.001768189000018, -2.167233932999977 ], [ 134.010655989000043, -2.15659316 ], [ 134.022759039, -2.189678738 ], [ 134.017448959000035, -2.259591967 ], [ 134.009078382999974, -2.279451273 ], [ 133.990831457000013, -2.302145553 ], [ 133.988737156999946, -2.302846106 ], [ 133.992075067999963, -2.295577273 ], [ 133.985466054165101, -2.278092039849293 ], [ 133.998263077000047, -2.258485209000014 ], [ 134.000351713999976, -2.245183789 ], [ 133.986573185407963, -2.224898367121756 ], [ 133.991239845, -2.220769511000015 ], [ 133.99578042600001, -2.220439992000024 ], [ 133.998438237999949, -2.218600816 ], [ 134.000707709000039, -2.218280467 ], [ 134.002228742000057, -2.217284785 ], [ 133.983877347999965, -2.220512144999987 ], [ 133.995933814999944, -2.206851701 ], [ 133.983897676999959, -2.217800814999976 ], [ 133.979372761557499, -2.239488137870398 ], [ 133.967173578000029, -2.23134927000001 ], [ 133.97154161900005, -2.22476113099998 ], [ 133.971243181999967, -2.219445458999985 ], [ 133.966043021000019, -2.232542324 ], [ 133.941905926738656, -2.228668747308868 ], [ 133.948712784, -2.219367429999977 ], [ 133.94185987686123, -2.221421494475721 ], [ 133.941780300904071, -2.208897963177849 ], [ 133.954949778000014, -2.198586327999976 ], [ 133.941771451478047, -2.20750525528572 ], [ 133.94334892300003, -2.192568103999974 ], [ 133.961495021000019, -2.182628767999972 ], [ 133.973919369999976, -2.189090850000014 ], [ 133.975651868999989, -2.188978455999973 ], [ 133.981363564000048, -2.184275717 ], [ 133.981988132999959, -2.184579247999977 ], [ 133.980817642000034, -2.187371272 ], [ 133.981428877999974, -2.188477963000025 ], [ 133.983264588999987, -2.188415723999981 ], [ 133.984250689999953, -2.187881032 ], [ 133.985052622000012, -2.186290828999972 ], [ 133.986347273999968, -2.186866135 ], [ 133.986955457000022, -2.186627604000023 ], [ 133.981281294000041, -2.183907057 ], [ 133.974798132000046, -2.188709785000015 ], [ 133.961905210000054, -2.18186254699998 ], [ 133.941677496352611, -2.192718754494016 ], [ 133.941612586090201, -2.182503285752683 ], [ 133.958804332999989, -2.173192391999976 ], [ 133.955771614000014, -2.165364317000012 ], [ 133.96247615599998, -2.164518279999982 ], [ 133.951386695999986, -2.159287670000026 ], [ 133.954070311, -2.154595175 ], [ 133.964431483, -2.161397642 ], [ 133.955521565000026, -2.153039150999973 ], [ 133.961463397999978, -2.148041778 ] ] ], [ [ [ 133.856844476, -2.151884976000019 ], [ 133.837892531999955, -2.15762571800002 ], [ 133.835121961000027, -2.166030805 ], [ 133.834236913000041, -2.163304664 ], [ 133.832043051000028, -2.161753804999989 ], [ 133.831698233999987, -2.160159460999978 ], [ 133.830555018000041, -2.159626483000011 ], [ 133.837171080755013, -2.172002449052387 ], [ 133.828567143999976, -2.170520646 ], [ 133.837255042966603, -2.172421944240803 ], [ 133.840682302946021, -2.18954535063745 ], [ 133.775778054000057, -2.195127828000011 ], [ 133.782593643000041, -2.176139396999986 ], [ 133.788307112999973, -2.182555595 ], [ 133.79364715600002, -2.182112639000025 ], [ 133.793590934, -2.185940811000023 ], [ 133.794214366, -2.187980975000016 ], [ 133.795348960999945, -2.188607628999989 ], [ 133.796121807999953, -2.18848232900001 ], [ 133.797013264000043, -2.188008986999989 ], [ 133.793631748000053, -2.181904205000023 ], [ 133.783212334359263, -2.175764521673873 ], [ 133.790711276462133, -2.171538754699917 ], [ 133.800904179999975, -2.176378807999981 ], [ 133.803952896000055, -2.175889230999985 ], [ 133.791046480268449, -2.171349862299509 ], [ 133.7999079921278, -2.166356266717503 ], [ 133.80778658600002, -2.17888151 ], [ 133.811234123999952, -2.175932416000023 ], [ 133.818632998999988, -2.179149365 ], [ 133.820401406999963, -2.178923119 ], [ 133.800472246428882, -2.166038300908772 ], [ 133.805801311999971, -2.165535815 ], [ 133.809106582000027, -2.163970249999977 ], [ 133.816197527999975, -2.165477674999977 ], [ 133.817875726000011, -2.165597764999973 ], [ 133.818950094, -2.165309085999979 ], [ 133.81023337900001, -2.163682843 ], [ 133.802981665569405, -2.164624205376038 ], [ 133.834282151578861, -2.146985909436012 ], [ 133.856844476, -2.151884976000019 ] ] ], [ [ [ 133.98462113100004, -2.147386314000016 ], [ 133.982612241999959, -2.152045107 ], [ 133.984217133000016, -2.146950283000024 ], [ 133.98462113100004, -2.147386314000016 ] ] ], [ [ [ 133.684145425, -2.146700916999976 ], [ 133.687989881000021, -2.149344472 ], [ 133.680470486, -2.146152803 ], [ 133.683040970999969, -2.143962331000012 ], [ 133.684145425, -2.146700916999976 ] ] ], [ [ [ 133.986307161000013, -2.14415320400002 ], [ 133.995118769999976, -2.150650735999989 ], [ 133.998477115000014, -2.154821319 ], [ 133.985526328, -2.152172251000025 ], [ 133.986307161000013, -2.14415320400002 ] ] ], [ [ [ 133.941477842685885, -2.161297593720381 ], [ 133.948111809000011, -2.149534747000018 ], [ 133.951891890999946, -2.14374082400002 ], [ 133.954434913999989, -2.143883889 ], [ 133.941477842685885, -2.161297593720381 ] ] ], [ [ [ 133.680642294999984, -2.144366192 ], [ 133.676745213, -2.144457779 ], [ 133.67739273799998, -2.14288406999998 ], [ 133.680642294999984, -2.144366192 ] ] ], [ [ [ 133.675072441, -2.14202743200002 ], [ 133.676947394999956, -2.150411642999984 ], [ 133.67853913700003, -2.153239434999989 ], [ 133.665535956999975, -2.156326802000024 ], [ 133.674346762000027, -2.15008826899998 ], [ 133.675072441, -2.14202743200002 ] ] ], [ [ [ 133.683200326000019, -2.143490757999984 ], [ 133.684681008999974, -2.144003747999989 ], [ 133.68491336, -2.14476080999998 ], [ 133.686720016999971, -2.145800973 ], [ 133.684784649999983, -2.146575514 ], [ 133.683200326000019, -2.143490757999984 ] ] ], [ [ [ 133.686107766999953, -2.140207734 ], [ 133.686693193, -2.142509223 ], [ 133.685951421000027, -2.1438832 ], [ 133.688300723999987, -2.145519773 ], [ 133.687676856000053, -2.147661200000016 ], [ 133.686780348999946, -2.145480065000015 ], [ 133.684831669, -2.14373322900002 ], [ 133.686107766999953, -2.140207734 ] ] ], [ [ [ 133.645639189, -2.139988136 ], [ 133.648595759000045, -2.146560790000024 ], [ 133.647483015000034, -2.145536478999986 ], [ 133.645507406999968, -2.146419746999982 ], [ 133.640276426000014, -2.157862650000027 ], [ 133.627166280999973, -2.148987770000019 ], [ 133.638974771999983, -2.146649199000024 ], [ 133.645639189, -2.139988136 ] ] ], [ [ [ 133.659597255999984, -2.137820773999977 ], [ 133.657504886999959, -2.155042246999983 ], [ 133.655377060999967, -2.149590897 ], [ 133.648703501, -2.149173184 ], [ 133.646861059, -2.151549644 ], [ 133.645982644000014, -2.146591684999976 ], [ 133.651656141999979, -2.146599945999981 ], [ 133.659597255999984, -2.137820773999977 ] ] ], [ [ [ 133.710309600999949, -2.144013433 ], [ 133.715497731000028, -2.138818252000021 ], [ 133.721348134999971, -2.143125736 ], [ 133.710309600999949, -2.144013433 ] ] ], [ [ [ 133.622909557999947, -2.137166224 ], [ 133.631434437000053, -2.139382334 ], [ 133.635114827000052, -2.136809316999972 ], [ 133.634824601999981, -2.138248381999972 ], [ 133.636395295000057, -2.140620902000023 ], [ 133.642772013000013, -2.140175742999986 ], [ 133.624885740999957, -2.147269312 ], [ 133.628732250999974, -2.159753919000025 ], [ 133.617385251999963, -2.153337036999972 ], [ 133.602196577999962, -2.155031934000021 ], [ 133.598281232999966, -2.150538214999983 ], [ 133.625492571, -2.143078878999972 ], [ 133.622909557999947, -2.137166224 ] ] ], [ [ [ 133.698173311, -2.135717523999972 ], [ 133.694452897000019, -2.137906599000019 ], [ 133.693828929, -2.137221372999988 ], [ 133.698173311, -2.135717523999972 ] ] ], [ [ [ 133.694086483999968, -2.140321406 ], [ 133.707457018000014, -2.139818489999982 ], [ 133.70201345800001, -2.143881863999979 ], [ 133.698101669000039, -2.150658425000017 ], [ 133.694086483999968, -2.140321406 ] ] ], [ [ [ 133.938737888999981, -2.137615391999987 ], [ 133.931492847999948, -2.157134384000017 ], [ 133.927506297000036, -2.148735524000017 ], [ 133.926277960999982, -2.147986980999974 ], [ 133.925048954999966, -2.148017874 ], [ 133.92475317200001, -2.148246058999973 ], [ 133.928823239000053, -2.161185042 ], [ 133.885873706106707, -2.174479806098178 ], [ 133.878229452000028, -2.164897413 ], [ 133.885912405999989, -2.167974156000014 ], [ 133.887985864000029, -2.165126760000021 ], [ 133.871329459057961, -2.162386072025343 ], [ 133.877037200025057, -2.151549669548591 ], [ 133.890146763999951, -2.165696594 ], [ 133.887800994000031, -2.160732350999979 ], [ 133.892731386000037, -2.163272442 ], [ 133.896486505999974, -2.160047207 ], [ 133.879599134000046, -2.153687682999987 ], [ 133.881024256764192, -2.143980063329215 ], [ 133.897802781999985, -2.142658907999987 ], [ 133.89772351199997, -2.147437732000014 ], [ 133.900235330999976, -2.151025005 ], [ 133.902181044000031, -2.142836756 ], [ 133.904775521000033, -2.150256457000012 ], [ 133.915021162000016, -2.154597229 ], [ 133.910866554, -2.150921152000024 ], [ 133.915770071, -2.150583868000012 ], [ 133.919037936999985, -2.14632672 ], [ 133.910162893, -2.150177034000023 ], [ 133.913310713999977, -2.14284077100001 ], [ 133.904521306, -2.142313854 ], [ 133.938737888999981, -2.137615391999987 ] ] ], [ [ [ 133.669743627, -2.13332330999998 ], [ 133.672828134000042, -2.149164727000027 ], [ 133.66651463300002, -2.14968985500002 ], [ 133.664059856, -2.155567414000018 ], [ 133.665818066000043, -2.16127042 ], [ 133.656413414999975, -2.161495328 ], [ 133.646109339999953, -2.172957258 ], [ 133.650019730000054, -2.186901431000024 ], [ 133.639380263000021, -2.193841408000026 ], [ 133.65579990351975, -2.204945010421399 ], [ 133.639462163153183, -2.217667074338807 ], [ 133.63832357900003, -2.213003104999984 ], [ 133.642742138000017, -2.210303205 ], [ 133.643308542999989, -2.207369891999974 ], [ 133.638192960999959, -2.212476575999972 ], [ 133.633889487000033, -2.204885429 ], [ 133.620293334000053, -2.19858512899998 ], [ 133.625074405999953, -2.192704719 ], [ 133.630314086, -2.199005075 ], [ 133.63654129300005, -2.197403679999979 ], [ 133.633083189, -2.186969643999987 ], [ 133.642191941999954, -2.173667876000025 ], [ 133.634121829000037, -2.156318436 ], [ 133.642260599999986, -2.1620373 ], [ 133.649431381, -2.162361890999989 ], [ 133.640765893999969, -2.159875695999972 ], [ 133.649379945999954, -2.150729733999981 ], [ 133.653922116999979, -2.15647536 ], [ 133.659400399, -2.155454717999987 ], [ 133.668073127999946, -2.135889921 ], [ 133.661224124, -2.136995191999972 ], [ 133.669743627, -2.13332330999998 ] ] ], [ [ [ 133.948063543999979, -2.133828845999972 ], [ 133.943517793999945, -2.136690514 ], [ 133.941357380488682, -2.142339454224457 ], [ 133.941507239999964, -2.134419564999973 ], [ 133.948063543999979, -2.133828845999972 ] ] ], [ [ [ 133.670949722000046, -2.132038790000024 ], [ 133.670877100999974, -2.13354075 ], [ 133.670009469999968, -2.133350786999983 ], [ 133.670949722000046, -2.132038790000024 ] ] ], [ [ [ 133.674268768000047, -2.130803588999981 ], [ 133.673973207000017, -2.130600632999972 ], [ 133.674343715999953, -2.130685697 ], [ 133.674268768000047, -2.130803588999981 ] ] ], [ [ [ 133.665731325000024, -2.129578647000017 ], [ 133.653762476, -2.138932549 ], [ 133.653005443999973, -2.142291065999984 ], [ 133.65043468600004, -2.132043877 ], [ 133.656888287000015, -2.134150053999974 ], [ 133.665731325000024, -2.129578647000017 ] ] ], [ [ [ 133.660030687000017, -2.128506080000022 ], [ 133.661699935, -2.129282577000026 ], [ 133.659428661, -2.128914708000025 ], [ 133.660030687000017, -2.128506080000022 ] ] ], [ [ [ 133.675661919000049, -2.127162092 ], [ 133.676765865999982, -2.126916997000023 ], [ 133.675890925999965, -2.127870453000014 ], [ 133.676288051000029, -2.129525318999981 ], [ 133.675661919000049, -2.127162092 ] ] ], [ [ [ 133.713384592000011, -2.125544376 ], [ 133.714099433, -2.125607173999981 ], [ 133.713972641000055, -2.126284762000012 ], [ 133.713384592000011, -2.125544376 ] ] ], [ [ [ 133.713313224999979, -2.125669903000016 ], [ 133.714542834999975, -2.129241279999974 ], [ 133.713089398999955, -2.129150945999982 ], [ 133.711742703000027, -2.130581241000016 ], [ 133.713248679, -2.126456534999988 ], [ 133.712914669000043, -2.125843202 ], [ 133.711424788000045, -2.125411665 ], [ 133.713313224999979, -2.125669903000016 ] ] ], [ [ [ 133.743995242999972, -2.126236150000011 ], [ 133.749766228, -2.12336786100002 ], [ 133.750981110999987, -2.12851686800002 ], [ 133.756110483000043, -2.134754891999989 ], [ 133.748578089000034, -2.131184628000028 ], [ 133.752319788000023, -2.135413587000016 ], [ 133.74681135000003, -2.137085792 ], [ 133.746386350999956, -2.13951326900002 ], [ 133.747857872000054, -2.14215092500001 ], [ 133.755314633000012, -2.147304500000018 ], [ 133.767697945, -2.146116817 ], [ 133.765741909999974, -2.157138493 ], [ 133.755686196000056, -2.15392247 ], [ 133.761310397999978, -2.15819233000002 ], [ 133.753702857, -2.160126462999983 ], [ 133.752802383623134, -2.168908075247439 ], [ 133.734090722000019, -2.159429434 ], [ 133.739449752000041, -2.15620506800002 ], [ 133.746346284999959, -2.158501421999972 ], [ 133.749205318, -2.156307937 ], [ 133.745933109000021, -2.149547219 ], [ 133.747572881, -2.147473862000027 ], [ 133.747327803999951, -2.144519859000013 ], [ 133.746175307000044, -2.142894017 ], [ 133.743155445999946, -2.148193821 ], [ 133.747422186999984, -2.156868605 ], [ 133.746180082000024, -2.15791651 ], [ 133.742352961000051, -2.155741868 ], [ 133.735800069, -2.156092015000013 ], [ 133.733444108999947, -2.159228878000022 ], [ 133.737295851999988, -2.164971705000028 ], [ 133.716604948000054, -2.155899809 ], [ 133.717822029, -2.152766650999979 ], [ 133.724314087000039, -2.158538335 ], [ 133.728345635999972, -2.157800371 ], [ 133.728733333000037, -2.150703431000011 ], [ 133.730450519999977, -2.149755019 ], [ 133.731994566000026, -2.147911423999972 ], [ 133.732497856, -2.149591084 ], [ 133.733216793999986, -2.150085414999978 ], [ 133.734250646999953, -2.149900001 ], [ 133.735006540999962, -2.148622178999972 ], [ 133.727022518000012, -2.146411979 ], [ 133.736197801, -2.145907379 ], [ 133.742244535000054, -2.130281984000021 ], [ 133.736626423999951, -2.134724635 ], [ 133.731553652, -2.12774158000002 ], [ 133.743995242999972, -2.126236150000011 ] ] ], [ [ [ 133.964847680000048, -2.131496087000016 ], [ 133.960946760999946, -2.12449583199998 ], [ 133.96537078542903, -2.122191170511851 ], [ 133.967576562999966, -2.126713129 ], [ 133.964847680000048, -2.131496087000016 ] ] ], [ [ [ 133.710929975, -2.119684211999981 ], [ 133.710739655999987, -2.119499167000015 ], [ 133.71081031999995, -2.119390183 ], [ 133.710929975, -2.119684211999981 ] ] ], [ [ [ 133.72221540299995, -2.120011647000013 ], [ 133.720145344, -2.120921452 ], [ 133.719863743000019, -2.119317324 ], [ 133.72221540299995, -2.120011647000013 ] ] ], [ [ [ 133.969743680999954, -2.121700608000026 ], [ 133.966121139589006, -2.120992974392406 ], [ 133.966509621375877, -2.119785631863671 ], [ 133.969743680999954, -2.121700608000026 ] ] ], [ [ [ 133.657300932999988, -2.119000369999981 ], [ 133.659558458, -2.120012049000024 ], [ 133.652930081000022, -2.119522295000024 ], [ 133.654493384000034, -2.117516009999974 ], [ 133.657300932999988, -2.119000369999981 ] ] ], [ [ [ 133.699299570999983, -2.119851638 ], [ 133.706093282999973, -2.117582769000023 ], [ 133.707692462999944, -2.116191841999978 ], [ 133.707183551999947, -2.118783292999979 ], [ 133.708409975, -2.120315996999977 ], [ 133.712428885, -2.121164589999978 ], [ 133.711263534999944, -2.122416900000019 ], [ 133.711134199999947, -2.125478656999974 ], [ 133.712880698000049, -2.127009045000023 ], [ 133.709341429, -2.128122428999973 ], [ 133.709110025999962, -2.122366038999985 ], [ 133.706535478999967, -2.121263410999973 ], [ 133.703333111, -2.123038689999987 ], [ 133.702120061999949, -2.119366297999989 ], [ 133.699299570999983, -2.119851638 ] ] ], [ [ [ 133.650436701, -2.114951943999984 ], [ 133.648807563999981, -2.120346399000027 ], [ 133.651175212, -2.124459323999986 ], [ 133.643804338999985, -2.127611718000026 ], [ 133.650436701, -2.114951943999984 ] ] ], [ [ [ 133.659033487999977, -2.114105853000012 ], [ 133.658769463999988, -2.113875993000022 ], [ 133.659157263, -2.11394442400001 ], [ 133.659033487999977, -2.114105853000012 ] ] ], [ [ [ 133.657799867, -2.117553481000016 ], [ 133.664196576, -2.116018925 ], [ 133.664427327999988, -2.120977093000022 ], [ 133.659866655999963, -2.124585911999986 ], [ 133.660287982, -2.126385459 ], [ 133.663576217000013, -2.128564273 ], [ 133.659149767000031, -2.125759580000022 ], [ 133.657094143999984, -2.133292917 ], [ 133.653811143999974, -2.129841092 ], [ 133.649500707000016, -2.13200029799998 ], [ 133.650052430999949, -2.145765899000025 ], [ 133.644308569000032, -2.129114005000019 ], [ 133.655466363999949, -2.124927434000028 ], [ 133.649915723000049, -2.120393337999985 ], [ 133.649907668999958, -2.119178765000015 ], [ 133.651409014000023, -2.116425736 ], [ 133.652837842000054, -2.120680015 ], [ 133.659103128999959, -2.120691496 ], [ 133.661222530000032, -2.117749222999976 ], [ 133.656805649000034, -2.118641395999987 ], [ 133.655251250999981, -2.115534129000025 ], [ 133.657799867, -2.117553481000016 ] ] ], [ [ [ 133.656001912999955, -2.112206844000013 ], [ 133.654515573000026, -2.112946066 ], [ 133.65429421500005, -2.112325344999988 ], [ 133.656001912999955, -2.112206844000013 ] ] ], [ [ [ 133.752872298000057, -2.111268139 ], [ 133.757920066999986, -2.11827495 ], [ 133.759878655999955, -2.121540053 ], [ 133.759130107000033, -2.122189935 ], [ 133.758228238000015, -2.124338688000023 ], [ 133.758448300000055, -2.125845758000025 ], [ 133.758822854999949, -2.126461835999976 ], [ 133.759300025000016, -2.126870514000018 ], [ 133.764123931999961, -2.124126403999981 ], [ 133.763518487000056, -2.115183049999985 ], [ 133.776254988, -2.126546678000011 ], [ 133.770185635758651, -2.161088670605698 ], [ 133.756692807000036, -2.167052738 ], [ 133.754286449, -2.161538821000022 ], [ 133.764773829999967, -2.159042979 ], [ 133.769014490000018, -2.153426387000025 ], [ 133.767123087999948, -2.134056884000017 ], [ 133.755018030999963, -2.146144260000028 ], [ 133.747152882000023, -2.13794569800001 ], [ 133.756313939000052, -2.136587012 ], [ 133.757073478000052, -2.133362593000015 ], [ 133.754687174999958, -2.130277761 ], [ 133.756862621999971, -2.130823261999979 ], [ 133.762403770999981, -2.130129853000028 ], [ 133.75399008, -2.12284859 ], [ 133.753642224000032, -2.13031865 ], [ 133.751944752999975, -2.128145120999989 ], [ 133.750299930999972, -2.12007515099998 ], [ 133.749387533, -2.119538824000017 ], [ 133.744153932000017, -2.125770959000022 ], [ 133.73000399, -2.118819299 ], [ 133.736798040000053, -2.120623433999981 ], [ 133.74069251200001, -2.113719333 ], [ 133.749345358000028, -2.115816707000022 ], [ 133.752872298000057, -2.111268139 ] ] ], [ [ [ 133.668559931, -2.113069188999987 ], [ 133.666582379000033, -2.112333478999972 ], [ 133.666560936999986, -2.10852853 ], [ 133.668559931, -2.113069188999987 ] ] ], [ [ [ 133.713319588, -2.108360156 ], [ 133.71842119300004, -2.115926103 ], [ 133.722068007999951, -2.117305665 ], [ 133.71916183999997, -2.119261553 ], [ 133.720448142, -2.125290727 ], [ 133.712572689000012, -2.124427906 ], [ 133.713220233000015, -2.118705894000016 ], [ 133.710133187999986, -2.113664394000011 ], [ 133.710063364, -2.119945619000021 ], [ 133.707849257000021, -2.115883714 ], [ 133.702973347000011, -2.115379974 ], [ 133.713319588, -2.108360156 ] ] ], [ [ [ 133.713533378999955, -2.108091436 ], [ 133.712889948999987, -2.10808087800001 ], [ 133.713500830000044, -2.10768649 ], [ 133.713533378999955, -2.108091436 ] ] ], [ [ [ 133.902600459000041, -2.109859533000019 ], [ 133.914781867232222, -2.118496281656924 ], [ 133.892381861933785, -2.13201086086914 ], [ 133.88859813800002, -2.120526407 ], [ 133.891473826154311, -2.132149496061359 ], [ 133.87823057667984, -2.134171421274017 ], [ 133.876797813250562, -2.114329107970974 ], [ 133.902600459000041, -2.109859533000019 ] ] ], [ [ [ 133.715346869999962, -2.10723284 ], [ 133.713867994, -2.10816818 ], [ 133.713607083000056, -2.107611168 ], [ 133.715346869999962, -2.10723284 ] ] ], [ [ [ 133.914310426000043, -2.109654686999988 ], [ 133.916808164000031, -2.108852383999988 ], [ 133.917877169, -2.109465446 ], [ 133.914310426000043, -2.109654686999988 ] ] ], [ [ [ 133.913536648, -2.108286865000025 ], [ 133.913862257, -2.108925689999978 ], [ 133.913647053999966, -2.109128833999989 ], [ 133.913536648, -2.108286865000025 ] ] ], [ [ [ 133.722155728999951, -2.107921304 ], [ 133.734475998999983, -2.112789355000018 ], [ 133.739858138000045, -2.110750123 ], [ 133.736759789999951, -2.119820262000019 ], [ 133.729302543000017, -2.118569716000025 ], [ 133.734615082, -2.144312542000023 ], [ 133.72691601300005, -2.139790447 ], [ 133.726224680999962, -2.157056004000026 ], [ 133.719062732, -2.150331710999978 ], [ 133.71193868499995, -2.156977998 ], [ 133.710037742000054, -2.146462695000025 ], [ 133.722935157000052, -2.14377202999998 ], [ 133.71544109499996, -2.137402689999988 ], [ 133.722753055, -2.134840322 ], [ 133.723676381000018, -2.133349333000012 ], [ 133.722867647000044, -2.130924505999985 ], [ 133.723675281000055, -2.130290205 ], [ 133.711516911, -2.135547807000023 ], [ 133.725856109, -2.122522600000025 ], [ 133.722974355000019, -2.11785095800002 ], [ 133.724973095999985, -2.117713852 ], [ 133.72901041800003, -2.113253149 ], [ 133.727875972, -2.11034328300002 ], [ 133.723703904, -2.117669735 ], [ 133.715456938999978, -2.107239084000014 ], [ 133.722155728999951, -2.107921304 ] ] ], [ [ [ 133.968009628572787, -2.106087199533315 ], [ 133.96818979, -2.105579834000025 ], [ 133.969556398963789, -2.105689297984782 ], [ 133.968009628572787, -2.106087199533315 ] ] ], [ [ [ 133.736666204000016, -2.103070897 ], [ 133.734653687, -2.104319098000019 ], [ 133.73552780600005, -2.101285905999987 ], [ 133.736666204000016, -2.103070897 ] ] ], [ [ [ 133.847988607000048, -2.100318947 ], [ 133.866092031, -2.114786276000018 ], [ 133.873476236039551, -2.112459989337006 ], [ 133.869253202273484, -2.1401316466581 ], [ 133.836180804000037, -2.130809693 ], [ 133.842027383695324, -2.115254814294927 ], [ 133.84476053100002, -2.115900881000016 ], [ 133.844635617, -2.120406128000013 ], [ 133.847698968000032, -2.123796947000017 ], [ 133.852700041000048, -2.123214295000025 ], [ 133.854483639000023, -2.120708418999982 ], [ 133.857692795000048, -2.121026651000022 ], [ 133.854090295999981, -2.120420465999985 ], [ 133.847678117999976, -2.12267823000002 ], [ 133.849178251000012, -2.112916385 ], [ 133.842314030401326, -2.114501006363564 ], [ 133.847988607000048, -2.100318947 ] ] ], [ [ [ 133.670975496999972, -2.100276803999975 ], [ 133.704095102, -2.109551012999987 ], [ 133.69893808300003, -2.120028790999982 ], [ 133.711338411000042, -2.131713515 ], [ 133.714869970999985, -2.130332716999987 ], [ 133.699919161000025, -2.136746146 ], [ 133.703270353, -2.130573218999984 ], [ 133.700844613999948, -2.124382448 ], [ 133.701136998000038, -2.133975024999984 ], [ 133.694043875000034, -2.136299595000025 ], [ 133.696588338999959, -2.130845709000027 ], [ 133.695840274000034, -2.128346516000022 ], [ 133.691814658, -2.132974207000018 ], [ 133.691042833999973, -2.126444948000028 ], [ 133.68606721499998, -2.126917893999973 ], [ 133.688835192000056, -2.124892756 ], [ 133.689129161999972, -2.122270002 ], [ 133.685951732000035, -2.12639730799998 ], [ 133.685929648999945, -2.122255788000018 ], [ 133.684304113000053, -2.124129486000015 ], [ 133.693930924000028, -2.150394853000023 ], [ 133.699225844000011, -2.151489917 ], [ 133.707249967000052, -2.141394248999973 ], [ 133.707544200000029, -2.156488388000014 ], [ 133.719533702785583, -2.162301780305537 ], [ 133.705059151, -2.171781243999988 ], [ 133.708638932999975, -2.165450927999984 ], [ 133.704122463999965, -2.166188756999986 ], [ 133.700284924000016, -2.160188407000021 ], [ 133.698098879999975, -2.160074518999977 ], [ 133.699275316000012, -2.157043756 ], [ 133.699213651000036, -2.156062013 ], [ 133.698473510999975, -2.154975874 ], [ 133.696417323999981, -2.154516976000025 ], [ 133.697918933999972, -2.160316903000023 ], [ 133.703386403999957, -2.165289181 ], [ 133.703718403000039, -2.171172179999985 ], [ 133.707071703999986, -2.173265562999973 ], [ 133.705226531, -2.175484969000024 ], [ 133.688546531000043, -2.163160733999973 ], [ 133.704453726999986, -2.176240963 ], [ 133.693717963912974, -2.197831901820818 ], [ 133.684520262999968, -2.188500701 ], [ 133.686500539, -2.168348138999988 ], [ 133.671789406000016, -2.171250783 ], [ 133.67604475600001, -2.169710404999989 ], [ 133.680646753000019, -2.163022705 ], [ 133.672569492999969, -2.165200799 ], [ 133.677099268, -2.160513517000027 ], [ 133.670811542000024, -2.156181129 ], [ 133.68252664900001, -2.152409850000026 ], [ 133.679613476999975, -2.14702164 ], [ 133.690119055999958, -2.150443134999989 ], [ 133.688792813999953, -2.139131717 ], [ 133.677568591999943, -2.142572893000022 ], [ 133.682560738, -2.133813375999978 ], [ 133.679201052000053, -2.132350573 ], [ 133.676968989999978, -2.142439447000015 ], [ 133.67271396000001, -2.139890187 ], [ 133.676742623, -2.131542926 ], [ 133.674171609000041, -2.130388978999974 ], [ 133.668972897, -2.13169063700002 ], [ 133.676554127000031, -2.12975928100002 ], [ 133.678411317000041, -2.127390140999978 ], [ 133.675478358999953, -2.126033475999975 ], [ 133.677359432, -2.125979282 ], [ 133.678626195, -2.124718905 ], [ 133.67870688000005, -2.12392723 ], [ 133.677784808999945, -2.122721808999984 ], [ 133.673649003000037, -2.125694975999977 ], [ 133.673298081999974, -2.121572115999982 ], [ 133.671176404999983, -2.121198959000026 ], [ 133.673881986999959, -2.127177624000012 ], [ 133.670480612, -2.127997962 ], [ 133.672522298999979, -2.126365909000015 ], [ 133.67178464899996, -2.123963329999981 ], [ 133.667262132000019, -2.12226913500001 ], [ 133.672248998999976, -2.126216888999977 ], [ 133.667810946000031, -2.126412167000012 ], [ 133.669031077, -2.130357296 ], [ 133.667029215999946, -2.132135393 ], [ 133.666414272999987, -2.128666947999989 ], [ 133.660629336000056, -2.125155023 ], [ 133.671668397999952, -2.118142515999978 ], [ 133.668313176999959, -2.114427336 ], [ 133.67337309200002, -2.10794230800002 ], [ 133.672123132000024, -2.103734723 ], [ 133.674800639999944, -2.106165660999977 ], [ 133.67607507699995, -2.104748418999975 ], [ 133.675586552000027, -2.103138602 ], [ 133.67760953100003, -2.103719840999986 ], [ 133.678237943, -2.102850760000024 ], [ 133.671628497000029, -2.103455773 ], [ 133.668794818000038, -2.112937115000022 ], [ 133.667552764999982, -2.108504797000023 ], [ 133.666036250000047, -2.108249877 ], [ 133.66604952800003, -2.112674334000019 ], [ 133.66824400400003, -2.115910736999979 ], [ 133.667639510999948, -2.117120291999981 ], [ 133.664518685999951, -2.116465532 ], [ 133.66554865, -2.113817897999979 ], [ 133.66324402500004, -2.113448689999984 ], [ 133.664060111000026, -2.110416412 ], [ 133.662829265000028, -2.109600764999982 ], [ 133.663031051999951, -2.113844061 ], [ 133.658761944000048, -2.113786738999977 ], [ 133.657575929000018, -2.117167875 ], [ 133.657652080000048, -2.110107571000015 ], [ 133.647070405000022, -2.110690084999987 ], [ 133.646380973999953, -2.120938819 ], [ 133.643710693, -2.117382683000017 ], [ 133.638585017999958, -2.118615875999978 ], [ 133.646009732000039, -2.135644351999986 ], [ 133.638391439999964, -2.140071471999988 ], [ 133.642830158000038, -2.134562985 ], [ 133.64117519499996, -2.133229555000014 ], [ 133.636531404000038, -2.134580427 ], [ 133.639315861999989, -2.13111161 ], [ 133.635252854999976, -2.119021743000019 ], [ 133.635875680000026, -2.134711015999983 ], [ 133.640892754, -2.136804059999974 ], [ 133.631731963, -2.136331992 ], [ 133.630539129, -2.138672703999987 ], [ 133.632637718999945, -2.13018415 ], [ 133.626866338000013, -2.132027365999988 ], [ 133.623984974, -2.130470048 ], [ 133.626860771999986, -2.131049037000025 ], [ 133.629572456, -2.129031103999978 ], [ 133.630547439, -2.12416254599998 ], [ 133.628259625000055, -2.122428614 ], [ 133.623498791999964, -2.130234368 ], [ 133.626483783000026, -2.137253570999974 ], [ 133.61882071499997, -2.132201861 ], [ 133.621289281000031, -2.131673870999975 ], [ 133.622168155000054, -2.130924882999977 ], [ 133.623083916000041, -2.128196431 ], [ 133.620302980000019, -2.127306880999981 ], [ 133.622656513000038, -2.126254394 ], [ 133.622980644999984, -2.125147812000023 ], [ 133.619568325000046, -2.127177553000024 ], [ 133.621600619, -2.130905098000028 ], [ 133.618381530999955, -2.131676229 ], [ 133.624572656000055, -2.142047596 ], [ 133.605717711000011, -2.145019848 ], [ 133.602874, -2.141917637 ], [ 133.605333649000045, -2.139911477 ], [ 133.607377592000034, -2.13284653300002 ], [ 133.609625, -2.133239068000023 ], [ 133.610397024, -2.129043586000023 ], [ 133.601994901000012, -2.134382752000022 ], [ 133.606131923000021, -2.135321669 ], [ 133.602173785, -2.141512886999976 ], [ 133.60502443300004, -2.145594964 ], [ 133.595868707000022, -2.148718011000028 ], [ 133.582390472000043, -2.147805527 ], [ 133.582021749999967, -2.137903752999989 ], [ 133.58120850499995, -2.137723853000011 ], [ 133.578224170999988, -2.139221986 ], [ 133.580195562999961, -2.137238965999984 ], [ 133.578999360000012, -2.135830667999983 ], [ 133.580767803999947, -2.135734458 ], [ 133.580543272, -2.134904016 ], [ 133.578748164, -2.135733991999984 ], [ 133.57789161200003, -2.139386377999983 ], [ 133.580709694, -2.142264173 ], [ 133.57439381100005, -2.146198415000015 ], [ 133.573823029999971, -2.141290942000012 ], [ 133.567438475000017, -2.137559184999986 ], [ 133.572576257000037, -2.132761237000011 ], [ 133.571195194999973, -2.128724214999977 ], [ 133.569456366000054, -2.129111524999985 ], [ 133.566913932000034, -2.137707722000016 ], [ 133.573228494999967, -2.141879710000012 ], [ 133.565406267999947, -2.142282275000014 ], [ 133.574609117000023, -2.147332229000028 ], [ 133.580049893000023, -2.143684801 ], [ 133.581546264000053, -2.1486582 ], [ 133.579435332, -2.158474421 ], [ 133.575864055000011, -2.158828287 ], [ 133.573664322000013, -2.155195698999989 ], [ 133.567621605, -2.153218482999989 ], [ 133.575404187, -2.159369495000021 ], [ 133.563990387999979, -2.167619662 ], [ 133.554506782999965, -2.144894427 ], [ 133.554671110999948, -2.150628847 ], [ 133.544642682000017, -2.15045607899998 ], [ 133.551539485000035, -2.132437131000017 ], [ 133.561737469000036, -2.133846420999987 ], [ 133.568192461999956, -2.124220693999973 ], [ 133.589980772, -2.135602919 ], [ 133.638378408, -2.105167071999972 ], [ 133.670975496999972, -2.100276803999975 ] ] ], [ [ [ 133.750176700999987, -2.100039037999977 ], [ 133.766046568999968, -2.103328060000024 ], [ 133.771968820999973, -2.099170759 ], [ 133.768672749999951, -2.104659297000012 ], [ 133.769505314999947, -2.107991928 ], [ 133.780064778, -2.113428671 ], [ 133.788953070000048, -2.113381033 ], [ 133.776684811, -2.124844511999981 ], [ 133.762207856000032, -2.11363852400001 ], [ 133.761899847, -2.124410753 ], [ 133.760995091000041, -2.113707869 ], [ 133.750176700999987, -2.100039037999977 ] ] ], [ [ [ 133.94828263, -2.093436598999972 ], [ 133.952433821263895, -2.09940746478266 ], [ 133.947286341999984, -2.095126027999981 ], [ 133.941552660999946, -2.104282072 ], [ 133.938489698000012, -2.096028741 ], [ 133.940678969000032, -2.098959649 ], [ 133.94828263, -2.093436598999972 ] ] ], [ [ [ 133.921638217, -2.095886822000011 ], [ 133.92118693882631, -2.113205904129162 ], [ 133.916180684371199, -2.117340904913872 ], [ 133.918650824999986, -2.109487277000028 ], [ 133.911931998999989, -2.102758418 ], [ 133.921638217, -2.095886822000011 ] ] ], [ [ [ 133.916766366000047, -2.091275006999979 ], [ 133.916486007, -2.091154827000025 ], [ 133.91651673399997, -2.090928315999975 ], [ 133.916766366000047, -2.091275006999979 ] ] ], [ [ [ 133.95008250876495, -2.092592748855554 ], [ 133.952045267075107, -2.090868651645818 ], [ 133.953820302455767, -2.092558273349712 ], [ 133.95008250876495, -2.092592748855554 ] ] ], [ [ [ 133.971974893000038, -2.089502376999974 ], [ 134.007196207999982, -2.156479675000014 ], [ 133.980754348, -2.135085033 ], [ 133.98498995, -2.141295099 ], [ 133.976332803999981, -2.153131894000012 ], [ 133.965741966, -2.145476269000028 ], [ 133.975094144999957, -2.139109083 ], [ 133.975803155999984, -2.134747620999974 ], [ 133.964583701000038, -2.145142696 ], [ 133.955159461, -2.146369135999976 ], [ 133.956464561999951, -2.141150326 ], [ 133.951296423000031, -2.143973985 ], [ 133.947492932000046, -2.149600094 ], [ 133.941418837726019, -2.152011491638517 ], [ 133.94303065400004, -2.140448956 ], [ 133.944677459, -2.140416179 ], [ 133.946377297000026, -2.142441674999986 ], [ 133.948015166, -2.142537116000028 ], [ 133.94341659600002, -2.139358609 ], [ 133.950445877999982, -2.140588335000018 ], [ 133.943800019000037, -2.137338995 ], [ 133.955824152, -2.13565515099998 ], [ 133.948743280000031, -2.131088728 ], [ 133.960603142999958, -2.125267843000017 ], [ 133.962838584, -2.13783182100002 ], [ 133.973641779, -2.128857685000014 ], [ 133.972707295999953, -2.119436292999978 ], [ 133.966732366765257, -2.119093372945072 ], [ 133.973805587000015, -2.10555850999998 ], [ 133.970005026083385, -2.10892244367512 ], [ 133.971974893000038, -2.089502376999974 ] ] ], [ [ [ 133.967185110225415, -2.095584583921748 ], [ 133.962313462999987, -2.113909123999974 ], [ 133.963336320000053, -2.106639707999989 ], [ 133.957634439, -2.10772582300001 ], [ 133.961311366426429, -2.120447720985569 ], [ 133.939669749759247, -2.127732535328258 ], [ 133.940531767000039, -2.122500372 ], [ 133.945271021000053, -2.124577226999975 ], [ 133.951735001999964, -2.115143714 ], [ 133.94114097, -2.121245698 ], [ 133.946757014000013, -2.115504027999975 ], [ 133.941613328000017, -2.117087882000021 ], [ 133.941945041420041, -2.107843655989203 ], [ 133.944687306, -2.109431772 ], [ 133.949239946000034, -2.110954735 ], [ 133.942210585999987, -2.106611923 ], [ 133.967185110225415, -2.095584583921748 ] ] ], [ [ [ 133.936743289, -2.089474724000013 ], [ 133.936110100900464, -2.126130846361468 ], [ 133.901733926174302, -2.13592761070172 ], [ 133.928714057999969, -2.122370800999988 ], [ 133.933473467999988, -2.10997199000002 ], [ 133.928471140128607, -2.112796309252722 ], [ 133.932892351999953, -2.105191986000023 ], [ 133.927545452852343, -2.101684247627967 ], [ 133.934640325000032, -2.104571831999976 ], [ 133.93579906399998, -2.104360493 ], [ 133.927504985095936, -2.101198467803006 ], [ 133.926586276783411, -2.090170182500014 ], [ 133.936743289, -2.089474724000013 ] ] ], [ [ [ 133.955329591, -2.088320177000014 ], [ 133.959644216782863, -2.092504556529305 ], [ 133.953192885068376, -2.089950465761005 ], [ 133.955329591, -2.088320177000014 ] ] ], [ [ [ 133.906684749999954, -2.088453741000023 ], [ 133.90940699600003, -2.088993945000027 ], [ 133.90814889, -2.091610313 ], [ 133.906684749999954, -2.088453741000023 ] ] ], [ [ [ 133.911946693, -2.087039022 ], [ 133.911482783, -2.087672977000011 ], [ 133.911573023999949, -2.087025515999983 ], [ 133.911946693, -2.087039022 ] ] ], [ [ [ 133.94110368500003, -2.097223217000021 ], [ 133.942319258, -2.090982777000022 ], [ 133.945995408000044, -2.092308714000012 ], [ 133.94110368500003, -2.097223217000021 ] ] ], [ [ [ 133.961609819000046, -2.08811821 ], [ 133.968516322622378, -2.092630094366934 ], [ 133.961561918192416, -2.092486868627934 ], [ 133.961609819000046, -2.08811821 ] ] ], [ [ [ 133.808791163000024, -2.088217609000026 ], [ 133.816060890000017, -2.092128994 ], [ 133.813816120999945, -2.097648102999983 ], [ 133.808791163000024, -2.088217609000026 ] ] ], [ [ [ 133.960342743999945, -2.087132751000013 ], [ 133.957509276, -2.087179579 ], [ 133.957639665999977, -2.086247534999984 ], [ 133.960342743999945, -2.087132751000013 ] ] ], [ [ [ 133.80552745, -2.085669017999976 ], [ 133.812762927, -2.100543056 ], [ 133.803209982999988, -2.104024965 ], [ 133.80552745, -2.085669017999976 ] ] ], [ [ [ 133.942865305000055, -2.089167649999979 ], [ 133.94537195099997, -2.088496269000018 ], [ 133.947218585266853, -2.089704017604115 ], [ 133.947275011999977, -2.092241243999979 ], [ 133.942865305000055, -2.089167649999979 ] ] ], [ [ [ 133.809726074999958, -2.085742625000023 ], [ 133.80736355099998, -2.085709587999986 ], [ 133.80670206100001, -2.085012806 ], [ 133.809726074999958, -2.085742625000023 ] ] ], [ [ [ 133.945389202, -2.083709209 ], [ 133.945228687265598, -2.083763702333788 ], [ 133.945562813885971, -2.083542377111129 ], [ 133.945389202, -2.083709209 ] ] ], [ [ [ 133.945955253632121, -2.082976598291358 ], [ 133.945802326000035, -2.082751202 ], [ 133.9459601488945, -2.0828468818553 ], [ 133.945955253632121, -2.082976598291358 ] ] ], [ [ [ 133.947046917983982, -2.087001306301083 ], [ 133.945525141999951, -2.088003324999988 ], [ 133.946227969, -2.086625611999978 ], [ 133.947046917983982, -2.087001306301083 ] ] ], [ [ [ 133.946883961460827, -2.084435736265343 ], [ 133.944957791999968, -2.084498839 ], [ 133.945968904999972, -2.083476454999982 ], [ 133.946883961460827, -2.084435736265343 ] ] ], [ [ [ 133.946847336871656, -2.083859122658702 ], [ 133.946442056766273, -2.082959967286849 ], [ 133.946716691174174, -2.0827780496611 ], [ 133.946847336871656, -2.083859122658702 ] ] ], [ [ [ 133.968242335000014, -2.082274082000026 ], [ 133.967880744000013, -2.082089385000018 ], [ 133.967947554000034, -2.081702176000022 ], [ 133.968242335000014, -2.082274082000026 ] ] ], [ [ [ 133.947534394410582, -2.081605710279923 ], [ 133.94915895400004, -2.081871848999981 ], [ 133.949567712535156, -2.083071167100807 ], [ 133.947534394410582, -2.081605710279923 ] ] ], [ [ [ 133.963217051000015, -2.082081105999976 ], [ 133.964264976999971, -2.086058800999979 ], [ 133.960810069, -2.084508395 ], [ 133.963217051000015, -2.082081105999976 ] ] ], [ [ [ 133.796497612000053, -2.076733419999982 ], [ 133.795893928000055, -2.077219312000011 ], [ 133.795747206999977, -2.076911702000018 ], [ 133.796497612000053, -2.076733419999982 ] ] ], [ [ [ 133.908858807, -2.076474239999982 ], [ 133.90813619100004, -2.076872657000024 ], [ 133.908097833000056, -2.076773326000023 ], [ 133.908858807, -2.076474239999982 ] ] ], [ [ [ 133.910028551999972, -2.076430107000022 ], [ 133.910787125999946, -2.077678991000028 ], [ 133.908967107999956, -2.077217503999975 ], [ 133.910028551999972, -2.076430107000022 ] ] ], [ [ [ 133.910422120000021, -2.085417833 ], [ 133.904982611000037, -2.076650912 ], [ 133.910838853999962, -2.078103928000019 ], [ 133.912950826000042, -2.077639874999988 ], [ 133.920162669999968, -2.086301661999983 ], [ 133.914315622, -2.088639856999976 ], [ 133.913609562000033, -2.094946468999979 ], [ 133.912858639999968, -2.087758959999974 ], [ 133.911476137000022, -2.086608593999983 ], [ 133.911406358000022, -2.089860322999982 ], [ 133.912964367999962, -2.094783085000017 ], [ 133.911941949000038, -2.096730283999989 ], [ 133.910422120000021, -2.085417833 ] ] ], [ [ [ 133.901996506000046, -2.084157296 ], [ 133.892192633000036, -2.088802117 ], [ 133.889067222999984, -2.079937625000014 ], [ 133.89745080199998, -2.075262855 ], [ 133.901996506000046, -2.084157296 ] ] ], [ [ [ 133.944116502000043, -2.074901308999983 ], [ 133.945700493632017, -2.075720995169932 ], [ 133.943936616999963, -2.075334021 ], [ 133.944116502000043, -2.074901308999983 ] ] ], [ [ [ 133.90653531199996, -2.085818217 ], [ 133.90492308, -2.091133157 ], [ 133.910235658000033, -2.099039369000025 ], [ 133.905798986000036, -2.093331778999982 ], [ 133.906063369129299, -2.103694563553221 ], [ 133.896293983099838, -2.101392311049028 ], [ 133.894918779000022, -2.092698935999977 ], [ 133.897675319999962, -2.093149063999988 ], [ 133.901161694000052, -2.091901156 ], [ 133.892743521000057, -2.089643307000017 ], [ 133.904268706000039, -2.085577364000017 ], [ 133.898235764, -2.075009127999976 ], [ 133.90653531199996, -2.085818217 ] ] ], [ [ [ 133.824102086000039, -2.076035653000019 ], [ 133.826615829000048, -2.096474893 ], [ 133.829119248999973, -2.098383128000023 ], [ 133.838418826871845, -2.10018299187986 ], [ 133.817231089132889, -2.137081228121143 ], [ 133.812907845000041, -2.132948374000023 ], [ 133.801195413999949, -2.126608885 ], [ 133.806000094999945, -2.121322163 ], [ 133.806200313999966, -2.11321282900002 ], [ 133.817344417999948, -2.111009648 ], [ 133.81876287, -2.107637002 ], [ 133.805928949999952, -2.112725389 ], [ 133.800300322, -2.125995913999986 ], [ 133.815725893859423, -2.137602432543268 ], [ 133.779851994818529, -2.147792250148428 ], [ 133.778467303999946, -2.131346799000028 ], [ 133.78821359899996, -2.120525642000018 ], [ 133.797373524000022, -2.132887476 ], [ 133.7886062, -2.119716886 ], [ 133.79491482100002, -2.110760901999981 ], [ 133.82136209500004, -2.102443672999982 ], [ 133.814622838999981, -2.099042597 ], [ 133.821303189, -2.09545637399998 ], [ 133.814489407999986, -2.089356587999987 ], [ 133.824102086000039, -2.076035653000019 ] ] ], [ [ [ 133.94928598499996, -2.076550626000028 ], [ 133.950540855999975, -2.074124375 ], [ 133.950742323999975, -2.076315615 ], [ 133.94928598499996, -2.076550626000028 ] ] ], [ [ [ 133.902768791999961, -2.074141273 ], [ 133.908197646999952, -2.074486182999976 ], [ 133.907704313999943, -2.076562707999983 ], [ 133.902768791999961, -2.074141273 ] ] ], [ [ [ 133.922739260999947, -2.072776014999988 ], [ 133.927047227, -2.074200819 ], [ 133.926317580000045, -2.075649634 ], [ 133.922739260999947, -2.072776014999988 ] ] ], [ [ [ 133.927613018999978, -2.070899987000018 ], [ 133.931444414999987, -2.077802916 ], [ 133.933359758000051, -2.071605556 ], [ 133.945558694462164, -2.07605749547103 ], [ 133.943155899725127, -2.081759511592113 ], [ 133.933459244, -2.078157300999976 ], [ 133.931843411828822, -2.084752015603371 ], [ 133.928895623000017, -2.078522857 ], [ 133.93084444712224, -2.085016272760503 ], [ 133.92293852467003, -2.087107634525283 ], [ 133.923175936, -2.076996543 ], [ 133.915308173999961, -2.075230573999988 ], [ 133.927804929999979, -2.076980059 ], [ 133.927613018999978, -2.070899987000018 ] ] ], [ [ [ 133.950415067999984, -2.068212863999975 ], [ 133.95066679599995, -2.069923997999979 ], [ 133.949833977000026, -2.070031315999984 ], [ 133.950415067999984, -2.068212863999975 ] ] ], [ [ [ 133.905219623999983, -2.068086352000023 ], [ 133.906228265999971, -2.068529559000012 ], [ 133.905546126, -2.069628865000027 ], [ 133.905219623999983, -2.068086352000023 ] ] ], [ [ [ 133.931335990999969, -2.06961983399998 ], [ 133.933567616, -2.070499225 ], [ 133.930855674999975, -2.071268557 ], [ 133.931335990999969, -2.06961983399998 ] ] ], [ [ [ 133.906293708000021, -2.067219030999979 ], [ 133.905890384000031, -2.067286200000012 ], [ 133.905957693, -2.06686817100001 ], [ 133.906293708000021, -2.067219030999979 ] ] ], [ [ [ 133.936601556417571, -2.069042842450226 ], [ 133.934002810000038, -2.071569364000027 ], [ 133.936351265094714, -2.066832639200834 ], [ 133.936601556417571, -2.069042842450226 ] ] ], [ [ [ 133.90767603300003, -2.066287607 ], [ 133.908441205000031, -2.068091886 ], [ 133.90681525499997, -2.068242784 ], [ 133.906717091000019, -2.067357628000025 ], [ 133.90767603300003, -2.066287607 ] ] ], [ [ [ 133.908742279999956, -2.070204330000024 ], [ 133.916382079999948, -2.071165424000014 ], [ 133.912916206999967, -2.077106277999974 ], [ 133.912747952000018, -2.070954160999975 ], [ 133.904701930999977, -2.072119014 ], [ 133.908742279999956, -2.070204330000024 ] ] ], [ [ [ 133.907369464, -2.066033005 ], [ 133.906335338999952, -2.066157771 ], [ 133.907371110999975, -2.06584327500002 ], [ 133.907369464, -2.066033005 ] ] ], [ [ [ 133.905294801999958, -2.06673974 ], [ 133.905027202000042, -2.066087874 ], [ 133.90544919599995, -2.065786539999976 ], [ 133.905294801999958, -2.06673974 ] ] ], [ [ [ 133.938412125434382, -2.070543041777661 ], [ 133.947649749774797, -2.066865022311785 ], [ 133.946818963000055, -2.071496275000015 ], [ 133.938412125434382, -2.070543041777661 ] ] ], [ [ [ 133.772528285000021, -2.06789084899998 ], [ 133.772884297000019, -2.079951372999972 ], [ 133.780389625, -2.083423716000027 ], [ 133.778961939000055, -2.086688978999973 ], [ 133.776303198000051, -2.085762724 ], [ 133.776171276000014, -2.086346306999985 ], [ 133.779062573000033, -2.086993355 ], [ 133.780910841000036, -2.083132369999987 ], [ 133.783832939000035, -2.083909122000023 ], [ 133.782642372000055, -2.09095865 ], [ 133.78799113599996, -2.093370960000016 ], [ 133.783913103000032, -2.096897305000027 ], [ 133.788159206000046, -2.103366417000018 ], [ 133.796845379000047, -2.105877822000025 ], [ 133.781260224999983, -2.111956691999978 ], [ 133.770917101, -2.107335802000023 ], [ 133.776948506000053, -2.092237825999973 ], [ 133.760557112000015, -2.087584043 ], [ 133.756394988000011, -2.078818373 ], [ 133.749237011, -2.084324798000011 ], [ 133.77267008900003, -2.098502599000028 ], [ 133.750775531000045, -2.098078902999987 ], [ 133.749202868999987, -2.099958935000018 ], [ 133.753050119000022, -2.10571713500002 ], [ 133.74960717, -2.114889713000025 ], [ 133.739459998000029, -2.109288478999986 ], [ 133.733860156999981, -2.111172825999972 ], [ 133.749374458000034, -2.077979737000021 ], [ 133.765041690999965, -2.065066084000023 ], [ 133.772528285000021, -2.06789084899998 ] ] ], [ [ [ 133.907261274, -2.065135132000023 ], [ 133.906862985999965, -2.065054057 ], [ 133.907038384999964, -2.064692218 ], [ 133.907261274, -2.065135132000023 ] ] ], [ [ [ 133.939808326412447, -2.064863772667922 ], [ 133.938256392999961, -2.064696319 ], [ 133.939765267999974, -2.064737036999986 ], [ 133.939808326412447, -2.064863772667922 ] ] ], [ [ [ 133.94927021268208, -2.06503425486183 ], [ 133.949032524585533, -2.064376817272387 ], [ 133.949040077795189, -2.064373868814616 ], [ 133.94927021268208, -2.06503425486183 ] ] ], [ [ [ 133.949166774926766, -2.063845136044145 ], [ 133.949237859448147, -2.063475496389803 ], [ 133.949796036553607, -2.063866467452337 ], [ 133.949166774926766, -2.063845136044145 ] ] ], [ [ [ 133.877224195000053, -2.063460672000019 ], [ 133.878551743, -2.065363549999972 ], [ 133.87599836000004, -2.063626596 ], [ 133.877224195000053, -2.063460672000019 ] ] ], [ [ [ 133.947749026328211, -2.066071342804387 ], [ 133.94596466500002, -2.064871953000022 ], [ 133.94810320800579, -2.063239790643257 ], [ 133.947749026328211, -2.066071342804387 ] ] ], [ [ [ 133.921282197999972, -2.062908379000021 ], [ 133.918760135999946, -2.064914886999986 ], [ 133.917421831999945, -2.064391181000019 ], [ 133.921282197999972, -2.062908379000021 ] ] ], [ [ [ 133.93821260882487, -2.062945660213972 ], [ 133.937900051876966, -2.062672305096341 ], [ 133.938173970999969, -2.062370155 ], [ 133.93821260882487, -2.062945660213972 ] ] ], [ [ [ 133.918180960999962, -2.060707932000014 ], [ 133.917048861000012, -2.062463236999974 ], [ 133.916253359000052, -2.061576581999987 ], [ 133.918180960999962, -2.060707932000014 ] ] ], [ [ [ 133.956734658999949, -2.060481315 ], [ 133.96573024700001, -2.07965128799998 ], [ 133.961304150000046, -2.073116605999985 ], [ 133.954285244527966, -2.086003545700234 ], [ 133.947768298000028, -2.08048517200001 ], [ 133.95292611800005, -2.073589906999985 ], [ 133.949241420000021, -2.071747291 ], [ 133.955001489999972, -2.068770914000027 ], [ 133.951467189000027, -2.061330557000019 ], [ 133.956734658999949, -2.060481315 ] ] ], [ [ [ 133.919266116000017, -2.058050524 ], [ 133.918392118000043, -2.057689173000028 ], [ 133.91926928800001, -2.05716980699998 ], [ 133.919266116000017, -2.058050524 ] ] ], [ [ [ 133.920108424999967, -2.055161649000013 ], [ 133.921570513, -2.05621372600001 ], [ 133.92048657700002, -2.056292751 ], [ 133.920108424999967, -2.055161649000013 ] ] ], [ [ [ 133.923238008999988, -2.054420016999984 ], [ 133.92243134, -2.054506655000012 ], [ 133.922294650000026, -2.054316463000021 ], [ 133.923238008999988, -2.054420016999984 ] ] ], [ [ [ 133.955251313999952, -2.053990447999979 ], [ 133.957390086000032, -2.060304417 ], [ 133.953900169, -2.05448587 ], [ 133.955251313999952, -2.053990447999979 ] ] ], [ [ [ 133.920192254999961, -2.05169919399998 ], [ 133.923820701999944, -2.053951927000014 ], [ 133.919140243000015, -2.05410777100002 ], [ 133.920192254999961, -2.05169919399998 ] ] ], [ [ [ 133.919768729999987, -2.051152511999987 ], [ 133.919187677999957, -2.051040977000014 ], [ 133.919285894000041, -2.050634651 ], [ 133.919768729999987, -2.051152511999987 ] ] ], [ [ [ 133.949214033999965, -2.050334430000021 ], [ 133.94863240899997, -2.050640597999973 ], [ 133.948562332000051, -2.050329552999983 ], [ 133.949214033999965, -2.050334430000021 ] ] ], [ [ [ 133.92359335499998, -2.050209876 ], [ 133.922700110000051, -2.050425523 ], [ 133.922579246000055, -2.050184941 ], [ 133.92359335499998, -2.050209876 ] ] ], [ [ [ 133.931454003, -2.051087855 ], [ 133.929177933, -2.050534957000025 ], [ 133.931938117999948, -2.049206889 ], [ 133.931454003, -2.051087855 ] ] ], [ [ [ 133.949716104, -2.047475475 ], [ 133.951969868, -2.051535770999976 ], [ 133.950054966000039, -2.052728716 ], [ 133.949754291999966, -2.048933508 ], [ 133.94786087600005, -2.049132844999974 ], [ 133.949716104, -2.047475475 ] ] ], [ [ [ 133.870355804000042, -2.047031173 ], [ 133.867967461000035, -2.047019490000025 ], [ 133.870565659000022, -2.046549321999976 ], [ 133.870355804000042, -2.047031173 ] ] ], [ [ [ 133.953095183999949, -2.056074367 ], [ 133.949451531539751, -2.060420584662793 ], [ 133.952566494000052, -2.051013549 ], [ 133.950258647000055, -2.047330998 ], [ 133.952404581999986, -2.046304803999988 ], [ 133.953095183999949, -2.056074367 ] ] ], [ [ [ 133.867992346000051, -2.050345063 ], [ 133.86763759400003, -2.051265891000014 ], [ 133.865660018999961, -2.050285257999974 ], [ 133.863696748000052, -2.051188329000013 ], [ 133.863650028000052, -2.052821930999983 ], [ 133.865289161999954, -2.054633475 ], [ 133.864802167, -2.055306476999988 ], [ 133.859720369, -2.053792021999982 ], [ 133.85766128299997, -2.054653234999989 ], [ 133.85660950800002, -2.05625438200002 ], [ 133.856565930999977, -2.058744936999972 ], [ 133.860708843999987, -2.062196363999988 ], [ 133.855699439999967, -2.061742716000026 ], [ 133.850776598000039, -2.068007926 ], [ 133.851291762999949, -2.075351523999984 ], [ 133.846188010999981, -2.079512153 ], [ 133.842907365999963, -2.096947592 ], [ 133.836592513000028, -2.093678796 ], [ 133.841489705999948, -2.08735378199998 ], [ 133.841645014000051, -2.070471162999979 ], [ 133.843145994999986, -2.067278803000022 ], [ 133.84752164300005, -2.064544774000012 ], [ 133.850516054999957, -2.06151915800001 ], [ 133.852119975000051, -2.059011385000019 ], [ 133.843199503000051, -2.062564909 ], [ 133.842913158999977, -2.061087081999972 ], [ 133.84491445599997, -2.057978241 ], [ 133.845634989000018, -2.053421571 ], [ 133.840837354999962, -2.050598051 ], [ 133.842431125999951, -2.062294989 ], [ 133.843964496000012, -2.063178231999984 ], [ 133.846433646000037, -2.061794497 ], [ 133.847066874, -2.063129947 ], [ 133.836791941, -2.063551002 ], [ 133.841769304999957, -2.067247708000025 ], [ 133.836289380000039, -2.09103079099998 ], [ 133.836533125999949, -2.086424809999983 ], [ 133.83469801800004, -2.083218573000011 ], [ 133.834565592999979, -2.079954526 ], [ 133.833690108000042, -2.078296007 ], [ 133.835100876999945, -2.094088382 ], [ 133.838788316189607, -2.099539529878217 ], [ 133.826874997, -2.095604337 ], [ 133.829180673999986, -2.075790816 ], [ 133.818652486000019, -2.068554248 ], [ 133.816150395000022, -2.071792515000027 ], [ 133.81673922899995, -2.070076587000017 ], [ 133.81494147, -2.06875908 ], [ 133.813583626999957, -2.068944198 ], [ 133.814126389999956, -2.067502167999976 ], [ 133.813695498000016, -2.066859615999988 ], [ 133.812950847000025, -2.066638477000026 ], [ 133.813286186000028, -2.069136873 ], [ 133.816517396, -2.070230808000019 ], [ 133.816071989999955, -2.072047586 ], [ 133.822978446999969, -2.073400787000026 ], [ 133.816729400999975, -2.086242804 ], [ 133.807233610000026, -2.084089851999977 ], [ 133.807745496000052, -2.080905640000026 ], [ 133.806556916999966, -2.078997023999989 ], [ 133.807158412000035, -2.077075983999976 ], [ 133.800934518999952, -2.096310975999984 ], [ 133.799670161, -2.081995726 ], [ 133.793606566999983, -2.071775269 ], [ 133.801590624000028, -2.103044779000015 ], [ 133.788978778, -2.102364019999982 ], [ 133.788930017999974, -2.092599832000019 ], [ 133.783656974999985, -2.090122633000021 ], [ 133.786459240999989, -2.083531605000019 ], [ 133.780596916000036, -2.081974781999975 ], [ 133.782330323999986, -2.074671288 ], [ 133.778893335000021, -2.082073803000014 ], [ 133.776978827, -2.073091101999978 ], [ 133.771118304999959, -2.065899277000028 ], [ 133.810085102000016, -2.059542433999979 ], [ 133.839483416, -2.04488399600001 ], [ 133.867992346000051, -2.050345063 ] ] ], [ [ [ 133.952182917999949, -2.045709822 ], [ 133.94992317599997, -2.044322925000017 ], [ 133.95132717599995, -2.043412849999982 ], [ 133.952182917999949, -2.045709822 ] ] ], [ [ [ 133.946846735, -2.037546899 ], [ 133.947800378000011, -2.059358941000028 ], [ 133.943132038918606, -2.063099390480084 ], [ 133.941351373999964, -2.057059152000022 ], [ 133.930317787000035, -2.070381132000023 ], [ 133.925840817999983, -2.063611476 ], [ 133.930589885000018, -2.065244699 ], [ 133.928243864000024, -2.062551712000015 ], [ 133.93434457, -2.052493500000026 ], [ 133.934683808000045, -2.046951454 ], [ 133.932566982000026, -2.048577056999989 ], [ 133.931753353999966, -2.047428937 ], [ 133.928918717999977, -2.046441308 ], [ 133.932376438, -2.046647768000014 ], [ 133.934802200000036, -2.042950417999975 ], [ 133.93314353300002, -2.041307282999981 ], [ 133.928673739000033, -2.046027482999989 ], [ 133.928696511999988, -2.051464991999978 ], [ 133.933967779, -2.051365547999978 ], [ 133.924037863999956, -2.062915325 ], [ 133.918526155999984, -2.060717993000026 ], [ 133.927362580000022, -2.049487579000015 ], [ 133.918889462000038, -2.048778047999974 ], [ 133.921378074000017, -2.046957787 ], [ 133.921695721999981, -2.045722900999976 ], [ 133.917510785, -2.044187936000014 ], [ 133.92263884800002, -2.041686355000024 ], [ 133.922829901999989, -2.040954192000015 ], [ 133.922232684000051, -2.040302213000018 ], [ 133.916997667000032, -2.044210310999972 ], [ 133.914124627999968, -2.059825015 ], [ 133.917473119999954, -2.066007042000024 ], [ 133.922570578999967, -2.06470574399998 ], [ 133.921868742000015, -2.07082963 ], [ 133.907734481000034, -2.065231687 ], [ 133.908469449999984, -2.060805244 ], [ 133.911211319000017, -2.061883379999983 ], [ 133.912341878, -2.058219846999975 ], [ 133.906443800000034, -2.047845984 ], [ 133.906371113999967, -2.057138900999973 ], [ 133.904742378000037, -2.052470068 ], [ 133.900626237999973, -2.052362586000015 ], [ 133.902242979999983, -2.050265164 ], [ 133.901589900999966, -2.048061201999985 ], [ 133.897534317, -2.045220659 ], [ 133.895482314999981, -2.046166325 ], [ 133.900384573999986, -2.052829185 ], [ 133.90472923699997, -2.053593044000024 ], [ 133.902432545000011, -2.057498147999979 ], [ 133.899166974999957, -2.054862905999983 ], [ 133.896931130999974, -2.055726850999974 ], [ 133.907334357999957, -2.060164094000015 ], [ 133.903408120999984, -2.065438436000022 ], [ 133.897899025000015, -2.059481598 ], [ 133.897487433000038, -2.059907048000014 ], [ 133.902774934000036, -2.071992546999979 ], [ 133.890609078000011, -2.069298269 ], [ 133.886643771999957, -2.083600744000023 ], [ 133.893666563000011, -2.097740488 ], [ 133.883401561000028, -2.082784866 ], [ 133.886099148999961, -2.076771796 ], [ 133.881144039999981, -2.065377722 ], [ 133.885737929000015, -2.065235031999975 ], [ 133.886445069000047, -2.062616113 ], [ 133.885378507000041, -2.064968355000019 ], [ 133.87890853, -2.062572508000017 ], [ 133.875785264, -2.063662266999984 ], [ 133.884935644000052, -2.07595973399998 ], [ 133.882411268000055, -2.082910943 ], [ 133.885708358999977, -2.08848101000001 ], [ 133.880528096000035, -2.085938559999988 ], [ 133.879824719, -2.079424718999974 ], [ 133.87724471599995, -2.077341526999987 ], [ 133.876643857999966, -2.073785785999974 ], [ 133.874853869000049, -2.070147389 ], [ 133.873073246999979, -2.068395828 ], [ 133.874735968999971, -2.078637947 ], [ 133.863470729000028, -2.071833523 ], [ 133.892805449556818, -2.100570203594052 ], [ 133.870652429787299, -2.107312090499112 ], [ 133.869601568, -2.10087489 ], [ 133.881217854000056, -2.095889906000025 ], [ 133.869075646000056, -2.100452204000021 ], [ 133.870058559999961, -2.096691854000028 ], [ 133.869667586, -2.090366646 ], [ 133.867126292999956, -2.08659921200001 ], [ 133.868769092999969, -2.083241668000028 ], [ 133.866843373000052, -2.086876927999981 ], [ 133.869616901999962, -2.096981495000023 ], [ 133.867094977999955, -2.103275597999982 ], [ 133.850619798000025, -2.095975039999985 ], [ 133.859035875000018, -2.082039708000025 ], [ 133.844936272000041, -2.096291341999972 ], [ 133.852051332999963, -2.075666376000015 ], [ 133.851331763999951, -2.06839211800002 ], [ 133.861072133999983, -2.062671342999977 ], [ 133.860924961000023, -2.060855552000021 ], [ 133.856780479, -2.0570667 ], [ 133.865422579999972, -2.055363992000025 ], [ 133.868355977999954, -2.05065914 ], [ 133.865654126999971, -2.047222687999977 ], [ 133.869177092999962, -2.048471666000012 ], [ 133.918516007, -2.035876631 ], [ 133.946846735, -2.037546899 ] ] ], [ [ [ 133.805078099075104, -2.317767058303049 ], [ 133.806667578845833, -2.317376827178835 ], [ 133.80651529394575, -2.31761477340307 ], [ 133.805078099075104, -2.317767058303049 ] ] ] ] } },
{ "type": "Feature", "properties": { "NAME": "Teluk Lelintah", "DESIG_ENG": "Wildlife Sanctuary", "IUCN_CAT": "Not Reported", "STATUS": "Proposed", "STATUS_YR": 0, "GIS_AREA": 1219.70946352686 }, "geometry": { "type": "MultiPolygon", "coordinates": [ [ [ [ 130.15567918435309, -2.086350922155459 ], [ 130.159917539063287, -2.084889580389776 ], [ 130.160083309297249, -2.085843812342075 ], [ 130.15567918435309, -2.086350922155459 ] ] ], [ [ [ 130.155857612544793, -2.066598922595731 ], [ 130.165564708644411, -2.070115798405331 ], [ 130.169591424904382, -2.067825519232263 ], [ 130.16422461537374, -2.074856617738702 ], [ 130.15578406267187, -2.074740893008991 ], [ 130.155857612544793, -2.066598922595731 ] ] ], [ [ [ 130.173041450002955, -2.064674103227221 ], [ 130.17828563217833, -2.064066559182569 ], [ 130.178889615363573, -2.066507081636454 ], [ 130.173041450002955, -2.064674103227221 ] ] ], [ [ [ 130.182639546378084, -2.061608185769087 ], [ 130.244599486000084, -2.056430275999958 ], [ 130.262919644000021, -2.035760426999957 ], [ 130.259319684000047, -2.021639400999959 ], [ 130.270550462000074, -2.012830305999955 ], [ 130.283040527798278, -2.031023448972929 ], [ 130.274283972027717, -2.033821241656947 ], [ 130.266264468230702, -2.053624135045778 ], [ 130.186962645909489, -2.064430558723279 ], [ 130.182639546378084, -2.061608185769087 ] ] ], [ [ [ 130.292829661000042, -2.009880211999928 ], [ 130.309809603000076, -1.972470335999958 ], [ 130.334429692000072, -1.960219521999932 ], [ 130.314299697000024, -1.979040280999925 ], [ 130.302943301692039, -2.010668421310507 ], [ 130.292829661000042, -2.009880211999928 ] ] ], [ [ [ 130.385486855266834, -2.010672058227842 ], [ 130.385503738306909, -2.010703450803591 ], [ 130.385469004498077, -2.010700045452881 ], [ 130.385486855266834, -2.010672058227842 ] ] ], [ [ [ 130.386349598000038, -2.009319411999968 ], [ 130.393359593000014, -1.998219416999973 ], [ 130.378877099880384, -1.9827715743009 ], [ 130.395645214736021, -1.983861093494146 ], [ 130.404651847005198, -1.993802863911048 ], [ 130.402055200240227, -2.005030949249417 ], [ 130.386349598000038, -2.009319411999968 ] ] ], [ [ [ 130.38364945100011, -1.98072936899996 ], [ 130.38905984263377, -1.980153127135592 ], [ 130.387733084814045, -1.980894473700983 ], [ 130.38364945100011, -1.98072936899996 ] ] ], [ [ [ 130.411127676436223, -1.983794788987665 ], [ 130.415999633000069, -1.984850171999938 ], [ 130.412652006816245, -1.989054775033587 ], [ 130.411127676436223, -1.983794788987665 ] ] ], [ [ [ 130.430729688000042, -1.982590251999966 ], [ 130.432339743000057, -1.969989510999937 ], [ 130.439939651303831, -1.969917230628936 ], [ 130.442092775860942, -1.97843474786526 ], [ 130.430729688000042, -1.982590251999966 ] ] ], [ [ [ 130.450377009610236, -1.969763972592697 ], [ 130.450368402080102, -1.969774355701942 ], [ 130.450364321576728, -1.969764183196327 ], [ 130.450377009610236, -1.969763972592697 ] ] ], [ [ [ 130.451466557935419, -1.972811931925117 ], [ 130.452093819774063, -1.971211383298682 ], [ 130.453093194095686, -1.972706874922286 ], [ 130.451466557935419, -1.972811931925117 ] ] ], [ [ [ 130.454093115249492, -1.96970229043076 ], [ 130.453678572708014, -1.970708967145113 ], [ 130.4531884026228, -1.970850408919228 ], [ 130.454093115249492, -1.96970229043076 ] ] ], [ [ [ 130.455702823085034, -1.96967557152957 ], [ 130.455506044568352, -1.969899877677156 ], [ 130.455665207042642, -1.969676195903322 ], [ 130.455702823085034, -1.96967557152957 ] ] ], [ [ [ 130.461793528479774, -1.969574474329183 ], [ 130.462430923248604, -1.970893470257456 ], [ 130.46093232075242, -1.969588769174286 ], [ 130.461793528479774, -1.969574474329183 ] ] ], [ [ [ 130.465856172398048, -1.969507040115954 ], [ 130.467149452885053, -1.973873267737064 ], [ 130.464786681160462, -1.974705914946023 ], [ 130.465856172398048, -1.969507040115954 ] ] ], [ [ [ 130.475992953325772, -1.969338783714385 ], [ 130.473994410613585, -1.972591108792626 ], [ 130.475328300352288, -1.969349816025176 ], [ 130.475992953325772, -1.969338783714385 ] ] ], [ [ [ 130.492473211316707, -1.969065234455873 ], [ 130.492304584988688, -1.969261956174334 ], [ 130.492356432723454, -1.969067172817373 ], [ 130.492473211316707, -1.969065234455873 ] ] ], [ [ [ 130.497551452154823, -1.968980942752638 ], [ 130.497523793288451, -1.969027886927416 ], [ 130.497512044730911, -1.96898159686082 ], [ 130.497551452154823, -1.968980942752638 ] ] ], [ [ [ 130.503785508546628, -1.968877466125972 ], [ 130.504021567741262, -1.969139381277435 ], [ 130.503588633208835, -1.969268955597775 ], [ 130.503785508546628, -1.968877466125972 ] ] ], [ [ [ 130.607068903413449, -2.004659988364806 ], [ 130.601018989335017, -2.004569686841601 ], [ 130.606991169014663, -2.001715123386627 ], [ 130.607068903413449, -2.004659988364806 ] ] ], [ [ [ 130.527833813560164, -2.229207010415536 ], [ 130.533190187229053, -2.223414510480849 ], [ 130.550778392908541, -2.221294206762186 ], [ 130.527833813560164, -2.229207010415536 ] ] ], [ [ [ 130.504342257442801, -2.22682240498968 ], [ 130.502440621478144, -2.227504917920508 ], [ 130.500641785989728, -2.225207363828746 ], [ 130.504342257442801, -2.22682240498968 ] ] ], [ [ [ 130.485204716224757, -2.22447252868419 ], [ 130.468606532824168, -2.222883000450183 ], [ 130.485139004561432, -2.219937696367596 ], [ 130.485204716224757, -2.22447252868419 ] ] ], [ [ [ 130.463785232994297, -2.222117380683871 ], [ 130.464368694259889, -2.221647782419206 ], [ 130.464078532043629, -2.222132573870014 ], [ 130.463785232994297, -2.222117380683871 ] ] ], [ [ [ 130.461763576670847, -2.22201265685027 ], [ 130.454885935937227, -2.219208803943134 ], [ 130.465122276671764, -2.215797095359667 ], [ 130.461763576670847, -2.22201265685027 ] ] ], [ [ [ 130.448429552000107, -2.218710299999941 ], [ 130.432619614000032, -2.213209499999948 ], [ 130.411098277869229, -2.21235210189771 ], [ 130.414657946906829, -2.20662983090199 ], [ 130.418071679864198, -2.209227409317466 ], [ 130.454756617923607, -2.21388374813643 ], [ 130.448429552000107, -2.218710299999941 ] ] ], [ [ [ 130.257585425256764, -2.228903897091413 ], [ 130.258668915638054, -2.223600957018506 ], [ 130.281523966227297, -2.229097482418519 ], [ 130.257585425256764, -2.228903897091413 ] ] ], [ [ [ 130.604604116886549, -2.223028820923295 ], [ 130.597677474541086, -2.222320243550771 ], [ 130.589249439410224, -2.22145807762813 ], [ 130.597518865703108, -2.221134515945083 ], [ 130.604604116886549, -2.223028820923295 ] ] ], [ [ [ 130.591941909817763, -2.19298703069687 ], [ 130.599546200197096, -2.189991674276298 ], [ 130.605569555290799, -2.194389236773825 ], [ 130.591941909817763, -2.19298703069687 ] ] ], [ [ [ 130.550199544000066, -1.997029345999977 ], [ 130.552171894217622, -1.989813725822748 ], [ 130.557084714288209, -1.995329125838468 ], [ 130.562655699600924, -1.988833323598987 ], [ 130.5664324555934, -1.991003190744594 ], [ 130.562550677671652, -1.992324703122522 ], [ 130.565879152201234, -1.995188733573189 ], [ 130.569161996029379, -1.993848008978377 ], [ 130.570893378026994, -1.990653999282626 ], [ 130.567344665823697, -1.998963877081211 ], [ 130.600559851256179, -1.999598884780701 ], [ 130.599953661432409, -2.003229884951191 ], [ 130.550199544000066, -1.997029345999977 ] ] ], [ [ [ 130.477799539000102, -2.139460301999975 ], [ 130.482829662000086, -2.136030200999926 ], [ 130.451499088212387, -2.127847987594583 ], [ 130.495659981622907, -2.132937152127839 ], [ 130.493169097875551, -2.135901337376827 ], [ 130.484744890164592, -2.134532556632168 ], [ 130.483612266892692, -2.135969752402117 ], [ 130.490126796614419, -2.138466493433905 ], [ 130.500489634189307, -2.139435550710106 ], [ 130.477799539000102, -2.139460301999975 ] ] ], [ [ [ 130.442579704000082, -2.127159322999944 ], [ 130.444093712554803, -2.124538652436852 ], [ 130.446832588242728, -2.128526280438869 ], [ 130.442579704000082, -2.127159322999944 ] ] ], [ [ [ 130.439153294081478, -2.127513664335793 ], [ 130.438965974300345, -2.127465389016431 ], [ 130.439240805074093, -2.127308525066119 ], [ 130.439153294081478, -2.127513664335793 ] ] ], [ [ [ 130.471769623000114, -1.98443036499998 ], [ 130.47060538563008, -1.983569060163953 ], [ 130.473071932298723, -1.982782386121871 ], [ 130.471769623000114, -1.98443036499998 ] ] ], [ [ [ 130.476710368529581, -1.984421534644092 ], [ 130.473720454252799, -1.982575548200059 ], [ 130.479429575814407, -1.980754695672632 ], [ 130.476710368529581, -1.984421534644092 ] ] ], [ [ [ 130.478461112090713, -2.007596696929964 ], [ 130.435209570000097, -2.013740328999972 ], [ 130.40366034077644, -2.004648355638512 ], [ 130.406094883871901, -1.994889189184695 ], [ 130.42315056064993, -1.995496083177711 ], [ 130.423611057604262, -2.007279834296854 ], [ 130.424553212560795, -1.999783200834054 ], [ 130.433841374679787, -2.001265326733398 ], [ 130.434831493178876, -1.997484879923222 ], [ 130.437220349739363, -2.009472719590294 ], [ 130.444678242207146, -2.000104682385123 ], [ 130.44611283264112, -2.006958437281986 ], [ 130.449194728354087, -2.006246533051042 ], [ 130.452718534732668, -1.999758990185279 ], [ 130.455207028082015, -2.005041683426883 ], [ 130.467562436857037, -1.998613190046688 ], [ 130.478461112090713, -2.007596696929964 ] ] ], [ [ [ 130.390470857339722, -2.021415200829431 ], [ 130.399459565000029, -2.018729438999969 ], [ 130.395779515000072, -2.020739410999965 ], [ 130.390470857339722, -2.021415200829431 ] ] ], [ [ [ 130.375223927942017, -2.024900361762244 ], [ 130.37745970900005, -2.027699416999951 ], [ 130.374182536807552, -2.02814409416188 ], [ 130.375223927942017, -2.024900361762244 ] ] ], [ [ [ 130.372484637798181, -2.036067117700426 ], [ 130.371461395626966, -2.036619923770472 ], [ 130.371679561722402, -2.03594037848837 ], [ 130.372484637798181, -2.036067117700426 ] ] ], [ [ [ 130.384854986268692, -2.042093917200477 ], [ 130.388064881244304, -2.035627330592291 ], [ 130.391500507642348, -2.035740348138498 ], [ 130.384854986268692, -2.042093917200477 ] ] ], [ [ [ 130.393259613000055, -2.032560383999964 ], [ 130.399729579000109, -2.024560276999978 ], [ 130.410160266777183, -2.028370106699612 ], [ 130.400474884608343, -2.035264758761551 ], [ 130.393259613000055, -2.032560383999964 ] ] ], [ [ [ 130.428390295475964, -2.022993021826513 ], [ 130.427957833587243, -2.023932988916327 ], [ 130.426755105257286, -2.023395384679065 ], [ 130.428390295475964, -2.022993021826513 ] ] ], [ [ [ 130.453539763000094, -2.017160220999926 ], [ 130.454050517917153, -2.01840427263909 ], [ 130.450128016831485, -2.017160220999926 ], [ 130.453539763000094, -2.017160220999926 ] ] ], [ [ [ 130.404769559000101, -2.081700405999925 ], [ 130.404079984853269, -2.081496533464411 ], [ 130.404924906305553, -2.081575087223401 ], [ 130.404769559000101, -2.081700405999925 ] ] ], [ [ [ 130.406559682000079, -2.084349506999956 ], [ 130.422909473000118, -2.074829466999972 ], [ 130.429404968808427, -2.07550451232414 ], [ 130.410005368153293, -2.088977230214978 ], [ 130.406559682000079, -2.084349506999956 ] ] ], [ [ [ 130.458389642000043, -2.070569431999957 ], [ 130.469077637123263, -2.061375977219543 ], [ 130.476502971435053, -2.066369817213248 ], [ 130.46853571285294, -2.071987990853069 ], [ 130.458389642000043, -2.070569431999957 ] ] ], [ [ [ 130.448729661462892, -2.063602654083769 ], [ 130.445983859605093, -2.065695815529711 ], [ 130.447194190959237, -2.060993262628946 ], [ 130.448729661462892, -2.063602654083769 ] ] ], [ [ [ 130.425028020374981, -2.063205669163573 ], [ 130.434081520645663, -2.054957236986882 ], [ 130.442496730639647, -2.064962455552882 ], [ 130.425028020374981, -2.063205669163573 ] ] ], [ [ [ 130.457902027969141, -2.146994811862751 ], [ 130.457464744602333, -2.147027695771536 ], [ 130.457426065861767, -2.146916492326673 ], [ 130.457902027969141, -2.146994811862751 ] ] ], [ [ [ 130.463976867024371, -2.146537981192882 ], [ 130.456542826190571, -2.1443771310997 ], [ 130.477173148022416, -2.145545614838268 ], [ 130.463976867024371, -2.146537981192882 ] ] ], [ [ [ 130.455989340016316, -2.144499864789764 ], [ 130.45645154680156, -2.1442881683643 ], [ 130.456168958649272, -2.144517753308608 ], [ 130.455989340016316, -2.144499864789764 ] ] ], [ [ [ 130.455663025746247, -1.987075670023798 ], [ 130.458390646111468, -1.975816961683391 ], [ 130.458154289888625, -1.984026183761328 ], [ 130.462438035087274, -1.976887570404978 ], [ 130.466822307403589, -1.981117922853853 ], [ 130.455663025746247, -1.987075670023798 ] ] ], [ [ [ 130.44975269776964, -1.981801899816745 ], [ 130.449909544589872, -1.982434490759127 ], [ 130.449629499970342, -1.982103063331748 ], [ 130.44975269776964, -1.981801899816745 ] ] ], [ [ [ 130.448652482617035, -1.976535779071835 ], [ 130.449267107590998, -1.97430732462332 ], [ 130.448749173259046, -1.976560171104225 ], [ 130.448652482617035, -1.976535779071835 ] ] ], [ [ [ 130.44905538767955, -2.173757386080946 ], [ 130.449346416104248, -2.173999735399429 ], [ 130.448824347689481, -2.173889073252439 ], [ 130.44905538767955, -2.173757386080946 ] ] ], [ [ [ 130.447721722641376, -2.167339945289159 ], [ 130.4469701653409, -2.167621901729349 ], [ 130.447510886318497, -2.167022189722273 ], [ 130.447721722641376, -2.167339945289159 ] ] ], [ [ [ 130.443278740441571, -2.17377483564379 ], [ 130.442912505208028, -2.174348925062835 ], [ 130.44251320262228, -2.173916658726776 ], [ 130.443278740441571, -2.17377483564379 ] ] ], [ [ [ 130.405251804243761, -2.1103588436105 ], [ 130.405466729006463, -2.113002464891794 ], [ 130.404391896000249, -2.112313219505465 ], [ 130.405251804243761, -2.1103588436105 ] ] ], [ [ [ 130.405005937356066, -2.109344425288973 ], [ 130.405153829685617, -2.109153735256713 ], [ 130.405224039451042, -2.110017330627022 ], [ 130.405005937356066, -2.109344425288973 ] ] ], [ [ [ 130.398538403429598, -2.045332061911727 ], [ 130.405430086129627, -2.038736860417695 ], [ 130.410715257902922, -2.038173008877214 ], [ 130.40691845062608, -2.045392946127494 ], [ 130.398538403429598, -2.045332061911727 ] ] ], [ [ [ 130.376949747253036, -2.125897046807691 ], [ 130.374939628860858, -2.125855366931622 ], [ 130.391434602624798, -2.126197390796941 ], [ 130.376949747253036, -2.125897046807691 ] ] ], [ [ [ 130.252693228832754, -2.189929702775521 ], [ 130.22329204239395, -2.182395393232733 ], [ 130.304636534448605, -2.19361597989352 ], [ 130.252693228832754, -2.189929702775521 ] ] ], [ [ [ 130.218450503755662, -2.184414518821039 ], [ 130.215860509055375, -2.182592888850726 ], [ 130.217745042000189, -2.182155068301755 ], [ 130.218450503755662, -2.184414518821039 ] ] ], [ [ [ 130.235768972879242, -2.197456643059394 ], [ 130.231076281118902, -2.197906372391758 ], [ 130.230870863099881, -2.197794312857232 ], [ 130.235768972879242, -2.197456643059394 ] ] ], [ [ [ 130.229539437734957, -2.197656129314422 ], [ 130.228242312033132, -2.195901452190268 ], [ 130.231992342872417, -2.194997256717995 ], [ 130.229539437734957, -2.197656129314422 ] ] ], [ [ [ 130.2581601573998, -2.211220814835498 ], [ 130.259779624000089, -2.20945041799996 ], [ 130.265976169585798, -2.211424051293557 ], [ 130.2581601573998, -2.211220814835498 ] ] ], [ [ [ 130.279969851127817, -2.211787923074221 ], [ 130.259599556000012, -2.202349419999962 ], [ 130.259779624000089, -2.198520281999947 ], [ 130.273101130253963, -2.200575608116414 ], [ 130.279969851127817, -2.211787923074221 ] ] ], [ [ [ 130.212266346015127, -2.150489752899714 ], [ 130.21439120299172, -2.143571003099348 ], [ 130.226755302815064, -2.145473483814181 ], [ 130.212266346015127, -2.150489752899714 ] ] ], [ [ [ 130.210527209905536, -2.149148795442693 ], [ 130.212043362711029, -2.149262946327829 ], [ 130.21039624269244, -2.149401890684649 ], [ 130.210527209905536, -2.149148795442693 ] ] ], [ [ [ 130.178027981620858, -2.145228597659929 ], [ 130.170114643276207, -2.143443462146083 ], [ 130.18015086313099, -2.144372691525141 ], [ 130.178027981620858, -2.145228597659929 ] ] ], [ [ [ 130.190723851724471, -2.147824985234875 ], [ 130.197464449424842, -2.14726445489069 ], [ 130.195819705415147, -2.149801089848419 ], [ 130.190723851724471, -2.147824985234875 ] ] ], [ [ [ 130.195975670988361, -2.146281936715381 ], [ 130.196466193859777, -2.146922436421322 ], [ 130.195624555587671, -2.146625224095807 ], [ 130.195975670988361, -2.146281936715381 ] ] ], [ [ [ 130.19466149388856, -2.144574619782103 ], [ 130.191310902843611, -2.143909382999936 ], [ 130.21195102931668, -2.144172627964386 ], [ 130.19466149388856, -2.144574619782103 ] ] ], [ [ [ 130.192833353676434, -2.197818206944651 ], [ 130.192562095664215, -2.19780393020717 ], [ 130.192483574057746, -2.197261413283607 ], [ 130.192833353676434, -2.197818206944651 ] ] ], [ [ [ 130.199312627275958, -2.197792984558516 ], [ 130.195695846286299, -2.195384969740571 ], [ 130.204109620062951, -2.194042953719327 ], [ 130.199312627275958, -2.197792984558516 ] ] ], [ [ [ 130.235153693688034, -2.195120989042382 ], [ 130.235267909386607, -2.195056743274032 ], [ 130.235346430993076, -2.195185233911451 ], [ 130.235153693688034, -2.195120989042382 ] ] ], [ [ [ 130.233358390577337, -2.194424995617 ], [ 130.233172792990075, -2.194535641007006 ], [ 130.233461898048176, -2.194035955195167 ], [ 130.233358390577337, -2.194424995617 ] ] ], [ [ [ 130.21565587192103, -2.194182383709991 ], [ 130.21383943384285, -2.194624633420089 ], [ 130.214905400264115, -2.193049173180755 ], [ 130.21565587192103, -2.194182383709991 ] ] ], [ [ [ 130.215945256668306, -2.195338471193514 ], [ 130.216230793216567, -2.19317316181194 ], [ 130.229626290421038, -2.192331998922553 ], [ 130.215945256668306, -2.195338471193514 ] ] ], [ [ [ 130.233144002094008, -2.19343633042231 ], [ 130.232078003297289, -2.193065134348432 ], [ 130.232601485170449, -2.192760562749735 ], [ 130.233144002094008, -2.19343633042231 ] ] ], [ [ [ 130.230469486677492, -2.19248454642465 ], [ 130.230863208070673, -2.192140312925078 ], [ 130.231859512106922, -2.192948120859045 ], [ 130.230469486677492, -2.19248454642465 ] ] ], [ [ [ 130.18892457091232, -2.187744969055055 ], [ 130.188796081174246, -2.187602200780875 ], [ 130.18922438419807, -2.187445156668671 ], [ 130.18892457091232, -2.187744969055055 ] ] ], [ [ [ 130.193364646161569, -2.186888363007538 ], [ 130.193436029848954, -2.187116790807236 ], [ 130.193193325311768, -2.186959746694944 ], [ 130.193364646161569, -2.186888363007538 ] ] ], [ [ [ 130.197778545743404, -2.186705145026396 ], [ 130.197730957217914, -2.18681222010782 ], [ 130.197302654194203, -2.186728939289134 ], [ 130.197778545743404, -2.186705145026396 ] ] ], [ [ [ 130.195315803581451, -2.186943091250631 ], [ 130.195756003736619, -2.186336327659349 ], [ 130.196101025941658, -2.186740837319784 ], [ 130.195315803581451, -2.186943091250631 ] ] ], [ [ [ 130.196374663559908, -2.186895501825964 ], [ 130.196588814622118, -2.186300636265331 ], [ 130.196707787734198, -2.186514788226917 ], [ 130.196374663559908, -2.186895501825964 ] ] ], [ [ [ 130.200848050597074, -2.186395815114755 ], [ 130.200265083067166, -2.186253046840575 ], [ 130.200869466152966, -2.18578429321053 ], [ 130.200848050597074, -2.186395815114755 ] ] ], [ [ [ 130.223919058717712, -2.151374058965599 ], [ 130.22277819585716, -2.15248086539957 ], [ 130.221941562852862, -2.152224351772341 ], [ 130.223919058717712, -2.151374058965599 ] ] ], [ [ [ 130.220986090735522, -2.151473813565646 ], [ 130.220439427037945, -2.150960787210559 ], [ 130.220643832147232, -2.150709023802394 ], [ 130.220986090735522, -2.151473813565646 ] ] ], [ [ [ 130.214578958052556, -2.151319390977063 ], [ 130.213877803418029, -2.150660294936651 ], [ 130.214231352095368, -2.15038121821865 ], [ 130.214578958052556, -2.151319390977063 ] ] ], [ [ [ 130.221737158643037, -2.150538015916675 ], [ 130.221936809935869, -2.150742276235023 ], [ 130.221703882828052, -2.150761277111185 ], [ 130.221737158643037, -2.150538015916675 ] ] ], [ [ [ 130.221827667313022, -2.150045129878825 ], [ 130.222047282656007, -2.150041805085229 ], [ 130.221832421129392, -2.150292143067928 ], [ 130.221827667313022, -2.150045129878825 ] ] ], [ [ [ 130.222041579155672, -2.149992876570034 ], [ 130.222051085889007, -2.1498646206557 ], [ 130.222241230448503, -2.149916873065211 ], [ 130.222041579155672, -2.149992876570034 ] ] ], [ [ [ 130.216928078068463, -2.149739553737456 ], [ 130.216954816711421, -2.149614860037735 ], [ 130.216993439895447, -2.149614860037735 ], [ 130.216928078068463, -2.149739553737456 ] ] ], [ [ [ 130.21752227723141, -2.149760337069845 ], [ 130.217352930393531, -2.149671270013092 ], [ 130.217492567228334, -2.149582202056971 ], [ 130.21752227723141, -2.149760337069845 ] ] ], [ [ [ 130.197044547867677, -2.149180391262023 ], [ 130.197234692427145, -2.149432153770819 ], [ 130.196621477998832, -2.149451154647069 ], [ 130.197044547867677, -2.149180391262023 ] ] ], [ [ [ 130.221509176007771, -2.149342092963208 ], [ 130.221561466188774, -2.148995325174058 ], [ 130.222369577194257, -2.149608107028472 ], [ 130.221509176007771, -2.149342092963208 ] ] ], [ [ [ 130.224760635295183, -2.14932784230602 ], [ 130.224955531872382, -2.149209085930531 ], [ 130.225107646800609, -2.149356343620306 ], [ 130.224760635295183, -2.14932784230602 ] ] ], [ [ [ 130.230334164789923, -2.144852386828161 ], [ 130.227981136320437, -2.144578060329222 ], [ 130.228640697310425, -2.144132722347175 ], [ 130.230334164789923, -2.144852386828161 ] ] ], [ [ [ 130.20131337511225, -2.13592307578932 ], [ 130.2055702188905, -2.136635620337573 ], [ 130.206582735005298, -2.137711560240346 ], [ 130.20131337511225, -2.13592307578932 ] ] ], [ [ [ 130.207809162063256, -2.136934887734837 ], [ 130.2080587257297, -2.135930202017194 ], [ 130.208707591981806, -2.136386229341008 ], [ 130.207809162063256, -2.136934887734837 ] ] ], [ [ [ 130.210761144411322, -2.135780567419237 ], [ 130.211545488133908, -2.135709313234196 ], [ 130.209420631157315, -2.136599992795412 ], [ 130.210761144411322, -2.135780567419237 ] ] ], [ [ [ 130.197270443176421, -2.134576368005009 ], [ 130.197669744862907, -2.136778127808375 ], [ 130.192286298773723, -2.134355479221922 ], [ 130.197270443176421, -2.134576368005009 ] ] ], [ [ [ 130.190144816030511, -2.134717245904133 ], [ 130.190228004219108, -2.134667367704873 ], [ 130.190318322232883, -2.134807500965335 ], [ 130.190144816030511, -2.134717245904133 ] ] ], [ [ [ 130.192560699916413, -2.12881745406222 ], [ 130.192294498792165, -2.128893459365605 ], [ 130.191828647274264, -2.126603807020105 ], [ 130.192560699916413, -2.12881745406222 ] ] ], [ [ [ 130.172559462848938, -2.126042279327672 ], [ 130.172734157955148, -2.125999525557637 ], [ 130.172716331593534, -2.126088595312408 ], [ 130.172559462848938, -2.126042279327672 ] ] ], [ [ [ 130.173058591081116, -2.126063655313365 ], [ 130.17263789812057, -2.125326168068225 ], [ 130.172680679769627, -2.125336855611343 ], [ 130.173058591081116, -2.126063655313365 ] ] ], [ [ [ 130.173711021346662, -2.124642121236869 ], [ 130.173924933189141, -2.124977018874313 ], [ 130.173468588404688, -2.124859447805255 ], [ 130.173711021346662, -2.124642121236869 ] ] ], [ [ [ 130.191938380751679, -2.091994184084284 ], [ 130.191974032575587, -2.090491861210358 ], [ 130.193578370945119, -2.091667591686003 ], [ 130.191938380751679, -2.091994184084284 ] ] ], [ [ [ 130.202321453972019, -2.090311648763526 ], [ 130.202307193422286, -2.090265331879509 ], [ 130.202546062350933, -2.090154885239764 ], [ 130.202321453972019, -2.090311648763526 ] ] ], [ [ [ 130.200838333422439, -2.090229704337348 ], [ 130.201322434882513, -2.089737561139509 ], [ 130.201701109718528, -2.090169135896863 ], [ 130.200838333422439, -2.090229704337348 ] ] ], [ [ [ 130.203490837931895, -2.090154885239764 ], [ 130.202927537675777, -2.090162010568358 ], [ 130.203273362076089, -2.089673904427164 ], [ 130.203490837931895, -2.090154885239764 ] ] ], [ [ [ 130.18176938035262, -2.08890983232291 ], [ 130.181980915287056, -2.088323153290888 ], [ 130.182934011395588, -2.08834453017595 ], [ 130.18176938035262, -2.08890983232291 ] ] ], [ [ [ 130.188414738949092, -2.087702650756734 ], [ 130.188564476969105, -2.08749315638404 ], [ 130.188531677794799, -2.087735429246612 ], [ 130.188414738949092, -2.087702650756734 ] ] ], [ [ [ 130.168761755350772, -2.086936514708354 ], [ 130.16853833587561, -2.088086121677174 ], [ 130.166684433839521, -2.087302298662147 ], [ 130.168761755350772, -2.086936514708354 ] ] ], [ [ [ 130.188310635227708, -2.087179626638497 ], [ 130.188349138801726, -2.087406223418503 ], [ 130.188042532936578, -2.087377721204847 ], [ 130.188310635227708, -2.087179626638497 ] ] ], [ [ [ 130.165557832428192, -2.087413935104992 ], [ 130.164766358880513, -2.087029149375757 ], [ 130.165522179704908, -2.085767905964003 ], [ 130.165557832428192, -2.087413935104992 ] ] ], [ [ [ 130.16805394483373, -2.08624722572886 ], [ 130.168147114597645, -2.086089510722294 ], [ 130.168650995746901, -2.086490449174866 ], [ 130.16805394483373, -2.08624722572886 ] ] ], [ [ [ 130.166494034772001, -2.086025173223144 ], [ 130.16648808665596, -2.086083469976169 ], [ 130.166434549115252, -2.086053726698106 ], [ 130.166494034772001, -2.086025173223144 ] ] ], [ [ [ 130.166901674073074, -2.086224424317701 ], [ 130.166776179077516, -2.085823486764498 ], [ 130.167027168169255, -2.085667672025432 ], [ 130.166901674073074, -2.086224424317701 ] ] ], [ [ [ 130.160615330233384, -2.06775297362079 ], [ 130.160905298640699, -2.067793354080033 ], [ 130.160493240071048, -2.068055251049033 ], [ 130.160615330233384, -2.06775297362079 ] ] ], [ [ [ 130.161751736953192, -2.067679972952346 ], [ 130.162108156266385, -2.067243720821038 ], [ 130.162364849758092, -2.06764038839316 ], [ 130.161751736953192, -2.067679972952346 ] ] ], [ [ [ 130.161064544293367, -2.067007146062943 ], [ 130.161385411607512, -2.066909760277197 ], [ 130.161451962338219, -2.067149660728257 ], [ 130.161064544293367, -2.067007146062943 ] ] ], [ [ [ 130.293461244840614, -2.202848024316856 ], [ 130.297311767723983, -2.205826461122223 ], [ 130.288808755120016, -2.203378474137191 ], [ 130.293461244840614, -2.202848024316856 ] ] ], [ [ [ 130.319017390939848, -2.196838198623935 ], [ 130.31921260767578, -2.196718003333148 ], [ 130.319706805824495, -2.197246757931564 ], [ 130.319017390939848, -2.196838198623935 ] ] ], [ [ [ 130.321412709129248, -2.196374526163419 ], [ 130.321686236131001, -2.196379674782106 ], [ 130.321445764610445, -2.197372182780027 ], [ 130.321412709129248, -2.196374526163419 ] ] ], [ [ [ 130.318412040183574, -2.196457352824593 ], [ 130.318419187995232, -2.195805190557115 ], [ 130.31887195977319, -2.196226183891264 ], [ 130.318412040183574, -2.196457352824593 ] ] ], [ [ [ 130.311808315701228, -2.194926442301442 ], [ 130.309161999426834, -2.19727470166618 ], [ 130.307811967748194, -2.194603226857433 ], [ 130.311808315701228, -2.194926442301442 ] ] ], [ [ [ 130.305691416725608, -2.194463856221956 ], [ 130.306531384415933, -2.192508300217805 ], [ 130.306957436436619, -2.192569669054928 ], [ 130.305691416725608, -2.194463856221956 ] ] ], [ [ [ 130.26982536085174, -2.18519608802899 ], [ 130.270065344939809, -2.185600764963263 ], [ 130.269579934966174, -2.185886300612255 ], [ 130.26982536085174, -2.18519608802899 ] ] ], [ [ [ 130.269430027873568, -2.185043971302219 ], [ 130.269394337378827, -2.184615668278417 ], [ 130.269774853127075, -2.185083293259376 ], [ 130.269430027873568, -2.185043971302219 ] ] ], [ [ [ 130.272178305684321, -2.184358687003757 ], [ 130.27281362185127, -2.183237959963874 ], [ 130.272342488614925, -2.184337271447939 ], [ 130.272178305684321, -2.184358687003757 ] ] ], [ [ [ 130.343912343779749, -2.16676454384857 ], [ 130.341323390761914, -2.166672190669066 ], [ 130.341675966372861, -2.166157148033948 ], [ 130.343912343779749, -2.16676454384857 ] ] ], [ [ [ 130.290747259978161, -2.160451758142129 ], [ 130.291104179314544, -2.160399410404429 ], [ 130.291032794727784, -2.160680185941827 ], [ 130.290747259978161, -2.160451758142129 ] ] ], [ [ [ 130.288451080353241, -2.159685571731723 ], [ 130.288755651052469, -2.15995207143092 ], [ 130.288298794553867, -2.160180500129899 ], [ 130.288451080353241, -2.159685571731723 ] ] ], [ [ [ 130.292715073741732, -2.159647499832223 ], [ 130.29365998781833, -2.159171055200032 ], [ 130.293495536889623, -2.160351820979761 ], [ 130.292715073741732, -2.159647499832223 ] ] ], [ [ [ 130.288888900902123, -2.159666535782018 ], [ 130.289637305017663, -2.159294649028803 ], [ 130.290053532844354, -2.159950426570939 ], [ 130.288888900902123, -2.159666535782018 ] ] ], [ [ [ 130.289531345095611, -2.158564373447019 ], [ 130.288608009352174, -2.158385332816787 ], [ 130.289289035360753, -2.157791800051539 ], [ 130.289531345095611, -2.158564373447019 ] ] ], [ [ [ 130.276596604749585, -2.157307300191752 ], [ 130.276989216379292, -2.156964657592836 ], [ 130.277060600066704, -2.157214501847809 ], [ 130.276596604749585, -2.157307300191752 ] ] ], [ [ [ 130.277902929376722, -2.156936105017154 ], [ 130.278138495994853, -2.156978935229686 ], [ 130.277924344932643, -2.157171670735996 ], [ 130.277902929376722, -2.156936105017154 ] ] ], [ [ [ 130.263235931992739, -2.156512561205753 ], [ 130.263740377916179, -2.156607739155808 ], [ 130.263283521417407, -2.156940863330187 ], [ 130.263235931992739, -2.156512561205753 ] ] ], [ [ [ 130.265312032224557, -2.156617184735238 ], [ 130.264273377314566, -2.156512561205753 ], [ 130.264673125964038, -2.156065222232245 ], [ 130.265312032224557, -2.156617184735238 ] ] ], [ [ [ 130.27575427633883, -2.155636919208442 ], [ 130.274990468635337, -2.155829654714752 ], [ 130.275008333667728, -2.155068658291897 ], [ 130.27575427633883, -2.155636919208442 ] ] ], [ [ [ 130.264606500589565, -2.154675616786244 ], [ 130.262569682744697, -2.154485259986766 ], [ 130.262531610845286, -2.153476368139811 ], [ 130.264606500589565, -2.154675616786244 ] ] ], [ [ [ 130.266181707220142, -2.141416868693563 ], [ 130.266311500075801, -2.141788838184327 ], [ 130.265645546704775, -2.141882409945245 ], [ 130.266181707220142, -2.141416868693563 ] ] ], [ [ [ 130.26142277913803, -2.138133212777499 ], [ 130.261552578288928, -2.138505182268352 ], [ 130.260886624018525, -2.138598754029269 ], [ 130.26142277913803, -2.138133212777499 ] ] ], [ [ [ 130.283697987971777, -2.127629475719678 ], [ 130.283512598127942, -2.127429962922461 ], [ 130.283744335432743, -2.127137818155772 ], [ 130.283697987971777, -2.127629475719678 ] ] ], [ [ [ 130.293174912392374, -2.127158758869646 ], [ 130.29243513367453, -2.127218138406311 ], [ 130.292485641399281, -2.126912335635739 ], [ 130.293174912392374, -2.127158758869646 ] ] ], [ [ [ 130.285505541647467, -2.126902676917025 ], [ 130.284849545570182, -2.126628345921416 ], [ 130.285006415213957, -2.126500088208433 ], [ 130.285505541647467, -2.126902676917025 ] ] ], [ [ [ 130.272033379936659, -2.128626566662644 ], [ 130.280625501865529, -2.122712415345612 ], [ 130.283014183058185, -2.12972388974571 ], [ 130.272033379936659, -2.128626566662644 ] ] ], [ [ [ 130.286406942926163, -2.125995959745724 ], [ 130.28611875607578, -2.124891508636134 ], [ 130.287170488926989, -2.125550617267185 ], [ 130.286406942926163, -2.125995959745724 ] ] ], [ [ [ 130.292017609924898, -2.124858019681858 ], [ 130.291986711917275, -2.125157289777052 ], [ 130.290981327426437, -2.125024280945814 ], [ 130.292017609924898, -2.124858019681858 ] ] ], [ [ [ 130.286234624728223, -2.124529296789573 ], [ 130.286442593850694, -2.124478825037729 ], [ 130.286531723860008, -2.124659931410649 ], [ 130.286234624728223, -2.124529296789573 ] ] ], [ [ [ 130.314174113644526, -2.123803248920813 ], [ 130.308476930965668, -2.125876766299678 ], [ 130.308683712982969, -2.122755801339165 ], [ 130.314174113644526, -2.123803248920813 ] ] ], [ [ [ 130.295919779973929, -2.123839176836478 ], [ 130.296117274692477, -2.123729722148942 ], [ 130.29600782000503, -2.12392007894851 ], [ 130.295919779973929, -2.123839176836478 ] ] ], [ [ [ 130.324248535041932, -2.124616965400611 ], [ 130.329468408840086, -2.12272675503567 ], [ 130.336701361978385, -2.124631062273702 ], [ 130.324248535041932, -2.124616965400611 ] ] ], [ [ [ 130.257663400745457, -2.119738771027452 ], [ 130.257705041154708, -2.119179596860926 ], [ 130.257835912297509, -2.119167699729557 ], [ 130.257663400745457, -2.119738771027452 ] ] ], [ [ [ 130.313499896403215, -2.120405028369371 ], [ 130.317200569750526, -2.116664131044837 ], [ 130.318241606964648, -2.11694202605362 ], [ 130.313499896403215, -2.120405028369371 ] ] ], [ [ [ 130.258918565639334, -2.11768053672739 ], [ 130.260007718381559, -2.117623446864508 ], [ 130.259632405211391, -2.118388427284051 ], [ 130.258918565639334, -2.11768053672739 ] ] ], [ [ [ 130.318864921678824, -2.117641515143825 ], [ 130.31866289437707, -2.117145698215422 ], [ 130.319295715824666, -2.117080379555874 ], [ 130.318864921678824, -2.117641515143825 ] ] ], [ [ [ 130.246659184673746, -2.103025654110629 ], [ 130.246794482279569, -2.10322538993975 ], [ 130.24631760687214, -2.103329689713368 ], [ 130.246659184673746, -2.103025654110629 ] ] ], [ [ [ 130.263010870355401, -2.058289040806565 ], [ 130.26289500080378, -2.058479062158996 ], [ 130.262657320778771, -2.058324670147377 ], [ 130.263010870355401, -2.058289040806565 ] ] ], [ [ [ 130.26142126827699, -2.058377519706772 ], [ 130.261411048381206, -2.05827490796065 ], [ 130.261482588550734, -2.058290584942496 ], [ 130.26142126827699, -2.058377519706772 ] ] ], [ [ [ 130.263325794949537, -2.057962442112965 ], [ 130.263364418133477, -2.05776648343639 ], [ 130.263408983138163, -2.057736792319092 ], [ 130.263325794949537, -2.057962442112965 ] ] ], [ [ [ 130.260894093787414, -2.056665665587959 ], [ 130.261250613824814, -2.056986326957416 ], [ 130.260775253775023, -2.05701007985129 ], [ 130.260894093787414, -2.056665665587959 ] ] ], [ [ [ 130.294721242691281, -2.049198643202837 ], [ 130.294696524824872, -2.049274652103522 ], [ 130.29456532632878, -2.049291753611554 ], [ 130.294721242691281, -2.049198643202837 ] ] ], [ [ [ 130.277799303195394, -2.041130221682335 ], [ 130.277838519931834, -2.040973451863254 ], [ 130.278041736137311, -2.040930697193849 ], [ 130.277799303195394, -2.041130221682335 ] ] ], [ [ [ 130.331319654278644, -2.037239326433765 ], [ 130.33195844182859, -2.037359966888902 ], [ 130.331916404818372, -2.037529641979413 ], [ 130.331319654278644, -2.037239326433765 ] ] ], [ [ [ 130.337964547925594, -2.03576017729033 ], [ 130.338573602989413, -2.035366838109104 ], [ 130.338602331832277, -2.03561087993816 ], [ 130.337964547925594, -2.03576017729033 ] ] ], [ [ [ 130.283104075692592, -2.032870369571876 ], [ 130.28250749962146, -2.03304614206577 ], [ 130.282894917666312, -2.032428563227567 ], [ 130.283104075692592, -2.032870369571876 ] ] ], [ [ [ 130.32632138692253, -2.032260202946029 ], [ 130.326335130362082, -2.032532056309316 ], [ 130.325726755185627, -2.032498576348202 ], [ 130.32632138692253, -2.032260202946029 ] ] ], [ [ [ 130.281822983344114, -2.032264668079891 ], [ 130.281799215161755, -2.031518823434913 ], [ 130.28245283433094, -2.031829987064265 ], [ 130.281822983344114, -2.032264668079891 ] ] ], [ [ [ 130.283964476879135, -2.032046140017313 ], [ 130.284228301095226, -2.030822857888564 ], [ 130.28479397915882, -2.031944002213942 ], [ 130.283964476879135, -2.032046140017313 ] ] ], [ [ [ 130.285406004683381, -2.031297919363434 ], [ 130.285308555945164, -2.030547322700743 ], [ 130.285855218743478, -2.03093449792871 ], [ 130.285406004683381, -2.031297919363434 ] ] ], [ [ [ 130.283946651416784, -2.029767530447129 ], [ 130.284162940167533, -2.029901735376699 ], [ 130.283871781957288, -2.029848291365527 ], [ 130.283946651416784, -2.029767530447129 ] ] ], [ [ [ 130.327706061385726, -2.028328832809395 ], [ 130.329116790107832, -2.027589160211557 ], [ 130.328187195083046, -2.029028474784239 ], [ 130.327706061385726, -2.028328832809395 ] ] ], [ [ [ 130.326252436800587, -2.027195327302517 ], [ 130.326321236735851, -2.026561007584432 ], [ 130.326813424899655, -2.026602419566009 ], [ 130.326252436800587, -2.027195327302517 ] ] ], [ [ [ 130.334224479776026, -2.02613117301525 ], [ 130.334250183299332, -2.025780075889832 ], [ 130.334494479636533, -2.025788709381443 ], [ 130.334224479776026, -2.02613117301525 ] ] ], [ [ [ 130.331389390408049, -2.02096699423136 ], [ 130.332546504917332, -2.022366868136421 ], [ 130.329476339061898, -2.024288452250294 ], [ 130.331389390408049, -2.02096699423136 ] ] ], [ [ [ 130.32916090814939, -2.019443741435461 ], [ 130.329172073232769, -2.019482795394639 ], [ 130.32893201629966, -2.019443741435461 ], [ 130.32916090814939, -2.019443741435461 ] ] ], [ [ [ 130.310529037285306, -2.018006546564882 ], [ 130.311108858087437, -2.018331736020778 ], [ 130.310444966861894, -2.019454934397663 ], [ 130.310529037285306, -2.018006546564882 ] ] ], [ [ [ 130.32969334996821, -2.018274004941306 ], [ 130.330002318352427, -2.01786658237682 ], [ 130.330282044380823, -2.018272146941952 ], [ 130.32969334996821, -2.018274004941306 ] ] ], [ [ [ 130.330293663621774, -2.018039263900834 ], [ 130.330257608002285, -2.01797680688412 ], [ 130.3305340308209, -2.01784468658302 ], [ 130.330293663621774, -2.018039263900834 ] ] ], [ [ [ 130.287793136344249, -2.015574714101747 ], [ 130.286428833324095, -2.016353507208551 ], [ 130.285870020685024, -2.015079640912637 ], [ 130.287793136344249, -2.015574714101747 ] ] ], [ [ [ 130.293540367194254, -2.013669438293958 ], [ 130.293503510278754, -2.014389660354526 ], [ 130.292347838282097, -2.013416330399314 ], [ 130.293540367194254, -2.013669438293958 ] ] ], [ [ [ 130.305634501331269, -2.012645857820067 ], [ 130.306047319828053, -2.0126301709456 ], [ 130.305652592992828, -2.01289114610948 ], [ 130.305634501331269, -2.012645857820067 ] ] ], [ [ [ 130.303760982383437, -2.012824509943117 ], [ 130.303965213024213, -2.012643326228508 ], [ 130.304070526333817, -2.012772181091288 ], [ 130.303760982383437, -2.012824509943117 ] ] ], [ [ [ 130.320723608108096, -2.011622769275339 ], [ 130.320894240077195, -2.011254966343584 ], [ 130.321128439725754, -2.011351932145905 ], [ 130.320723608108096, -2.011622769275339 ] ] ], [ [ [ 130.308926525438892, -2.010656323630405 ], [ 130.308866521772671, -2.010355905100885 ], [ 130.309287569066157, -2.010292261878371 ], [ 130.308926525438892, -2.010656323630405 ] ] ], [ [ [ 130.313427647567863, -2.009778453113148 ], [ 130.313723921122062, -2.010156986755534 ], [ 130.313037741998329, -2.010083141623658 ], [ 130.313427647567863, -2.009778453113148 ] ] ], [ [ [ 130.315170128098998, -2.009878837238515 ], [ 130.315123625055264, -2.010019491206544 ], [ 130.314181228181155, -2.009859547679943 ], [ 130.315170128098998, -2.009878837238515 ] ] ], [ [ [ 130.303842210949369, -2.009376843766303 ], [ 130.304173628210464, -2.008795863738127 ], [ 130.305455829423067, -2.00929539756452 ], [ 130.303842210949369, -2.009376843766303 ] ] ], [ [ [ 130.318267736766813, -2.008889545216258 ], [ 130.318303364308974, -2.008705900057178 ], [ 130.318453370326893, -2.008734009267071 ], [ 130.318267736766813, -2.008889545216258 ] ] ], [ [ [ 130.318460869773361, -2.0084866507383 ], [ 130.318864010665578, -2.008229923971788 ], [ 130.318903388380704, -2.008370468222514 ], [ 130.318460869773361, -2.0084866507383 ] ] ], [ [ [ 130.321198791890737, -2.008179319120279 ], [ 130.321451743303356, -2.007838044390203 ], [ 130.322058827053297, -2.008258317367423 ], [ 130.321198791890737, -2.008179319120279 ] ] ], [ [ [ 130.308188497701025, -2.005793224377777 ], [ 130.308803078199617, -2.005721649134712 ], [ 130.308206538101302, -2.005981280711483 ], [ 130.308188497701025, -2.005793224377777 ] ] ], [ [ [ 130.407998824186478, -2.2116838688155 ], [ 130.408241317382931, -2.211756765162592 ], [ 130.40792632713837, -2.211935828275818 ], [ 130.407998824186478, -2.2116838688155 ] ] ], [ [ [ 130.418217025595396, -2.208595067208568 ], [ 130.417436563346769, -2.206729570213467 ], [ 130.418023966333038, -2.207497377202211 ], [ 130.418217025595396, -2.208595067208568 ] ] ], [ [ [ 130.413567241934715, -2.207606005412815 ], [ 130.41375997834038, -2.20721339378303 ], [ 130.413838499946934, -2.207334745602024 ], [ 130.413567241934715, -2.207606005412815 ] ] ], [ [ [ 130.415205500933212, -2.206335373078977 ], [ 130.415230484998858, -2.206196174214009 ], [ 130.415694480316148, -2.206399617947957 ], [ 130.415205500933212, -2.206335373078977 ] ] ], [ [ [ 130.413877760750097, -2.205996298989993 ], [ 130.41389917720528, -2.20608196031416 ], [ 130.413620780374799, -2.206146205183229 ], [ 130.413877760750097, -2.205996298989993 ] ] ], [ [ [ 130.410336479644911, -2.205953088364337 ], [ 130.411546390653456, -2.205114985867867 ], [ 130.410742620675506, -2.206250128140935 ], [ 130.410336479644911, -2.205953088364337 ] ] ], [ [ [ 130.417190605062387, -2.205385700689538 ], [ 130.417276832060196, -2.2051960570523 ], [ 130.417499606721577, -2.205422264425932 ], [ 130.417190605062387, -2.205385700689538 ] ] ], [ [ [ 130.416154906224051, -2.204850588783641 ], [ 130.415568754194737, -2.205496384750299 ], [ 130.415037748593278, -2.20505403341687 ], [ 130.416154906224051, -2.204850588783641 ] ] ], [ [ [ 130.416947265603824, -2.205168247316719 ], [ 130.416908004800689, -2.205075448073496 ], [ 130.417104310615514, -2.205068310154351 ], [ 130.416947265603824, -2.205168247316719 ] ] ], [ [ [ 130.412981893899342, -2.204629298902999 ], [ 130.413113953945867, -2.205239631004124 ], [ 130.412283114374333, -2.205330541671119 ], [ 130.412981893899342, -2.204629298902999 ] ] ], [ [ [ 130.416979983839241, -2.201659732110889 ], [ 130.416905919272864, -2.200597351286687 ], [ 130.418183864893564, -2.201186182396336 ], [ 130.416979983839241, -2.201659732110889 ] ] ], [ [ [ 130.416584737195819, -2.199433859684868 ], [ 130.416796508652027, -2.199360097290631 ], [ 130.416770333883818, -2.19947431119048 ], [ 130.416584737195819, -2.199433859684868 ] ] ], [ [ [ 130.417677737237767, -2.198900069782367 ], [ 130.418374718118798, -2.198633776927222 ], [ 130.418431358320646, -2.198995150605759 ], [ 130.417677737237767, -2.198900069782367 ] ] ], [ [ [ 130.410838286957414, -2.197092647407755 ], [ 130.411560718652254, -2.197071861377259 ], [ 130.411466713418179, -2.197316011124967 ], [ 130.410838286957414, -2.197092647407755 ] ] ], [ [ [ 130.418858195449388, -2.196046442689164 ], [ 130.418949316557843, -2.196420561559714 ], [ 130.41809041364175, -2.196813838687644 ], [ 130.418858195449388, -2.196046442689164 ] ] ], [ [ [ 130.407925292918037, -2.125914003628365 ], [ 130.408516521620186, -2.125911034966249 ], [ 130.408160001582786, -2.126106986448223 ], [ 130.407925292918037, -2.125914003628365 ] ] ], [ [ [ 130.402300877083889, -2.125327167214946 ], [ 130.403023422992675, -2.125716694170082 ], [ 130.400912826565786, -2.126471995186391 ], [ 130.402300877083889, -2.125327167214946 ] ] ], [ [ [ 130.406701242768236, -2.125881345647601 ], [ 130.406826024601372, -2.125343964752174 ], [ 130.407268703288082, -2.12560226443293 ], [ 130.406701242768236, -2.125881345647601 ] ] ], [ [ [ 130.358282787021096, -2.125682278014645 ], [ 130.357825253332891, -2.125388350791729 ], [ 130.358211483373395, -2.125524922736949 ], [ 130.358282787021096, -2.125682278014645 ] ] ], [ [ [ 130.35387679877536, -2.124856909019096 ], [ 130.354952298909552, -2.124880660114409 ], [ 130.354114477900907, -2.125391320353126 ], [ 130.35387679877536, -2.124856909019096 ] ] ], [ [ [ 130.345919875202185, -2.125063251267983 ], [ 130.345723789721177, -2.125202791875319 ], [ 130.345610892428766, -2.124819796696281 ], [ 130.345919875202185, -2.125063251267983 ] ] ], [ [ [ 130.353092455052774, -2.125023170283052 ], [ 130.352937964115767, -2.124904412108913 ], [ 130.353454916911005, -2.124850970795583 ], [ 130.353092455052774, -2.125023170283052 ] ] ], [ [ [ 130.395974675291058, -2.124954831700082 ], [ 130.392238349220492, -2.125163845834793 ], [ 130.392585361625152, -2.124698313576273 ], [ 130.395974675291058, -2.124954831700082 ] ] ], [ [ [ 130.404519625980043, -2.124570692583388 ], [ 130.404464959790175, -2.124561192145263 ], [ 130.404576669977388, -2.124473311294311 ], [ 130.404519625980043, -2.124570692583388 ] ] ], [ [ [ 130.404000257605873, -2.124403309864858 ], [ 130.404214169448437, -2.124362933002915 ], [ 130.404043040154221, -2.124543444923971 ], [ 130.404000257605873, -2.124403309864858 ] ] ], [ [ [ 130.403137525376565, -2.124327288373623 ], [ 130.403208829024265, -2.124132524896099 ], [ 130.403322916119691, -2.124351040368216 ], [ 130.403137525376565, -2.124327288373623 ] ] ], [ [ [ 130.413315721343594, -2.123256879301488 ], [ 130.413334734810235, -2.122031293109666 ], [ 130.415055537183349, -2.122515827143717 ], [ 130.413315721343594, -2.123256879301488 ] ] ], [ [ [ 130.411538625906928, -2.119441722257692 ], [ 130.411973098279844, -2.118902813414097 ], [ 130.412383095603417, -2.11915955456981 ], [ 130.411538625906928, -2.119441722257692 ] ] ], [ [ [ 130.399293221305129, -2.121024188215697 ], [ 130.391831230626906, -2.114875660982923 ], [ 130.395724028840988, -2.116369962803516 ], [ 130.399293221305129, -2.121024188215697 ] ] ], [ [ [ 130.417747672117457, -2.112188813163135 ], [ 130.408764889188319, -2.113770026365552 ], [ 130.40812354756369, -2.111683736814923 ], [ 130.415644498694746, -2.105559966119502 ], [ 130.417747672117457, -2.112188813163135 ] ] ], [ [ [ 130.418986258908802, -2.087807598042174 ], [ 130.408279457630869, -2.103946240626447 ], [ 130.405898507909939, -2.09850930466065 ], [ 130.418986258908802, -2.087807598042174 ] ] ], [ [ [ 130.397714703371008, -2.075646219797195 ], [ 130.398795862039464, -2.074850888157981 ], [ 130.398713863653938, -2.076963103364543 ], [ 130.397714703371008, -2.075646219797195 ] ] ], [ [ [ 130.410963190199141, -2.068090621385027 ], [ 130.408964443354392, -2.067481479087002 ], [ 130.409219045922299, -2.065418485574627 ], [ 130.410963190199141, -2.068090621385027 ] ] ], [ [ [ 130.410139627941646, -2.059028028121018 ], [ 130.409566187829341, -2.057301687722651 ], [ 130.411292457181162, -2.056289273231299 ], [ 130.410139627941646, -2.059028028121018 ] ] ], [ [ [ 130.37445560294384, -2.051851860874715 ], [ 130.377882147643106, -2.054510646249335 ], [ 130.364587032765371, -2.055915764101185 ], [ 130.37445560294384, -2.051851860874715 ] ] ], [ [ [ 130.381573954574378, -2.051913801680533 ], [ 130.381715869391854, -2.052016500660963 ], [ 130.381414913967205, -2.052126536310533 ], [ 130.381573954574378, -2.051913801680533 ] ] ], [ [ [ 130.37645600274243, -2.050803010350593 ], [ 130.377545371321872, -2.049371106191527 ], [ 130.38051970362153, -2.052207353886276 ], [ 130.37645600274243, -2.050803010350593 ] ] ], [ [ [ 130.375761971637758, -2.050463606210423 ], [ 130.37529797721993, -2.050314889820287 ], [ 130.376243813101638, -2.049684332865636 ], [ 130.375761971637758, -2.050463606210423 ] ] ], [ [ [ 130.373096952162712, -2.050001986002853 ], [ 130.373128951839732, -2.049557835125976 ], [ 130.373285393406292, -2.049632451876088 ], [ 130.373096952162712, -2.050001986002853 ] ] ], [ [ [ 130.417398126322468, -2.050021284554587 ], [ 130.416748424600172, -2.051644704739269 ], [ 130.417502292097225, -2.04742250464483 ], [ 130.417398126322468, -2.050021284554587 ] ] ], [ [ [ 130.374591852931729, -2.0487673904027 ], [ 130.375030781445531, -2.04885526226049 ], [ 130.374504948744431, -2.049782377854386 ], [ 130.374591852931729, -2.0487673904027 ] ] ], [ [ [ 130.362749916575439, -2.048925612626912 ], [ 130.362896675141542, -2.049331454183273 ], [ 130.361956082307415, -2.049332258177122 ], [ 130.362749916575439, -2.048925612626912 ] ] ], [ [ [ 130.381906073306709, -2.048801323622135 ], [ 130.381925183000789, -2.048354525141166 ], [ 130.382268223100056, -2.048405174958839 ], [ 130.381906073306709, -2.048801323622135 ] ] ], [ [ [ 130.365266927426717, -2.048489813753923 ], [ 130.36533712940502, -2.048230771233067 ], [ 130.36561253868777, -2.048252357660202 ], [ 130.365266927426717, -2.048489813753923 ] ] ], [ [ [ 130.356036690640821, -2.048017022167864 ], [ 130.356641219416815, -2.047024157139093 ], [ 130.356897704265748, -2.047954447339789 ], [ 130.356036690640821, -2.048017022167864 ] ] ], [ [ [ 130.364276012128386, -2.046531128109047 ], [ 130.364988428073644, -2.047277590588342 ], [ 130.362828764635879, -2.047901321688622 ], [ 130.364276012128386, -2.046531128109047 ] ] ], [ [ [ 130.368374075203491, -2.047156422231128 ], [ 130.368621950842453, -2.047042199338028 ], [ 130.368575649246822, -2.047346108136333 ], [ 130.368374075203491, -2.047156422231128 ] ] ], [ [ [ 130.414491033634363, -2.046194596403433 ], [ 130.411648273948771, -2.048169961774265 ], [ 130.412128571276639, -2.046296044426926 ], [ 130.414491033634363, -2.046194596403433 ] ] ], [ [ [ 130.359835203931567, -2.046686958136595 ], [ 130.359755151678996, -2.046468130599704 ], [ 130.360332000221632, -2.046475190277791 ], [ 130.359835203931567, -2.046686958136595 ] ] ], [ [ [ 130.373396181788394, -2.046278902449311 ], [ 130.372836655986987, -2.049475003968221 ], [ 130.370615136279497, -2.042816559336741 ], [ 130.373396181788394, -2.046278902449311 ] ] ], [ [ [ 130.377442767669606, -2.045528140311431 ], [ 130.377989621124129, -2.045372544107599 ], [ 130.37743592292955, -2.04669672027738 ], [ 130.377442767669606, -2.045528140311431 ] ] ], [ [ [ 130.356656391879056, -2.046287856998946 ], [ 130.358128946293817, -2.044765846166824 ], [ 130.359190248830942, -2.047043338779014 ], [ 130.356656391879056, -2.046287856998946 ] ] ], [ [ [ 130.377535563315632, -2.045004923738253 ], [ 130.377063780768907, -2.043975931144276 ], [ 130.377342826010675, -2.043855644122688 ], [ 130.377535563315632, -2.045004923738253 ] ] ], [ [ [ 130.373678029317716, -2.044025564728008 ], [ 130.373646214901015, -2.043458529587477 ], [ 130.374446585441717, -2.043839495895933 ], [ 130.373678029317716, -2.044025564728008 ] ] ], [ [ [ 130.374596927806039, -2.04389728363275 ], [ 130.376081696812889, -2.042140853717461 ], [ 130.376034122676629, -2.04500135432904 ], [ 130.374596927806039, -2.04389728363275 ] ] ], [ [ [ 130.350402072897396, -2.042434514741048 ], [ 130.350335457415468, -2.042329106103319 ], [ 130.350746259632245, -2.042112739111618 ], [ 130.350402072897396, -2.042434514741048 ] ] ], [ [ [ 130.37386926115758, -2.037810379745158 ], [ 130.374145963665342, -2.038093693169346 ], [ 130.372091554181907, -2.039743262941146 ], [ 130.37386926115758, -2.037810379745158 ] ] ], [ [ [ 130.392300352079701, -2.012869923008514 ], [ 130.392312471343502, -2.01247768999338 ], [ 130.392635236227221, -2.012532779763992 ], [ 130.392300352079701, -2.012869923008514 ] ] ], [ [ [ 130.420176616857447, -2.207735433143748 ], [ 130.42023005007681, -2.208021617203842 ], [ 130.41980888497207, -2.208119174760098 ], [ 130.420176616857447, -2.207735433143748 ] ] ], [ [ [ 130.421136155709007, -2.206512784137709 ], [ 130.421318915935359, -2.206604448436527 ], [ 130.420956956798108, -2.206735997668124 ], [ 130.421136155709007, -2.206512784137709 ] ] ], [ [ [ 130.419161077222043, -2.204679301208762 ], [ 130.419190032693933, -2.20439422241539 ], [ 130.419359574684677, -2.204432261939365 ], [ 130.419161077222043, -2.204679301208762 ] ] ], [ [ [ 130.423361102732798, -2.20348715810586 ], [ 130.423503871006886, -2.203815523067925 ], [ 130.423211197438832, -2.204022537110367 ], [ 130.423361102732798, -2.20348715810586 ] ] ], [ [ [ 130.419106626869365, -2.202839943908247 ], [ 130.419316019618748, -2.202797113695803 ], [ 130.419111386081681, -2.202935122757671 ], [ 130.419106626869365, -2.202839943908247 ] ] ], [ [ [ 130.420605687002904, -2.204400871103301 ], [ 130.419477822943236, -2.202951779101264 ], [ 130.422290345622969, -2.20117432213725 ], [ 130.420605687002904, -2.204400871103301 ] ] ], [ [ [ 130.41947127857668, -2.201223101365018 ], [ 130.41947127857668, -2.201118404091057 ], [ 130.419823439600151, -2.201089850616095 ], [ 130.41947127857668, -2.201223101365018 ] ] ], [ [ [ 130.421955437193816, -2.200870940341654 ], [ 130.421974472244131, -2.2010708146663 ], [ 130.421536651695192, -2.200937564816746 ], [ 130.421955437193816, -2.200870940341654 ] ] ], [ [ [ 130.419777635329638, -2.197783590240482 ], [ 130.425945197612833, -2.200474760202026 ], [ 130.424302551721439, -2.203054032017976 ], [ 130.424878009912305, -2.200035749849954 ], [ 130.419777635329638, -2.197783590240482 ] ] ], [ [ [ 130.421308222996117, -2.199566996219909 ], [ 130.421470027220096, -2.199576513745077 ], [ 130.421327258945894, -2.199700246069463 ], [ 130.421308222996117, -2.199566996219909 ] ] ], [ [ [ 130.426053850105177, -2.197266138321657 ], [ 130.426041949376582, -2.196942055031764 ], [ 130.426459324738062, -2.196934658107979 ], [ 130.426053850105177, -2.197266138321657 ] ] ], [ [ [ 130.423654371651992, -2.196427296582476 ], [ 130.423553244686531, -2.196269658018318 ], [ 130.423701961076745, -2.196272632076296 ], [ 130.423654371651992, -2.196427296582476 ] ] ], [ [ [ 130.422738279048446, -2.195927609871267 ], [ 130.422738279048446, -2.195817559832497 ], [ 130.422842380971161, -2.195814585774519 ], [ 130.422738279048446, -2.195927609871267 ] ] ], [ [ [ 130.421629958156132, -2.195837629103275 ], [ 130.420964158569205, -2.195288157722258 ], [ 130.421666915795669, -2.195637245762244 ], [ 130.421629958156132, -2.195837629103275 ] ] ], [ [ [ 130.427253175194011, -2.194646828688112 ], [ 130.427499116391118, -2.194709049183269 ], [ 130.427186049796404, -2.194823861132283 ], [ 130.427253175194011, -2.194646828688112 ] ] ], [ [ [ 130.424273095327237, -2.194251321241497 ], [ 130.424480582413054, -2.193975379560081 ], [ 130.424594915023363, -2.194050472051595 ], [ 130.424273095327237, -2.194251321241497 ] ] ], [ [ [ 130.441998570977432, -2.174987308817228 ], [ 130.441577878016687, -2.174969495945428 ], [ 130.441695529125468, -2.174812739616177 ], [ 130.441998570977432, -2.174987308817228 ] ] ], [ [ [ 130.440996004961704, -2.175141004753561 ], [ 130.437394891960764, -2.172657454078225 ], [ 130.440141923311216, -2.172255758396529 ], [ 130.440996004961704, -2.175141004753561 ] ] ], [ [ [ 130.441025264404487, -2.173597975865876 ], [ 130.440847005285207, -2.173466157736931 ], [ 130.441274828070931, -2.173416281336232 ], [ 130.441025264404487, -2.173597975865876 ] ] ], [ [ [ 130.43705455072697, -2.173609793856818 ], [ 130.437154377272748, -2.173139526667805 ], [ 130.437477620595814, -2.173562292565739 ], [ 130.43705455072697, -2.173609793856818 ] ] ], [ [ [ 130.445690196245664, -2.12351569339449 ], [ 130.444634897582546, -2.121919581123782 ], [ 130.446032453934691, -2.122052590854301 ], [ 130.445690196245664, -2.12351569339449 ] ] ], [ [ [ 130.437474795825267, -2.126290081222232 ], [ 130.430997785819216, -2.122093998339386 ], [ 130.439720868823059, -2.118392652299056 ], [ 130.437474795825267, -2.126290081222232 ] ] ], [ [ [ 130.43307273042231, -2.11891602085768 ], [ 130.431190306387606, -2.119657073914821 ], [ 130.431297261859186, -2.118609623635153 ], [ 130.43307273042231, -2.11891602085768 ] ] ], [ [ [ 130.428637625725827, -2.1175550471277 ], [ 130.430227702646448, -2.118616748963747 ], [ 130.427824760904059, -2.120341123444108 ], [ 130.428637625725827, -2.1175550471277 ] ] ], [ [ [ 130.425985120317165, -2.11858824675018 ], [ 130.426120597787389, -2.118609623635153 ], [ 130.425977989592639, -2.11867375339097 ], [ 130.425985120317165, -2.11858824675018 ] ] ], [ [ [ 130.42513185974758, -2.117070007674654 ], [ 130.424981765596101, -2.116492837174638 ], [ 130.425343384789443, -2.116578850133793 ], [ 130.42513185974758, -2.117070007674654 ] ] ], [ [ [ 130.424883502072021, -2.116542620045886 ], [ 130.424679820917049, -2.116548329841544 ], [ 130.424695049137341, -2.116458861687059 ], [ 130.424883502072021, -2.116542620045886 ] ] ], [ [ [ 130.421005110097781, -2.114027597595497 ], [ 130.419640940177288, -2.113382513891887 ], [ 130.419849678220146, -2.112647842423959 ], [ 130.421005110097781, -2.114027597595497 ] ] ], [ [ [ 130.419977197589674, -2.111745032807027 ], [ 130.420419328589219, -2.111437727269299 ], [ 130.420073379183123, -2.111917356400911 ], [ 130.419977197589674, -2.111745032807027 ] ] ], [ [ [ 130.43999845266643, -2.093372897840956 ], [ 130.439694193132596, -2.093013928949633 ], [ 130.440195478838262, -2.093083169552573 ], [ 130.43999845266643, -2.093372897840956 ] ] ], [ [ [ 130.448501300694517, -2.059481608389474 ], [ 130.447848551169784, -2.060659279602023 ], [ 130.44701096758223, -2.05986604787976 ], [ 130.448501300694517, -2.059481608389474 ] ] ], [ [ [ 130.424112882903273, -2.054581604557365 ], [ 130.424325722753991, -2.055113317025908 ], [ 130.423842731956597, -2.054741031873069 ], [ 130.424112882903273, -2.054581604557365 ] ] ], [ [ [ 130.42804165040198, -2.054163439591067 ], [ 130.424769757618265, -2.054654769801806 ], [ 130.427046686355538, -2.052841671805711 ], [ 130.42804165040198, -2.054163439591067 ] ] ], [ [ [ 130.440474343316339, -2.002203830442456 ], [ 130.440517172629512, -2.00186118784354 ], [ 130.440852677309294, -2.001953987086763 ], [ 130.440474343316339, -2.002203830442456 ] ] ], [ [ [ 130.442458712699477, -2.000119960967433 ], [ 130.44293306011275, -2.000187670924275 ], [ 130.442569123366411, -2.000483790694313 ], [ 130.442458712699477, -2.000119960967433 ] ] ], [ [ [ 130.43206982806015, -1.997280719429645 ], [ 130.432617173443845, -1.997513605168693 ], [ 130.431847638857562, -1.998152687696392 ], [ 130.43206982806015, -1.997280719429645 ] ] ], [ [ [ 130.427441789107291, -1.996798698101371 ], [ 130.428054163568845, -1.99644666118442 ], [ 130.428092098771458, -1.996733706795167 ], [ 130.427441789107291, -1.996798698101371 ] ] ], [ [ [ 130.44665757089021, -1.975185905605064 ], [ 130.444888635002599, -1.977326694970932 ], [ 130.444662522957145, -1.974911380355865 ], [ 130.44665757089021, -1.975185905605064 ] ] ], [ [ [ 130.44110368258896, -1.973505519664004 ], [ 130.441262928241628, -1.973410503591838 ], [ 130.44119875441902, -1.9736005348368 ], [ 130.44110368258896, -1.973505519664004 ] ] ], [ [ [ 130.441577853735055, -1.973334491993223 ], [ 130.441618259375218, -1.973348744448971 ], [ 130.441582606652048, -1.973410503591838 ], [ 130.441577853735055, -1.973334491993223 ] ] ], [ [ [ 130.44147802808854, -1.97302331577332 ], [ 130.441511303004233, -1.972897419680125 ], [ 130.441544577920041, -1.972914048144775 ], [ 130.44147802808854, -1.97302331577332 ] ] ], [ [ [ 130.443215279062031, -1.971480412790788 ], [ 130.443447914789601, -1.971153457965707 ], [ 130.443529798061832, -1.971666819767842 ], [ 130.443215279062031, -1.971480412790788 ] ] ], [ [ [ 130.441605561847297, -1.970927475422629 ], [ 130.441838118434418, -1.970508072989135 ], [ 130.442028439261094, -1.970748391624971 ], [ 130.441605561847297, -1.970927475422629 ] ] ], [ [ [ 130.443327770760106, -1.970128754238592 ], [ 130.443416900769421, -1.970232678095579 ], [ 130.443232698929961, -1.970330662829772 ], [ 130.443327770760106, -1.970128754238592 ] ] ], [ [ [ 130.458541178232821, -2.213292674117545 ], [ 130.45862683775843, -2.213321226693227 ], [ 130.458487878113147, -2.213389755932488 ], [ 130.458541178232821, -2.213292674117545 ] ] ], [ [ [ 130.459210560718816, -2.213169350984684 ], [ 130.459104976713348, -2.212698590967138 ], [ 130.459764671702317, -2.212981416059462 ], [ 130.459210560718816, -2.213169350984684 ] ] ], [ [ [ 130.450483664589427, -2.175702553130337 ], [ 130.450373144205287, -2.175542234586475 ], [ 130.450733229155333, -2.175431793342591 ], [ 130.450483664589427, -2.175702553130337 ] ] ], [ [ [ 130.456863048690821, -2.175045396927549 ], [ 130.456987829624694, -2.174926642350622 ], [ 130.45709478599565, -2.175003832960526 ], [ 130.456863048690821, -2.175045396927549 ] ] ], [ [ [ 130.452195608640551, -2.175652306208958 ], [ 130.452702953078841, -2.173898925894685 ], [ 130.45568950086988, -2.173977870182503 ], [ 130.452195608640551, -2.175652306208958 ] ] ], [ [ [ 130.454875487613776, -2.174487182337531 ], [ 130.45514882036187, -2.174463431242307 ], [ 130.454762590321366, -2.174801881201832 ], [ 130.454875487613776, -2.174487182337531 ] ] ], [ [ [ 130.459033111888601, -2.174242735813531 ], [ 130.457149500748926, -2.174652438159447 ], [ 130.458759780939175, -2.173458956865298 ], [ 130.459033111888601, -2.174242735813531 ] ] ], [ [ [ 130.452130154183322, -2.171386649074508 ], [ 130.45254518231431, -2.171357475966756 ], [ 130.452538187387518, -2.171526513437799 ], [ 130.452130154183322, -2.171386649074508 ] ] ], [ [ [ 130.465060896143541, -2.171386461116237 ], [ 130.464226640047514, -2.171650095575389 ], [ 130.464426291340345, -2.170791501126873 ], [ 130.465060896143541, -2.171386461116237 ] ] ], [ [ [ 130.461264787640005, -2.168255147656955 ], [ 130.461369484014597, -2.168264666081493 ], [ 130.461251463284498, -2.16838839840579 ], [ 130.461264787640005, -2.168255147656955 ] ] ], [ [ [ 130.472246393856011, -2.168122087564322 ], [ 130.472451391618506, -2.168044896954418 ], [ 130.472249365216044, -2.168208185059678 ], [ 130.472246393856011, -2.168122087564322 ] ] ], [ [ [ 130.451705959262625, -2.172881706325663 ], [ 130.459780567219468, -2.167635113669514 ], [ 130.461828185922059, -2.171361230636309 ], [ 130.47242108806276, -2.161517525813133 ], [ 130.473341622418076, -2.167458603731559 ], [ 130.469754717806097, -2.165717538733341 ], [ 130.459982595420485, -2.174059736367711 ], [ 130.458515975631855, -2.1715539670419 ], [ 130.451705959262625, -2.172881706325663 ] ] ], [ [ [ 130.472504944447707, -2.167807452551878 ], [ 130.472558420834503, -2.167599631817479 ], [ 130.472605957199193, -2.167656039994187 ], [ 130.472504944447707, -2.167807452551878 ] ] ], [ [ [ 130.471453197207296, -2.167451177130092 ], [ 130.470971896236051, -2.167356173648477 ], [ 130.471266024907237, -2.166904904637606 ], [ 130.471453197207296, -2.167451177130092 ] ] ], [ [ [ 130.474046884256325, -2.16668231613602 ], [ 130.474100362441874, -2.166548717349409 ], [ 130.474159782448027, -2.166845604241191 ], [ 130.474046884256325, -2.16668231613602 ] ] ], [ [ [ 130.474973867649936, -2.166186350819382 ], [ 130.475140244027045, -2.166355576248785 ], [ 130.474834231714425, -2.166319949605994 ], [ 130.474973867649936, -2.166186350819382 ] ] ], [ [ [ 130.458869838172546, -2.164046110939305 ], [ 130.4589268812706, -2.163877479062398 ], [ 130.459045721283019, -2.16391547991544 ], [ 130.458869838172546, -2.164046110939305 ] ] ], [ [ [ 130.473405146030672, -2.1633736176983 ], [ 130.473640449147467, -2.163156295626495 ], [ 130.473644014060028, -2.163377179912912 ], [ 130.473405146030672, -2.1633736176983 ] ] ], [ [ [ 130.466506967322772, -2.162516059268698 ], [ 130.465223496267384, -2.161988785853724 ], [ 130.465587146129877, -2.161340381853099 ], [ 130.466506967322772, -2.162516059268698 ] ] ], [ [ [ 130.464282736159362, -2.161419551870841 ], [ 130.464357011167181, -2.16152940136079 ], [ 130.464033173392266, -2.161579872213265 ], [ 130.464282736159362, -2.161419551870841 ] ] ], [ [ [ 130.454017688165862, -2.144442546885999 ], [ 130.453924992344639, -2.144271537201631 ], [ 130.454773508990371, -2.144171781702303 ], [ 130.454017688165862, -2.144442546885999 ] ] ], [ [ [ 130.453474807016846, -2.144228067571246 ], [ 130.453322521217416, -2.144075781771898 ], [ 130.453617575290849, -2.144056745822192 ], [ 130.453474807016846, -2.144228067571246 ] ] ], [ [ [ 130.452485711046847, -2.129616362305248 ], [ 130.452507125703363, -2.129873342680627 ], [ 130.452075254169728, -2.129751990861633 ], [ 130.452485711046847, -2.129616362305248 ] ] ], [ [ [ 130.450936041565114, -2.128845844759924 ], [ 130.45092711939111, -2.128923178362024 ], [ 130.450674301078152, -2.128801230292515 ], [ 130.450936041565114, -2.128845844759924 ] ] ], [ [ [ 130.473876379990969, -2.128316173752337 ], [ 130.474648256411882, -2.127481208990561 ], [ 130.474884769116841, -2.128159812225588 ], [ 130.473876379990969, -2.128316173752337 ] ] ], [ [ [ 130.449478905127393, -2.126995075961974 ], [ 130.44943893026246, -2.12693606514725 ], [ 130.449595022892026, -2.126869439772788 ], [ 130.449478905127393, -2.126995075961974 ] ] ], [ [ [ 130.460485734629088, -2.125119359970467 ], [ 130.462185221271085, -2.123694111693913 ], [ 130.462074285400007, -2.124704544079409 ], [ 130.460485734629088, -2.125119359970467 ] ] ], [ [ [ 130.456370889305163, -2.061509316102056 ], [ 130.456865677409155, -2.061724474404963 ], [ 130.456572094626523, -2.062173369205583 ], [ 130.456370889305163, -2.061509316102056 ] ] ], [ [ [ 130.449503865810783, -2.00432105217479 ], [ 130.448394689663218, -1.998707181790943 ], [ 130.450834825566858, -1.998719076224381 ], [ 130.449503865810783, -2.00432105217479 ] ] ], [ [ [ 130.464415465301499, -1.999928768697684 ], [ 130.464332189878775, -1.999634699381852 ], [ 130.464621035932169, -1.999743381551783 ], [ 130.464415465301499, -1.999928768697684 ] ] ], [ [ [ 130.451815907678167, -1.983724257068792 ], [ 130.451768372212626, -1.983491470255144 ], [ 130.451991790788639, -1.983481968917649 ], [ 130.451815907678167, -1.983724257068792 ] ] ], [ [ [ 130.468142438422916, -1.981853177981746 ], [ 130.467886657743179, -1.980277990237061 ], [ 130.469972558786623, -1.980921379617945 ], [ 130.468142438422916, -1.981853177981746 ] ] ], [ [ [ 130.450782001188486, -1.978211007332048 ], [ 130.450839044286568, -1.977925960914378 ], [ 130.45101017358067, -1.978068483673573 ], [ 130.450782001188486, -1.978211007332048 ] ] ], [ [ [ 130.453811336923735, -1.975113154948099 ], [ 130.453825638842204, -1.978453948390962 ], [ 130.450467940842856, -1.976387749694824 ], [ 130.453811336923735, -1.975113154948099 ] ] ], [ [ [ 130.466324225082957, -1.976271476347518 ], [ 130.466519655857525, -1.97632474409169 ], [ 130.46619097613268, -1.976555571282562 ], [ 130.466324225082957, -1.976271476347518 ] ] ], [ [ [ 130.46953480568672, -1.977148925982069 ], [ 130.468647187417787, -1.97514206455463 ], [ 130.470445689417119, -1.975461801421035 ], [ 130.46953480568672, -1.977148925982069 ] ] ], [ [ [ 130.462491104081181, -1.975762769436168 ], [ 130.462775368088813, -1.975709500792805 ], [ 130.462890850032721, -1.975816036281058 ], [ 130.462491104081181, -1.975762769436168 ] ] ], [ [ [ 130.464355250294574, -1.975053785303876 ], [ 130.464608950842518, -1.975082670628675 ], [ 130.464570413993442, -1.975182165324624 ], [ 130.464355250294574, -1.975053785303876 ] ] ], [ [ [ 130.465964165314119, -1.974819492125773 ], [ 130.466073352902924, -1.974655807419539 ], [ 130.466134369205889, -1.974761720576895 ], [ 130.465964165314119, -1.974819492125773 ] ] ], [ [ [ 130.466805553933227, -1.974626922094741 ], [ 130.466856935799029, -1.974729625571753 ], [ 130.466298151038956, -1.974825910587269 ], [ 130.466805553933227, -1.974626922094741 ] ] ], [ [ [ 130.463905653123447, -1.974771348718734 ], [ 130.463639105760251, -1.974771348718734 ], [ 130.46388317277021, -1.974655807419539 ], [ 130.463905653123447, -1.974771348718734 ] ] ], [ [ [ 130.470576165757507, -1.975258937749752 ], [ 130.471858230273142, -1.973886781849471 ], [ 130.472388968775988, -1.975321695140059 ], [ 130.470576165757507, -1.975258937749752 ] ] ], [ [ [ 130.470254545710759, -1.974806525700595 ], [ 130.470273171569744, -1.974192226689913 ], [ 130.47059354155877, -1.974315086671924 ], [ 130.470254545710759, -1.974806525700595 ] ] ], [ [ [ 130.456520690277671, -1.974982919626017 ], [ 130.455250057943914, -1.974007341365708 ], [ 130.456201841941493, -1.973888368253546 ], [ 130.456520690277671, -1.974982919626017 ] ] ], [ [ [ 130.467733719035976, -1.973892309982089 ], [ 130.468382632952171, -1.974234702569438 ], [ 130.46761110906553, -1.974444987446239 ], [ 130.467733719035976, -1.973892309982089 ] ] ], [ [ [ 130.471945059816676, -1.973686124215229 ], [ 130.472309377875604, -1.973741082684827 ], [ 130.472330000229391, -1.974187623959628 ], [ 130.471945059816676, -1.973686124215229 ] ] ], [ [ [ 130.461522958717666, -1.971603369000269 ], [ 130.459322114424083, -1.975926801280808 ], [ 130.456744333684128, -1.974074255422581 ], [ 130.461522958717666, -1.971603369000269 ] ] ], [ [ [ 130.46292666103659, -1.97454749936759 ], [ 130.463532229428893, -1.972795953670309 ], [ 130.463715791850433, -1.973129865650774 ], [ 130.46292666103659, -1.97454749936759 ] ] ], [ [ [ 130.46743827016013, -1.973630050586378 ], [ 130.467423369293101, -1.973425284849034 ], [ 130.467579828846056, -1.973458791789811 ], [ 130.46743827016013, -1.973630050586378 ] ] ], [ [ [ 130.469502302389429, -1.973178033339545 ], [ 130.468502829142238, -1.973007330324 ], [ 130.47307704906666, -1.973084979588085 ], [ 130.469502302389429, -1.973178033339545 ] ] ], [ [ [ 130.473220176170258, -1.97313309961285 ], [ 130.473636048764661, -1.973146840354373 ], [ 130.473230486897478, -1.973394154816349 ], [ 130.473220176170258, -1.97313309961285 ] ] ], [ [ [ 130.456565978337267, -1.973356838347323 ], [ 130.456583745343636, -1.972833037214899 ], [ 130.457036789616126, -1.972912939280663 ], [ 130.456565978337267, -1.973356838347323 ] ] ], [ [ [ 130.467348864058835, -1.972985967828139 ], [ 130.467419644301231, -1.972710464116561 ], [ 130.467766090133068, -1.972837047291881 ], [ 130.467348864058835, -1.972985967828139 ] ] ], [ [ [ 130.449464488995091, -1.970659766135268 ], [ 130.450700394907386, -1.970213071975651 ], [ 130.447434831552272, -1.975354102210064 ], [ 130.449464488995091, -1.970659766135268 ] ] ], [ [ [ 130.464190407261498, -1.97230007828591 ], [ 130.464161853786521, -1.972504710923589 ], [ 130.463800176137283, -1.972433328135553 ], [ 130.464190407261498, -1.97230007828591 ] ] ], [ [ [ 130.455026884882813, -1.970542257119417 ], [ 130.455298846164851, -1.973253170797134 ], [ 130.453111253381735, -1.973369052939416 ], [ 130.455026884882813, -1.970542257119417 ] ] ], [ [ [ 130.464602963156267, -1.971836487663753 ], [ 130.464639970258531, -1.971489961792289 ], [ 130.465063875597451, -1.97151351323806 ], [ 130.464602963156267, -1.971836487663753 ] ] ], [ [ [ 130.468294262869989, -1.972207279042687 ], [ 130.468832127600706, -1.970289229264482 ], [ 130.46913031311351, -1.970706906798286 ], [ 130.468294262869989, -1.972207279042687 ] ] ], [ [ [ 130.452549357866559, -1.971387611748826 ], [ 130.452639778403039, -1.97105924678676 ], [ 130.452744473878454, -1.971111595423741 ], [ 130.452549357866559, -1.971387611748826 ] ] ], [ [ [ 130.452877418857838, -1.97099281476652 ], [ 130.452996098791004, -1.971031098006742 ], [ 130.452862106101435, -1.971149777939823 ], [ 130.452877418857838, -1.97099281476652 ] ] ], [ [ [ 130.45602975037275, -1.970464036785829 ], [ 130.456824598176695, -1.971343908294726 ], [ 130.455667203078974, -1.970977701659576 ], [ 130.45602975037275, -1.970464036785829 ] ] ], [ [ [ 130.473163507190179, -1.970796479274034 ], [ 130.47350981722434, -1.970595544648651 ], [ 130.473573360622169, -1.971207929902002 ], [ 130.473163507190179, -1.970796479274034 ] ] ], [ [ [ 130.456787320378595, -1.970811112143084 ], [ 130.457001231321783, -1.970488058577052 ], [ 130.457077288786024, -1.970635333353959 ], [ 130.456787320378595, -1.970811112143084 ] ] ], [ [ [ 130.45716755284036, -1.970544954186254 ], [ 130.457158046107025, -1.970435685658339 ], [ 130.457229349754726, -1.970435685658339 ], [ 130.45716755284036, -1.970544954186254 ] ] ], [ [ [ 130.454351343839534, -1.970403245313529 ], [ 130.454355173152749, -1.970453013795575 ], [ 130.454209694322003, -1.970433871725779 ], [ 130.454351343839534, -1.970403245313529 ] ] ], [ [ [ 130.500997912124092, -2.227010202358942 ], [ 130.500997912124092, -2.226915024408799 ], [ 130.501128783266807, -2.226920971625473 ], [ 130.500997912124092, -2.227010202358942 ] ] ], [ [ [ 130.500301919597973, -2.226688975315932 ], [ 130.500468482134806, -2.226653283022545 ], [ 130.50029597058267, -2.226784153266076 ], [ 130.500301919597973, -2.226688975315932 ] ] ], [ [ [ 130.485950400790387, -2.225609816739654 ], [ 130.486372083005335, -2.227043701205838 ], [ 130.484909991303141, -2.226926150821212 ], [ 130.485950400790387, -2.225609816739654 ] ] ], [ [ [ 130.496963116354777, -2.226076946194061 ], [ 130.49709037492093, -2.225453642271718 ], [ 130.497499257984515, -2.22607639940629 ], [ 130.496963116354777, -2.226076946194061 ] ] ], [ [ [ 130.487976907008715, -2.225379438310432 ], [ 130.487960873895304, -2.224494767119817 ], [ 130.488215936016672, -2.224651601690036 ], [ 130.487976907008715, -2.225379438310432 ] ] ], [ [ [ 130.495451389270187, -2.224436577386074 ], [ 130.495142059358642, -2.225319951754395 ], [ 130.494481758226556, -2.224388987961406 ], [ 130.495451389270187, -2.224436577386074 ] ] ], [ [ [ 130.487741680334381, -2.223731626713215 ], [ 130.487154681143693, -2.22595572657554 ], [ 130.4873262511056, -2.223388145046817 ], [ 130.489486786885749, -2.223859120901666 ], [ 130.487741680334381, -2.223731626713215 ] ] ], [ [ [ 130.492140964134222, -2.223722738713368 ], [ 130.492665002687744, -2.224131161324033 ], [ 130.49216178433889, -2.22419565620458 ], [ 130.492140964134222, -2.223722738713368 ] ] ], [ [ [ 130.493529974228977, -2.224097504196459 ], [ 130.494163141915607, -2.223750472006719 ], [ 130.49433006777852, -2.224112375385806 ], [ 130.493529974228977, -2.224097504196459 ] ] ], [ [ [ 130.499339617129607, -2.22348285894674 ], [ 130.499352967565386, -2.22328385426645 ], [ 130.499599743333562, -2.223359925220342 ], [ 130.499339617129607, -2.22348285894674 ] ] ], [ [ [ 130.489304249691486, -2.222853481902659 ], [ 130.489259635223988, -2.222850507844592 ], [ 130.489304249691486, -2.222779124157276 ], [ 130.489304249691486, -2.222853481902659 ] ] ], [ [ [ 130.492163207965802, -2.22216641694653 ], [ 130.492268860319683, -2.222327779603278 ], [ 130.492036862211592, -2.222476495993503 ], [ 130.492163207965802, -2.22216641694653 ] ] ], [ [ [ 130.490037370728174, -2.222285577117683 ], [ 130.489808701010787, -2.222638427921103 ], [ 130.489102549742938, -2.221448147314137 ], [ 130.490037370728174, -2.222285577117683 ] ] ], [ [ [ 130.48872207536354, -2.220824595178877 ], [ 130.488638793645492, -2.220723468213498 ], [ 130.488751817742241, -2.220610443217291 ], [ 130.48872207536354, -2.220824595178877 ] ] ], [ [ [ 130.485886947324815, -2.220662552634606 ], [ 130.48673007883022, -2.219974797898599 ], [ 130.486842291738441, -2.220258606849251 ], [ 130.485886947324815, -2.220662552634606 ] ] ], [ [ [ 130.484937542033975, -2.219497212026683 ], [ 130.485001787802247, -2.219600718598263 ], [ 130.484816190215071, -2.219682809613937 ], [ 130.484937542033975, -2.219497212026683 ] ] ], [ [ [ 130.483413469955735, -2.165301201189434 ], [ 130.483798511092516, -2.164959187216647 ], [ 130.483793757276061, -2.165348703379882 ], [ 130.483413469955735, -2.165301201189434 ] ] ], [ [ [ 130.484183552229183, -2.163580515728208 ], [ 130.484406970805168, -2.163447509594901 ], [ 130.484459260086851, -2.163623267699682 ], [ 130.484183552229183, -2.163580515728208 ] ] ], [ [ [ 130.503733231603434, -2.163848341028102 ], [ 130.503236458695739, -2.163261018081469 ], [ 130.503666235708209, -2.162650369418989 ], [ 130.503733231603434, -2.163848341028102 ] ] ], [ [ [ 130.485899599886636, -2.162953488612557 ], [ 130.484497288818943, -2.163148246694218 ], [ 130.48523884999301, -2.161856189811312 ], [ 130.485899599886636, -2.162953488612557 ] ] ], [ [ [ 130.485823542422594, -2.161666181948712 ], [ 130.485894846070295, -2.16171368413916 ], [ 130.485776006057876, -2.161813437839838 ], [ 130.485823542422594, -2.161666181948712 ] ] ], [ [ [ 130.48064267761751, -2.161507242964872 ], [ 130.480913632558213, -2.161179477850622 ], [ 130.48107763202708, -2.161713876594101 ], [ 130.48064267761751, -2.161507242964872 ] ] ], [ [ [ 130.481348586967783, -2.161418175908119 ], [ 130.481287978957084, -2.161329109750559 ], [ 130.481448411714837, -2.161243605807789 ], [ 130.481348586967783, -2.161418175908119 ] ] ], [ [ [ 130.481583890084494, -2.161268544907374 ], [ 130.481526846986441, -2.161190166293109 ], [ 130.481623106820933, -2.161179477850622 ], [ 130.481583890084494, -2.161268544907374 ] ] ], [ [ [ 130.486837245642363, -2.161752160733604 ], [ 130.485848497710123, -2.161400645423411 ], [ 130.487217533862122, -2.160046833894219 ], [ 130.486837245642363, -2.161752160733604 ] ] ], [ [ [ 130.480172072283352, -2.160516823192809 ], [ 130.480742504163402, -2.160481197449299 ], [ 130.480286159378863, -2.160965717993518 ], [ 130.480172072283352, -2.160516823192809 ] ] ], [ [ [ 130.481188153310654, -2.160199745621677 ], [ 130.481330760606141, -2.160370754406765 ], [ 130.481109718938427, -2.160335126864604 ], [ 130.481188153310654, -2.160199745621677 ] ] ], [ [ [ 130.479754826424141, -2.160317365254199 ], [ 130.479799083860712, -2.160224566010887 ], [ 130.479877606366443, -2.160310227335055 ], [ 130.479754826424141, -2.160317365254199 ] ] ], [ [ [ 130.480623069698936, -2.160028145082832 ], [ 130.480751417344067, -2.159814385225728 ], [ 130.480946313921351, -2.159980642892384 ], [ 130.480623069698936, -2.160028145082832 ] ] ], [ [ [ 130.487064512417447, -2.158992773597573 ], [ 130.487750916371738, -2.158712250769762 ], [ 130.487790475749932, -2.158952516345552 ], [ 130.487064512417447, -2.158992773597573 ] ] ], [ [ [ 130.486459328935013, -2.1585183128698 ], [ 130.486707541819669, -2.158932099037086 ], [ 130.486063254016017, -2.158951900309885 ], [ 130.486459328935013, -2.1585183128698 ] ] ], [ [ [ 130.486881930256942, -2.158179895285977 ], [ 130.487000903369108, -2.158210828366963 ], [ 130.486905725418978, -2.158460671722656 ], [ 130.486881930256942, -2.158179895285977 ] ] ], [ [ [ 130.492328398137118, -2.157913553867369 ], [ 130.492526368597055, -2.157976372411602 ], [ 130.492162787083004, -2.158096297006479 ], [ 130.492328398137118, -2.157913553867369 ] ] ], [ [ [ 130.490441025133265, -2.156900716694659 ], [ 130.485792008594331, -2.157879263617085 ], [ 130.490383982035098, -2.155532651810438 ], [ 130.490441025133265, -2.156900716694659 ] ] ], [ [ [ 130.486929995422997, -2.155412264964079 ], [ 130.487013276241782, -2.155493167076022 ], [ 130.486763432886193, -2.155645451976001 ], [ 130.486929995422997, -2.155412264964079 ] ] ], [ [ [ 130.478522110407056, -2.146174171700649 ], [ 130.47841123658938, -2.145865449730705 ], [ 130.478865699092836, -2.145729125998402 ], [ 130.478522110407056, -2.146174171700649 ] ] ], [ [ [ 130.480123248988775, -2.145892012106648 ], [ 130.484351570768411, -2.143946779420341 ], [ 130.485877474765715, -2.146091523105303 ], [ 130.480123248988775, -2.145892012106648 ] ] ], [ [ [ 130.475757348922599, -2.143478220043798 ], [ 130.476975632619457, -2.142945220645403 ], [ 130.476061919622026, -2.143563881367966 ], [ 130.475757348922599, -2.143478220043798 ] ] ], [ [ [ 130.477908381566607, -2.143335451769707 ], [ 130.477879828091659, -2.143049917019995 ], [ 130.478155846215373, -2.143183166869639 ], [ 130.477908381566607, -2.143335451769707 ] ] ], [ [ [ 130.478241505740897, -2.143268827294525 ], [ 130.478308131115455, -2.142954739069941 ], [ 130.478498487915004, -2.142897632120016 ], [ 130.478241505740897, -2.143268827294525 ] ] ], [ [ [ 130.478998174626128, -2.143087988020214 ], [ 130.478998174626128, -2.142988050857847 ], [ 130.47941220091235, -2.142949979857628 ], [ 130.478998174626128, -2.143087988020214 ] ] ], [ [ [ 130.484525979890151, -2.135379645154428 ], [ 130.48483055058955, -2.135493859054277 ], [ 130.484392730040611, -2.136226732777496 ], [ 130.484525979890151, -2.135379645154428 ] ] ], [ [ [ 130.487571689581785, -2.135474824003941 ], [ 130.487638314956342, -2.135769877178101 ], [ 130.487286154832191, -2.135836501653193 ], [ 130.487571689581785, -2.135474824003941 ] ] ], [ [ [ 130.497116760130439, -2.134924756372408 ], [ 130.496968210114943, -2.134598172967289 ], [ 130.497134585592676, -2.134520980558824 ], [ 130.497116760130439, -2.134924756372408 ] ] ], [ [ [ 130.497593777630755, -2.130529057270097 ], [ 130.497486823058466, -2.130739852062474 ], [ 130.497350156684433, -2.130632970335272 ], [ 130.497593777630755, -2.130529057270097 ] ] ], [ [ [ 130.497386046828609, -2.08699808499358 ], [ 130.497440299330378, -2.087032350062939 ], [ 130.497361776824647, -2.087069468680985 ], [ 130.497386046828609, -2.08699808499358 ] ] ], [ [ [ 130.497752223786165, -2.084750851870348 ], [ 130.498187178195735, -2.084697408758368 ], [ 130.497737963236432, -2.08497531006247 ], [ 130.497752223786165, -2.084750851870348 ] ] ], [ [ [ 130.498793261000287, -2.084558458106317 ], [ 130.498985780669301, -2.084757977198853 ], [ 130.498504479698028, -2.084871987851949 ], [ 130.498793261000287, -2.084558458106317 ] ] ], [ [ [ 130.501246484737521, -2.08357689575705 ], [ 130.501793760873397, -2.083032594578521 ], [ 130.502109038901068, -2.083547153378445 ], [ 130.501246484737521, -2.08357689575705 ] ] ], [ [ [ 130.479565445389113, -2.00979764374623 ], [ 130.48005177806715, -2.009985497732552 ], [ 130.480008675360153, -2.010112277859305 ], [ 130.479565445389113, -2.00979764374623 ] ] ], [ [ [ 130.484117104920529, -2.007097446390032 ], [ 130.484088112576359, -2.007254732419922 ], [ 130.483785773994384, -2.00715539330672 ], [ 130.484117104920529, -2.007097446390032 ] ] ], [ [ [ 130.484274487177885, -2.006791152589576 ], [ 130.484730066639344, -2.006733205672889 ], [ 130.484353177856917, -2.007022942055064 ], [ 130.484274487177885, -2.006791152589576 ] ] ], [ [ [ 130.481555944551246, -2.006254204268126 ], [ 130.481789335709266, -2.006216936362476 ], [ 130.481972350443669, -2.006533790901704 ], [ 130.481555944551246, -2.006254204268126 ] ] ], [ [ [ 130.478388286790079, -2.005065069397466 ], [ 130.478522510605444, -2.00471343717537 ], [ 130.478880340955044, -2.004811746564888 ], [ 130.478388286790079, -2.005065069397466 ] ] ], [ [ [ 130.47576028071245, -2.003230733911204 ], [ 130.475755115006535, -2.002589284367945 ], [ 130.476636422732781, -2.002361281947623 ], [ 130.47576028071245, -2.003230733911204 ] ] ], [ [ [ 130.493669560701761, -1.98212782643799 ], [ 130.494133037110032, -1.984629093757656 ], [ 130.492357569446312, -1.9854842267157 ], [ 130.493669560701761, -1.98212782643799 ] ] ], [ [ [ 130.501830509870217, -1.983742080732403 ], [ 130.50202143144395, -1.983572474889788 ], [ 130.502058553659396, -1.983657278260781 ], [ 130.501830509870217, -1.983742080732403 ] ] ], [ [ [ 130.498709252629965, -1.983064922707994 ], [ 130.499370003422996, -1.982699115371839 ], [ 130.499403278338718, -1.982851138569158 ], [ 130.498709252629965, -1.983064922707994 ] ] ], [ [ [ 130.504326871388145, -1.981444248153524 ], [ 130.50247968638854, -1.983773102846436 ], [ 130.499936644660465, -1.982547162321607 ], [ 130.504326871388145, -1.981444248153524 ] ] ], [ [ [ 130.498994469019607, -1.982442574764947 ], [ 130.499103801399457, -1.982561342831707 ], [ 130.498866122273739, -1.982632605110629 ], [ 130.498994469019607, -1.982442574764947 ] ] ], [ [ [ 130.499322467058278, -1.981900988639667 ], [ 130.499503103085743, -1.981953247344498 ], [ 130.499246408694859, -1.982157530145839 ], [ 130.499322467058278, -1.981900988639667 ] ] ], [ [ [ 130.500334982273671, -1.982010256268302 ], [ 130.500373011005763, -1.981796473028746 ], [ 130.500496603935176, -1.98185348195255 ], [ 130.500334982273671, -1.982010256268302 ] ] ], [ [ [ 130.498181604197754, -1.981772719235591 ], [ 130.498319457676871, -1.981592190227316 ], [ 130.498642702798548, -1.981848730834207 ], [ 130.498181604197754, -1.981772719235591 ] ] ], [ [ [ 130.484610050313677, -1.979093795342385 ], [ 130.487197160620525, -1.987133453845852 ], [ 130.479475669666527, -1.988377974363958 ], [ 130.486909826327548, -1.974117448961104 ], [ 130.484610050313677, -1.979093795342385 ] ] ], [ [ [ 130.49452506418038, -1.980490851671496 ], [ 130.494346125173593, -1.981440247969074 ], [ 130.493680637651323, -1.981115397557526 ], [ 130.49452506418038, -1.980490851671496 ] ] ], [ [ [ 130.503203143310458, -1.980858513409617 ], [ 130.50334539177652, -1.980896702221019 ], [ 130.503196785103597, -1.980965447297583 ], [ 130.503203143310458, -1.980858513409617 ] ] ], [ [ [ 130.498592961296168, -1.981378980755371 ], [ 130.500006840343445, -1.980026723254641 ], [ 130.500132264292631, -1.980653470681132 ], [ 130.498592961296168, -1.981378980755371 ] ] ], [ [ [ 130.48832938099622, -1.982117183860948 ], [ 130.488704052949771, -1.979213596730128 ], [ 130.488835625563723, -1.97961762525321 ], [ 130.48832938099622, -1.982117183860948 ] ] ], [ [ [ 130.502781415230174, -1.980480480689645 ], [ 130.502763999858814, -1.980402999598768 ], [ 130.502827411955536, -1.980395614366076 ], [ 130.502781415230174, -1.980480480689645 ] ] ], [ [ [ 130.502707112343387, -1.98039738333256 ], [ 130.502726572773184, -1.980445120246094 ], [ 130.502632810355976, -1.980448656380412 ], [ 130.502707112343387, -1.98039738333256 ] ] ], [ [ [ 130.502924714104353, -1.980285995102543 ], [ 130.502981324628536, -1.980349644620377 ], [ 130.502905252775292, -1.980434511843226 ], [ 130.502924714104353, -1.980285995102543 ] ] ], [ [ [ 130.498262295868329, -1.979954550861867 ], [ 130.498619566839551, -1.979430361222173 ], [ 130.498775396867075, -1.979855790912049 ], [ 130.498262295868329, -1.979954550861867 ] ] ], [ [ [ 130.503128213596284, -1.979683086904954 ], [ 130.503200643195214, -1.979595619742019 ], [ 130.503270054669315, -1.979625781204769 ], [ 130.503128213596284, -1.979683086904954 ] ] ], [ [ [ 130.491936392650473, -1.977105176662524 ], [ 130.489946113822128, -1.981283520418048 ], [ 130.488635074049483, -1.977345783081402 ], [ 130.491936392650473, -1.977105176662524 ] ] ], [ [ [ 130.493611534644629, -1.977058020711025 ], [ 130.493011974622931, -1.980197211332252 ], [ 130.491027589052038, -1.981076814843169 ], [ 130.493611534644629, -1.977058020711025 ] ] ], [ [ [ 130.501995735115258, -1.978596523310832 ], [ 130.502354898259966, -1.979231586768298 ], [ 130.501749658120275, -1.978927328133656 ], [ 130.501995735115258, -1.978596523310832 ] ] ], [ [ [ 130.501994627150339, -1.978479936999472 ], [ 130.502089670202167, -1.978077427431307 ], [ 130.502216758796379, -1.978127127564827 ], [ 130.501994627150339, -1.978479936999472 ] ] ], [ [ [ 130.488353919897605, -1.978071695152567 ], [ 130.488460611867794, -1.977820453351159 ], [ 130.488632695342659, -1.977937470437846 ], [ 130.488353919897605, -1.978071695152567 ] ] ], [ [ [ 130.480429510413614, -1.978171311256999 ], [ 130.480108350819876, -1.977920223239687 ], [ 130.480546293676525, -1.977569868954282 ], [ 130.480429510413614, -1.978171311256999 ] ] ], [ [ [ 130.486865913331286, -1.977725526311952 ], [ 130.486761216956694, -1.977002170114078 ], [ 130.487613063791997, -1.977268669813276 ], [ 130.486865913331286, -1.977725526311952 ] ] ], [ [ [ 130.499515073961589, -1.977209988150369 ], [ 130.499584486335038, -1.977240148713927 ], [ 130.499442645261922, -1.977297455313304 ], [ 130.499515073961589, -1.977209988150369 ] ] ], [ [ [ 130.499608679896681, -1.976818343291869 ], [ 130.499912586896443, -1.976492527008494 ], [ 130.500083880766539, -1.976674762929958 ], [ 130.499608679896681, -1.976818343291869 ] ] ], [ [ [ 130.487893029939414, -1.976838370294503 ], [ 130.488109127134493, -1.976036542852105 ], [ 130.488421808819481, -1.976279954256471 ], [ 130.487893029939414, -1.976838370294503 ] ] ], [ [ [ 130.493952928085264, -1.977131480933108 ], [ 130.493412972430775, -1.976133326092105 ], [ 130.494121619317269, -1.975412228091772 ], [ 130.493952928085264, -1.977131480933108 ] ] ], [ [ [ 130.476999846865539, -1.977743588295949 ], [ 130.478115127611062, -1.974432555218192 ], [ 130.48117654216378, -1.976880506230311 ], [ 130.476999846865539, -1.977743588295949 ] ] ], [ [ [ 130.492391017931169, -1.975592444135993 ], [ 130.492519567024488, -1.975937428569457 ], [ 130.492124413910716, -1.975920355839738 ], [ 130.492391017931169, -1.975592444135993 ] ] ], [ [ [ 130.488059123929446, -1.975958118372484 ], [ 130.488037443972871, -1.975530205654424 ], [ 130.488286756728456, -1.975557288737845 ], [ 130.488059123929446, -1.975958118372484 ] ] ], [ [ [ 130.503006924729874, -1.975658397716812 ], [ 130.503125151404731, -1.975535081778551 ], [ 130.503187769400142, -1.975771370552254 ], [ 130.503006924729874, -1.975658397716812 ] ] ], [ [ [ 130.4935792426879, -1.975577715938842 ], [ 130.49359825705406, -1.975292670420364 ], [ 130.49374561906518, -1.975397186930655 ], [ 130.4935792426879, -1.975577715938842 ] ] ], [ [ [ 130.503416636069034, -1.974856315766354 ], [ 130.503506270597995, -1.974906352246292 ], [ 130.5033671742558, -1.975644903389556 ], [ 130.503416636069034, -1.974856315766354 ] ] ], [ [ [ 130.490384233845333, -1.974777295935498 ], [ 130.490508890672771, -1.974815212252251 ], [ 130.490270418345204, -1.975086043086366 ], [ 130.490384233845333, -1.974777295935498 ] ] ], [ [ [ 130.49718603310896, -1.975196467243117 ], [ 130.49692933871799, -1.975091949833635 ], [ 130.497537799330104, -1.974645377082412 ], [ 130.49718603310896, -1.975196467243117 ] ] ], [ [ [ 130.48765769264844, -1.975121255141771 ], [ 130.487944286799518, -1.974710565340315 ], [ 130.488142306722096, -1.97509517120516 ], [ 130.48765769264844, -1.975121255141771 ] ] ], [ [ [ 130.493864897047331, -1.974636434224047 ], [ 130.494289949921324, -1.974377174966607 ], [ 130.494351739641132, -1.974641617916278 ], [ 130.493864897047331, -1.974636434224047 ] ] ], [ [ [ 130.48794530663065, -1.974089384717287 ], [ 130.488064544143413, -1.974246466601143 ], [ 130.487885688773531, -1.974268133067808 ], [ 130.48794530663065, -1.974089384717287 ] ] ], [ [ [ 130.487706834302998, -1.974067718250533 ], [ 130.487820650702588, -1.974111051184041 ], [ 130.487658055974521, -1.974197717050968 ], [ 130.487706834302998, -1.974067718250533 ] ] ], [ [ [ 130.489609197206732, -1.974354798934824 ], [ 130.490102403403341, -1.973861886816591 ], [ 130.490156601046323, -1.974176050584214 ], [ 130.489609197206732, -1.974354798934824 ] ] ], [ [ [ 130.481724142954988, -1.974233251063678 ], [ 130.481522133639572, -1.973756039309743 ], [ 130.482426027838983, -1.973787926571552 ], [ 130.481724142954988, -1.974233251063678 ] ] ], [ [ [ 130.487040193849936, -1.973715638166157 ], [ 130.487132331192214, -1.973563971999686 ], [ 130.487213629005851, -1.973596471699773 ], [ 130.487040193849936, -1.973715638166157 ] ] ], [ [ [ 130.495890930222345, -1.973284084992516 ], [ 130.496105023727949, -1.973415942691586 ], [ 130.495823152816342, -1.973631395072855 ], [ 130.495890930222345, -1.973284084992516 ] ] ], [ [ [ 130.481227643441031, -1.973465098735355 ], [ 130.481386112978868, -1.973265662380369 ], [ 130.481544584315202, -1.973588280674582 ], [ 130.481227643441031, -1.973465098735355 ] ] ], [ [ [ 130.491281033293205, -1.974016512651927 ], [ 130.491924038663569, -1.972682839641321 ], [ 130.491986912965672, -1.973735554552208 ], [ 130.491281033293205, -1.974016512651927 ] ] ], [ [ [ 130.480317902749107, -1.973412306732586 ], [ 130.480300294922699, -1.973189406166137 ], [ 130.480623105671839, -1.973318454383138 ], [ 130.480317902749107, -1.973412306732586 ] ] ], [ [ [ 130.487262408233619, -1.973314807632237 ], [ 130.487305766348072, -1.973049393414788 ], [ 130.487544238675724, -1.973168558981802 ], [ 130.487262408233619, -1.973314807632237 ] ] ], [ [ [ 130.492449139316392, -1.972117080638741 ], [ 130.493410260075535, -1.973274885827264 ], [ 130.492518403301688, -1.973387814595911 ], [ 130.492449139316392, -1.972117080638741 ] ] ], [ [ [ 130.485690654999757, -1.972496896714398 ], [ 130.48592370801282, -1.972561897013852 ], [ 130.485587678128894, -1.972924811231019 ], [ 130.485690654999757, -1.972496896714398 ] ] ], [ [ [ 130.478612450903938, -1.972784856036297 ], [ 130.478599996192884, -1.971970634137415 ], [ 130.479914491160855, -1.972335273254183 ], [ 130.478612450903938, -1.972784856036297 ] ] ], [ [ [ 130.498931034439778, -1.97253626273835 ], [ 130.499164916627706, -1.972120319097487 ], [ 130.499406311751954, -1.972411113082378 ], [ 130.498931034439778, -1.97253626273835 ] ] ], [ [ [ 130.490452640776738, -1.972247199048921 ], [ 130.490625826820548, -1.971966722086554 ], [ 130.490904656225013, -1.97207236634665 ], [ 130.490452640776738, -1.972247199048921 ] ] ], [ [ [ 130.479273170220694, -1.971429663148433 ], [ 130.47942577078274, -1.971435529426119 ], [ 130.479173392238295, -1.97162910130198 ], [ 130.479273170220694, -1.971429663148433 ] ] ], [ [ [ 130.49334045829562, -1.97113294892644 ], [ 130.493533137144595, -1.971310892383743 ], [ 130.493017455091433, -1.97160565058026 ], [ 130.49334045829562, -1.97113294892644 ] ] ], [ [ [ 130.480456460397392, -1.971644896994379 ], [ 130.481195111365338, -1.970995215956433 ], [ 130.48138323694684, -1.971431661441963 ], [ 130.480456460397392, -1.971644896994379 ] ] ], [ [ [ 130.482265810019157, -1.970856895729161 ], [ 130.482781664742106, -1.970372621599209 ], [ 130.483016803282908, -1.970903426651832 ], [ 130.482265810019157, -1.970856895729161 ] ] ], [ [ [ 130.482959082995336, -1.970461802869844 ], [ 130.482953213120368, -1.970285828927848 ], [ 130.483129292283081, -1.970303425962344 ], [ 130.482959082995336, -1.970461802869844 ] ] ], [ [ [ 130.495126151250929, -1.969565576290316 ], [ 130.495385680304878, -1.969846679180881 ], [ 130.495024373176307, -1.97021069776549 ], [ 130.495126151250929, -1.969565576290316 ] ] ], [ [ [ 130.503912622069919, -1.969642092408646 ], [ 130.503991971052699, -1.969779218336237 ], [ 130.5037927721188, -1.969767653054705 ], [ 130.503912622069919, -1.969642092408646 ] ] ], [ [ [ 130.484818951133775, -1.969615915841866 ], [ 130.484937764166602, -1.969293613209638 ], [ 130.485181048766435, -1.969350157183941 ], [ 130.484818951133775, -1.969615915841866 ] ] ], [ [ [ 130.485349258861191, -1.969544150841879 ], [ 130.485223318701287, -1.969430516105414 ], [ 130.485722510785308, -1.969282871707106 ], [ 130.485349258861191, -1.969544150841879 ] ] ], [ [ [ 130.504260132699073, -2.225476521923936 ], [ 130.504326582705744, -2.225578363850383 ], [ 130.504123894402255, -2.225554306985705 ], [ 130.504260132699073, -2.225476521923936 ] ] ], [ [ [ 130.520870464300543, -2.221690224124467 ], [ 130.520841909926304, -2.2216045628003 ], [ 130.521134584393621, -2.221507005244044 ], [ 130.520870464300543, -2.221690224124467 ] ] ], [ [ [ 130.552404324000435, -2.220527128224342 ], [ 130.552625012234529, -2.220946718616107 ], [ 130.551321846026411, -2.221516402260187 ], [ 130.552404324000435, -2.220527128224342 ] ] ], [ [ [ 130.552716242160983, -2.220979271376239 ], [ 130.553140018896812, -2.220496812977496 ], [ 130.55372386596369, -2.220841372031673 ], [ 130.552716242160983, -2.220979271376239 ] ] ], [ [ [ 130.551279359354993, -2.219482910108189 ], [ 130.551452333158721, -2.219908611393256 ], [ 130.551096087414521, -2.219811403673338 ], [ 130.551279359354993, -2.219482910108189 ] ] ], [ [ [ 130.557807575858988, -2.219723183777949 ], [ 130.557550369753784, -2.219638526097084 ], [ 130.558371770041106, -2.219201435797574 ], [ 130.557807575858988, -2.219723183777949 ] ] ], [ [ [ 130.561361587767124, -2.219369980440261 ], [ 130.559592541262816, -2.219316690213008 ], [ 130.559823797430397, -2.218908288286864 ], [ 130.561361587767124, -2.219369980440261 ] ] ], [ [ [ 130.564961960626107, -2.218356538923155 ], [ 130.564828449973078, -2.218228774937986 ], [ 130.564953773198113, -2.218153017847429 ], [ 130.564961960626107, -2.218356538923155 ] ] ], [ [ [ 130.548236480729116, -2.217977636558649 ], [ 130.548806131997509, -2.217873558018285 ], [ 130.548624287281058, -2.218287134643498 ], [ 130.548236480729116, -2.217977636558649 ] ] ], [ [ [ 130.549078994400134, -2.217938409030312 ], [ 130.54957731863837, -2.217834680326197 ], [ 130.549323877095333, -2.218084268274373 ], [ 130.549078994400134, -2.217938409030312 ] ] ], [ [ [ 130.547095330984831, -2.218312104320136 ], [ 130.547134441601344, -2.217484747822867 ], [ 130.547668076820401, -2.218106143383741 ], [ 130.547095330984831, -2.218312104320136 ] ] ], [ [ [ 130.549607947748626, -2.217783981945148 ], [ 130.549617941914562, -2.217719736176887 ], [ 130.549666482821948, -2.217731157566854 ], [ 130.549607947748626, -2.217783981945148 ] ] ], [ [ [ 130.546512789733498, -2.217171814327751 ], [ 130.546413876899038, -2.217021971087091 ], [ 130.54742407815877, -2.216957566138783 ], [ 130.546512789733498, -2.217171814327751 ] ] ], [ [ [ 130.504115900328685, -2.163401020041006 ], [ 130.504300845008061, -2.16305720742414 ], [ 130.504727666848453, -2.163580432091289 ], [ 130.504115900328685, -2.163401020041006 ] ] ], [ [ [ 130.506937525046823, -2.162724549098632 ], [ 130.506774284605655, -2.162214429352455 ], [ 130.507319745909598, -2.162444091921239 ], [ 130.506937525046823, -2.162724549098632 ] ] ], [ [ [ 130.505367678375677, -2.162244222093173 ], [ 130.502906072057613, -2.161821736783681 ], [ 130.503685661963829, -2.161103504922762 ], [ 130.505367678375677, -2.162244222093173 ] ] ], [ [ [ 130.549198312851871, -2.127770517295518 ], [ 130.549213779392545, -2.127715789052425 ], [ 130.5492732659485, -2.127732445396019 ], [ 130.549198312851871, -2.127770517295518 ] ] ], [ [ [ 130.547613493368033, -2.126871080136189 ], [ 130.547651564368266, -2.126811593580152 ], [ 130.54767297902481, -2.126829439726846 ], [ 130.547613493368033, -2.126871080136189 ] ] ], [ [ [ 130.548118554427788, -2.12656658408053 ], [ 130.548781757672003, -2.126274231570507 ], [ 130.548541725020641, -2.126759577692377 ], [ 130.548118554427788, -2.12656658408053 ] ] ], [ [ [ 130.549300392199342, -2.12535655256279 ], [ 130.549228056130033, -2.125655414365829 ], [ 130.549022471110277, -2.125655414365829 ], [ 130.549300392199342, -2.12535655256279 ] ] ], [ [ [ 130.550982432893079, -2.125545007296209 ], [ 130.551179927611628, -2.12540461772886 ], [ 130.551222757824149, -2.125518833427359 ], [ 130.550982432893079, -2.125545007296209 ] ] ], [ [ [ 130.544835699807805, -2.125184290122833 ], [ 130.544929688854126, -2.125137653080161 ], [ 130.544951518098145, -2.125195882384029 ], [ 130.544835699807805, -2.125184290122833 ] ] ], [ [ [ 130.549828632385584, -2.125139071311027 ], [ 130.549747730273566, -2.125120035361322 ], [ 130.549961882235152, -2.124879708631605 ], [ 130.549828632385584, -2.125139071311027 ] ] ], [ [ [ 130.545003728239521, -2.125104703719055 ], [ 130.547831081639174, -2.123811703447315 ], [ 130.547237197238957, -2.124980072971999 ], [ 130.545003728239521, -2.125104703719055 ] ] ], [ [ [ 130.548563987737936, -2.123814146905373 ], [ 130.548702949181802, -2.123802726414686 ], [ 130.548638226772852, -2.123924553974904 ], [ 130.548563987737936, -2.123814146905373 ] ] ], [ [ [ 130.547974715061059, -2.12312196210887 ], [ 130.548340556571475, -2.122973245718645 ], [ 130.548355427760811, -2.123065449610811 ], [ 130.547974715061059, -2.12312196210887 ] ] ], [ [ [ 130.550397441888549, -2.122634569130005 ], [ 130.550723428143783, -2.122572702967856 ], [ 130.550668700799974, -2.122694054786761 ], [ 130.550397441888549, -2.122634569130005 ] ] ], [ [ [ 130.549276823666531, -2.122702461649256 ], [ 130.549172086822438, -2.122233389659206 ], [ 130.549738288291451, -2.122388446269779 ], [ 130.549276823666531, -2.122702461649256 ] ] ], [ [ [ 130.548578224905185, -2.121250079927256 ], [ 130.548694342669847, -2.121227237147233 ], [ 130.548559189854871, -2.121364293827105 ], [ 130.548578224905185, -2.121250079927256 ] ] ], [ [ [ 130.532926628161476, -2.11262377027071 ], [ 130.532928532026176, -2.112705622966088 ], [ 130.53270962175165, -2.112713238425195 ], [ 130.532926628161476, -2.11262377027071 ] ] ], [ [ [ 130.557903303294921, -1.993847288621447 ], [ 130.558060376185523, -1.993722749605192 ], [ 130.558242425947299, -1.993863553759928 ], [ 130.557903303294921, -1.993847288621447 ] ] ], [ [ [ 130.548480141245591, -1.992820420226154 ], [ 130.543944185675798, -1.99498528444329 ], [ 130.545496956019747, -1.992494538292272 ], [ 130.548480141245591, -1.992820420226154 ] ] ], [ [ [ 130.557827639733915, -1.993522761066574 ], [ 130.557958834632586, -1.993424904036095 ], [ 130.558042564212997, -1.993562836655554 ], [ 130.557827639733915, -1.993522761066574 ] ] ], [ [ [ 130.565560472038158, -1.993311734249042 ], [ 130.565690093123408, -1.993309755740663 ], [ 130.565540641987155, -1.993454221035501 ], [ 130.565560472038158, -1.993311734249042 ] ] ], [ [ [ 130.564189013112554, -1.993081445752059 ], [ 130.564252206674041, -1.993088464061371 ], [ 130.564183746682602, -1.993158637261333 ], [ 130.564189013112554, -1.993081445752059 ] ] ], [ [ [ 130.565670564345169, -1.993146356119363 ], [ 130.565653009578824, -1.993056886166316 ], [ 130.565737268859976, -1.993077938396143 ], [ 130.565670564345169, -1.993146356119363 ] ] ], [ [ [ 130.564169703768926, -1.992920048021768 ], [ 130.564171459245472, -1.992839349156666 ], [ 130.564234652807045, -1.99284110283458 ], [ 130.564169703768926, -1.992920048021768 ] ] ], [ [ [ 130.548871458750938, -1.993099821599481 ], [ 130.549017289216692, -1.992614089668448 ], [ 130.549370411615286, -1.99289807758421 ], [ 130.548871458750938, -1.993099821599481 ] ] ], [ [ [ 130.558242479007248, -1.992508026324296 ], [ 130.558376585910764, -1.992536746173906 ], [ 130.558232900328164, -1.992645243083496 ], [ 130.558242479007248, -1.992508026324296 ] ] ], [ [ [ 130.549558488633352, -1.991295602609894 ], [ 130.549588523291732, -1.992106026671797 ], [ 130.548856448166589, -1.991715823426526 ], [ 130.549558488633352, -1.991295602609894 ] ] ], [ [ [ 130.539195412738252, -1.991639320797939 ], [ 130.539333518027576, -1.991179691689387 ], [ 130.539764703378381, -1.991596859307615 ], [ 130.539195412738252, -1.991639320797939 ] ] ], [ [ [ 130.546740329002972, -1.990980703196859 ], [ 130.54677455360283, -1.990888067630175 ], [ 130.546806731345697, -1.990913586792603 ], [ 130.546740329002972, -1.990980703196859 ] ] ], [ [ [ 130.536960169376357, -1.991205716270811 ], [ 130.537451683948177, -1.990487960151205 ], [ 130.539112998865903, -1.991166867357036 ], [ 130.536960169376357, -1.991205716270811 ] ] ], [ [ [ 130.546866682851146, -1.990557789810149 ], [ 130.546514690900381, -1.991124704441566 ], [ 130.546696560797727, -1.990497893163218 ], [ 130.546866682851146, -1.990557789810149 ] ] ], [ [ [ 130.545842166183121, -1.990421386937419 ], [ 130.545813125275572, -1.990075233385285 ], [ 130.546363985209865, -1.990201627702964 ], [ 130.545842166183121, -1.990421386937419 ] ] ], [ [ [ 130.556958517821442, -1.989694017964544 ], [ 130.556965064885844, -1.989851752756172 ], [ 130.556239922634433, -1.989730756169466 ], [ 130.556958517821442, -1.989694017964544 ] ] ], [ [ [ 130.548731017922279, -1.989596193309678 ], [ 130.547590090310422, -1.989681638796542 ], [ 130.54752512778245, -1.989189908387528 ], [ 130.548731017922279, -1.989596193309678 ] ] ], [ [ [ 130.535294862368175, -1.990608784967401 ], [ 130.533772713939697, -1.988623557631103 ], [ 130.535694092108798, -1.987916158104147 ], [ 130.535294862368175, -1.990608784967401 ] ] ], [ [ [ 130.563884366870099, -1.989099733365945 ], [ 130.564000026879853, -1.989183592448823 ], [ 130.563836743271168, -1.989251586591406 ], [ 130.563884366870099, -1.989099733365945 ] ] ], [ [ [ 130.553186426612342, -1.989378398194491 ], [ 130.554608931956722, -1.988298103774438 ], [ 130.553756192094625, -1.989656769844045 ], [ 130.553186426612342, -1.989378398194491 ] ] ], [ [ [ 130.56476458371867, -1.988947690383563 ], [ 130.565252997427962, -1.988542972080426 ], [ 130.565329566606238, -1.989097242243881 ], [ 130.56476458371867, -1.988947690383563 ] ] ], [ [ [ 130.543223972608303, -1.988732562657619 ], [ 130.542979970349364, -1.988967306396022 ], [ 130.542658940257951, -1.988588204382152 ], [ 130.543223972608303, -1.988732562657619 ] ] ], [ [ [ 130.561718919892257, -1.988801857219885 ], [ 130.561756579902323, -1.98872093712153 ], [ 130.561869559932347, -1.988739756334651 ], [ 130.561718919892257, -1.988801857219885 ] ] ], [ [ [ 130.550070488862048, -1.988620936107305 ], [ 130.550178560392254, -1.988610648762462 ], [ 130.550106513005261, -1.98875465720168 ], [ 130.550070488862048, -1.988620936107305 ] ] ], [ [ [ 130.56316227332033, -1.988772208370731 ], [ 130.563114400609123, -1.988548352724267 ], [ 130.563453062808662, -1.988567499290644 ], [ 130.56316227332033, -1.988772208370731 ] ] ], [ [ [ 130.555525318638615, -1.988736452225487 ], [ 130.555117118160496, -1.988835604279698 ], [ 130.554995921024954, -1.988403161676549 ], [ 130.555525318638615, -1.988736452225487 ] ] ], [ [ [ 130.564185989591834, -1.98865550514738 ], [ 130.564312988253818, -1.988485519790922 ], [ 130.564394631407112, -1.988551246742626 ], [ 130.564185989591834, -1.98865550514738 ] ] ], [ [ [ 130.564333399267042, -1.988440190362445 ], [ 130.564467201300317, -1.988317800725886 ], [ 130.564530700631366, -1.988390328350947 ], [ 130.564333399267042, -1.988440190362445 ] ] ], [ [ [ 130.564088473404354, -1.988270205005898 ], [ 130.56419732914344, -1.988297402303202 ], [ 130.564083937224041, -1.988367662737383 ], [ 130.564088473404354, -1.988270205005898 ] ] ], [ [ [ 130.552380525241119, -1.98808275841254 ], [ 130.552573577308863, -1.988245346845302 ], [ 130.552364559576858, -1.988524087216886 ], [ 130.552380525241119, -1.98808275841254 ] ] ], [ [ [ 130.560720935023141, -1.988423604166028 ], [ 130.560734116386499, -1.988124388030071 ], [ 130.560948777364302, -1.988220362779552 ], [ 130.560720935023141, -1.988423604166028 ] ] ], [ [ [ 130.563285659405693, -1.988301934886399 ], [ 130.563308336710435, -1.988209009737934 ], [ 130.56340131761678, -1.988240741417085 ], [ 130.563285659405693, -1.988301934886399 ] ] ], [ [ [ 130.549566157152498, -1.988268630293005 ], [ 130.549514695247012, -1.988106621023716 ], [ 130.549653643201225, -1.988086048132592 ], [ 130.549566157152498, -1.988268630293005 ] ] ], [ [ [ 130.552296872103113, -1.987647050371072 ], [ 130.552476290448425, -1.987706479370482 ], [ 130.552275132791237, -1.987883440768195 ], [ 130.552296872103113, -1.987647050371072 ] ] ], [ [ [ 130.537172585646374, -1.987000104171438 ], [ 130.537286563923828, -1.987187742320456 ], [ 130.536839337365564, -1.987855699381052 ], [ 130.537172585646374, -1.987000104171438 ] ] ], [ [ [ 130.523724102185639, -1.987064543294009 ], [ 130.524938121297282, -1.986727069098931 ], [ 130.524776103934101, -1.987577614615171 ], [ 130.523724102185639, -1.987064543294009 ] ] ], [ [ [ 130.538438326567501, -1.987805938992887 ], [ 130.537738752941181, -1.987575702656491 ], [ 130.537661169327521, -1.985883284685835 ], [ 130.538438326567501, -1.987805938992887 ] ] ], [ [ [ 130.554246103175217, -1.986095796283932 ], [ 130.553509845303211, -1.987501429447397 ], [ 130.553233079842784, -1.987487680611993 ], [ 130.554246103175217, -1.986095796283932 ] ] ], [ [ [ 130.554147575250454, -1.986577867074862 ], [ 130.554299421281399, -1.986626606732505 ], [ 130.554063217043904, -1.986695968743929 ], [ 130.554147575250454, -1.986577867074862 ] ] ], [ [ [ 130.552950459795966, -1.986473594280907 ], [ 130.553035407957708, -1.986567522173393 ], [ 130.552926964108252, -1.986670481957114 ], [ 130.552950459795966, -1.986473594280907 ] ] ], [ [ [ 130.553089629882606, -1.986495269740912 ], [ 130.553201689006727, -1.98632186336321 ], [ 130.553232415243912, -1.986403146787735 ], [ 130.553089629882606, -1.986495269740912 ] ] ], [ [ [ 130.522931857918934, -1.985847533037171 ], [ 130.521487231051026, -1.987580287400364 ], [ 130.521451912875591, -1.985209510810298 ], [ 130.522931857918934, -1.985847533037171 ] ] ], [ [ [ 130.549942573790787, -1.988097253685345 ], [ 130.547090633825718, -1.987005072925735 ], [ 130.549351792051624, -1.984595106578896 ], [ 130.549942573790787, -1.988097253685345 ] ] ], [ [ [ 130.553317363405654, -1.986123168049764 ], [ 130.553395081018266, -1.986134005779766 ], [ 130.55335170401807, -1.986220709418168 ], [ 130.553317363405654, -1.986123168049764 ] ] ], [ [ [ 130.553158312006502, -1.986014788951357 ], [ 130.553272177868763, -1.986076203653836 ], [ 130.553176385681695, -1.986180970175605 ], [ 130.553158312006502, -1.986014788951357 ] ] ], [ [ [ 130.550778204950262, -1.987358981331871 ], [ 130.552099378283742, -1.984833542933645 ], [ 130.552670884853569, -1.986123781387322 ], [ 130.550778204950262, -1.987358981331871 ] ] ], [ [ [ 130.543118812183479, -1.985860732386874 ], [ 130.543206589612538, -1.985840818698753 ], [ 130.543228978234765, -1.98596802060767 ], [ 130.543118812183479, -1.985860732386874 ] ] ], [ [ [ 130.553069748570095, -1.985937117204189 ], [ 130.553069748570095, -1.985857638718974 ], [ 130.553131201044152, -1.98586305803366 ], [ 130.553069748570095, -1.985937117204189 ] ] ], [ [ [ 130.528131162423279, -1.988816685241806 ], [ 130.527892012906108, -1.985305473868509 ], [ 130.530813899442023, -1.982967445191358 ], [ 130.528131162423279, -1.988816685241806 ] ] ], [ [ [ 130.515723054275554, -1.987312126653245 ], [ 130.515062536406987, -1.984101246575248 ], [ 130.518862356412654, -1.983449471016213 ], [ 130.515723054275554, -1.987312126653245 ] ] ], [ [ [ 130.543534327747125, -1.985145315403974 ], [ 130.543657765093855, -1.98493427599607 ], [ 130.543741763571546, -1.984979522686819 ], [ 130.543534327747125, -1.985145315403974 ] ] ], [ [ [ 130.554802401309871, -1.984925053448455 ], [ 130.554816238278761, -1.984774667017236 ], [ 130.554997848272137, -1.984833437713013 ], [ 130.554802401309871, -1.984925053448455 ] ] ], [ [ [ 130.527413483645432, -1.985393390692375 ], [ 130.526172118848251, -1.98546505137101 ], [ 130.52511277773263, -1.983995799266674 ], [ 130.527413483645432, -1.985393390692375 ] ] ], [ [ [ 130.540854777026425, -1.985207949587148 ], [ 130.540101948246416, -1.984212630308596 ], [ 130.54143170201155, -1.984900938127781 ], [ 130.540854777026425, -1.985207949587148 ] ] ], [ [ [ 130.542181416439234, -1.983832216183773 ], [ 130.542498115395802, -1.983930273763074 ], [ 130.54199953575008, -1.985419256093751 ], [ 130.542181416439234, -1.983832216183773 ] ] ], [ [ [ 130.545350594953959, -1.984322765783025 ], [ 130.545455864196811, -1.984263418621884 ], [ 130.545507148935826, -1.984340299864945 ], [ 130.545350594953959, -1.984322765783025 ] ] ], [ [ [ 130.552128489338372, -1.984228361249857 ], [ 130.552188739418852, -1.984168606695841 ], [ 130.552312939390788, -1.984365195797105 ], [ 130.552128489338372, -1.984228361249857 ] ] ], [ [ [ 130.522171455947927, -1.984018948715521 ], [ 130.521620327116466, -1.984554498591256 ], [ 130.521644744609375, -1.983964064889681 ], [ 130.522171455947927, -1.984018948715521 ] ] ], [ [ [ 130.514325536594356, -1.984014226375402 ], [ 130.514453603650935, -1.984000389406409 ], [ 130.514373994764185, -1.984086869113716 ], [ 130.514325536594356, -1.984014226375402 ] ] ], [ [ [ 130.514278026310024, -1.984144029123597 ], [ 130.512677770862581, -1.984350296728815 ], [ 130.513462552554927, -1.98352822734576 ], [ 130.514278026310024, -1.984144029123597 ] ] ], [ [ [ 130.552027851604151, -1.983555154846522 ], [ 130.552234852156772, -1.983361679198131 ], [ 130.552271503127457, -1.983550032308129 ], [ 130.552027851604151, -1.983555154846522 ] ] ], [ [ [ 130.504852597969006, -1.984144697319939 ], [ 130.504220269349929, -1.984628217817979 ], [ 130.504842143350317, -1.982035422896372 ], [ 130.504852597969006, -1.984144697319939 ] ] ], [ [ [ 130.540949088030061, -1.983387871053393 ], [ 130.540913597184868, -1.983302996635944 ], [ 130.541036547099026, -1.983226991332559 ], [ 130.540949088030061, -1.983387871053393 ] ] ], [ [ [ 130.53187979211873, -1.982982135617034 ], [ 130.531832841212719, -1.98342128266607 ], [ 130.531291585138632, -1.983553132271259 ], [ 130.53187979211873, -1.982982135617034 ] ] ], [ [ [ 130.512036460714199, -1.983055031064845 ], [ 130.512105686028661, -1.982961632872998 ], [ 130.51214722121739, -1.983093082279913 ], [ 130.512036460714199, -1.983055031064845 ] ] ], [ [ [ 130.513261933591508, -1.982945311976541 ], [ 130.513531433428966, -1.982901281169186 ], [ 130.513570916364756, -1.982971038882303 ], [ 130.513261933591508, -1.982945311976541 ] ] ], [ [ [ 130.543182128052905, -1.9831105920801 ], [ 130.54317483904768, -1.982757722390987 ], [ 130.543366346080148, -1.982803950242046 ], [ 130.543182128052905, -1.9831105920801 ] ] ], [ [ [ 130.525861273578926, -1.982882289286186 ], [ 130.525821478578479, -1.9828133508554 ], [ 130.525918314878339, -1.982782860240834 ], [ 130.525861273578926, -1.982882289286186 ] ] ], [ [ [ 130.540362263307912, -1.982204892042111 ], [ 130.540613956568905, -1.982454364877034 ], [ 130.539979905748169, -1.983266717085291 ], [ 130.540362263307912, -1.982204892042111 ] ] ], [ [ [ 130.526352605588386, -1.982586619177079 ], [ 130.526484522642761, -1.982631411710317 ], [ 130.526338798296905, -1.982713959581522 ], [ 130.526352605588386, -1.982586619177079 ] ] ], [ [ [ 130.524846018129352, -1.98232838784485 ], [ 130.525271242773641, -1.981944467263302 ], [ 130.524617006669587, -1.983146442654165 ], [ 130.524846018129352, -1.98232838784485 ] ] ], [ [ [ 130.515275355573266, -1.982492572574129 ], [ 130.515213458834069, -1.982883602296331 ], [ 130.513832530946672, -1.982139628241258 ], [ 130.515275355573266, -1.982492572574129 ] ] ], [ [ [ 130.526076512820822, -1.982712142951032 ], [ 130.525615475373939, -1.982394559960992 ], [ 130.525660080848098, -1.98229902318135 ], [ 130.526076512820822, -1.982712142951032 ] ] ], [ [ [ 130.524611431772144, -1.982390565172404 ], [ 130.524678054448685, -1.982454121160787 ], [ 130.524559950981057, -1.982532809141807 ], [ 130.524611431772144, -1.982390565172404 ] ] ], [ [ [ 130.525281174886373, -1.982196585004386 ], [ 130.52540719508599, -1.982213819611994 ], [ 130.525352806786685, -1.982309271855348 ], [ 130.525281174886373, -1.982196585004386 ] ] ], [ [ [ 130.508346032443512, -1.982468995947434 ], [ 130.507863493105759, -1.982378784053656 ], [ 130.508317546417771, -1.981766861951067 ], [ 130.508346032443512, -1.982468995947434 ] ] ], [ [ [ 130.526170801341436, -1.981849374748817 ], [ 130.526476265067686, -1.981780277138073 ], [ 130.52648622326069, -1.981921192808761 ], [ 130.526170801341436, -1.981849374748817 ] ] ], [ [ [ 130.523666384595998, -1.981050173326798 ], [ 130.523917801765123, -1.982571709316888 ], [ 130.52290549609188, -1.98122130172163 ], [ 130.523666384595998, -1.981050173326798 ] ] ], [ [ [ 130.526289667434327, -1.981531307024214 ], [ 130.526399452172967, -1.981541658220914 ], [ 130.526273095626948, -1.981638954973791 ], [ 130.526289667434327, -1.981531307024214 ] ] ], [ [ [ 130.532717390095485, -1.982016192693075 ], [ 130.532254974887223, -1.98159168480832 ], [ 130.533004450095433, -1.9810308406008 ], [ 130.532717390095485, -1.982016192693075 ] ] ], [ [ [ 130.528099830043203, -1.982278370250517 ], [ 130.526556890188374, -1.981887004181809 ], [ 130.526545359980503, -1.980192326214874 ], [ 130.528099830043203, -1.982278370250517 ] ] ], [ [ [ 130.518439346798459, -1.980332851579819 ], [ 130.518473879865724, -1.980208608440487 ], [ 130.51855330529088, -1.980218961435925 ], [ 130.518439346798459, -1.980332851579819 ] ] ], [ [ [ 130.511438667860233, -1.979717923943008 ], [ 130.511531807946625, -1.979518916564698 ], [ 130.511608888839248, -1.979628050194387 ], [ 130.511438667860233, -1.979717923943008 ] ] ], [ [ [ 130.512158091322902, -1.979400154793259 ], [ 130.512186997332122, -1.979499657583089 ], [ 130.51179516811257, -1.979589533130449 ], [ 130.512158091322902, -1.979400154793259 ] ] ], [ [ [ 130.518477110230492, -1.979359551302201 ], [ 130.518959674749226, -1.978608427636802 ], [ 130.519774445234447, -1.97963796611918 ], [ 130.518477110230492, -1.979359551302201 ] ] ], [ [ [ 130.525846291773064, -1.980355475824519 ], [ 130.525862628857283, -1.979073431093964 ], [ 130.526552145365287, -1.977880796061898 ], [ 130.525846291773064, -1.980355475824519 ] ] ], [ [ [ 130.510679533933398, -1.980117141992471 ], [ 130.512322887591267, -1.980300449905764 ], [ 130.514168478992133, -1.980391827320998 ], [ 130.508373286398069, -1.980476260171221 ], [ 130.510470583650545, -1.977551301551289 ], [ 130.510679533933398, -1.980117141992471 ] ] ], [ [ [ 130.505064151789242, -1.979137622003618 ], [ 130.504296100184888, -1.978590995178303 ], [ 130.505112580281491, -1.978511493310814 ], [ 130.505064151789242, -1.979137622003618 ] ] ], [ [ [ 130.525561643754941, -1.978855098184168 ], [ 130.525627672878812, -1.978723247679698 ], [ 130.525762219550813, -1.978823385390887 ], [ 130.525561643754941, -1.978855098184168 ] ] ], [ [ [ 130.511331840092453, -1.978941803621309 ], [ 130.511409045091455, -1.978385135865329 ], [ 130.511767243263733, -1.978769883823 ], [ 130.511331840092453, -1.978941803621309 ] ] ], [ [ [ 130.516505072351265, -1.978162944863998 ], [ 130.516710704135761, -1.97839840536203 ], [ 130.516382118839829, -1.978770853292216 ], [ 130.516505072351265, -1.978162944863998 ] ] ], [ [ [ 130.511679545874387, -1.978174012820416 ], [ 130.511721298699058, -1.978045621108487 ], [ 130.511808014928022, -1.978119445555931 ], [ 130.511679545874387, -1.978174012820416 ] ] ], [ [ [ 130.516747507091821, -1.978032541368618 ], [ 130.517089031833393, -1.977956484803927 ], [ 130.517094398088034, -1.978115845569844 ], [ 130.516747507091821, -1.978032541368618 ] ] ], [ [ [ 130.505316372053016, -1.977913936079295 ], [ 130.505195102072292, -1.977602863281463 ], [ 130.505518488387537, -1.977623062054695 ], [ 130.505316372053016, -1.977913936079295 ] ] ], [ [ [ 130.505227394928426, -1.976777920564571 ], [ 130.505016380701448, -1.977649584860425 ], [ 130.504426964133188, -1.977737016050446 ], [ 130.505227394928426, -1.976777920564571 ] ] ], [ [ [ 130.50944344995537, -1.977127846772669 ], [ 130.509750804955758, -1.977337719759925 ], [ 130.509454706769361, -1.977348293089248 ], [ 130.50944344995537, -1.977127846772669 ] ] ], [ [ [ 130.51298998220193, -1.977050874698088 ], [ 130.513161141173811, -1.976900907351014 ], [ 130.513226725133336, -1.977103299777477 ], [ 130.51298998220193, -1.977050874698088 ] ] ], [ [ [ 130.505574714901286, -1.976798002425811 ], [ 130.505307851875926, -1.976812641590092 ], [ 130.505442137744581, -1.976645117678016 ], [ 130.505574714901286, -1.976798002425811 ] ] ], [ [ [ 130.510388523211844, -1.97687787481407 ], [ 130.510654789986688, -1.976486605872202 ], [ 130.510966299854886, -1.97679081324536 ], [ 130.510388523211844, -1.97687787481407 ] ] ], [ [ [ 130.515944391820312, -1.976602604926297 ], [ 130.51601806608096, -1.976750520919795 ], [ 130.515727378215956, -1.976742031319661 ], [ 130.515944391820312, -1.976602604926297 ] ] ], [ [ [ 130.512594734659416, -1.976855015846285 ], [ 130.512118208188781, -1.976220357083763 ], [ 130.512772034202015, -1.976757504155474 ], [ 130.512594734659416, -1.976855015846285 ] ] ], [ [ [ 130.516916489704272, -1.976403405992416 ], [ 130.516814463416836, -1.976237643852135 ], [ 130.517191157945575, -1.976133765860594 ], [ 130.516916489704272, -1.976403405992416 ] ] ], [ [ [ 130.505546960024333, -1.976277407376431 ], [ 130.505860648949806, -1.976158599739547 ], [ 130.505876089410094, -1.976305565149699 ], [ 130.505546960024333, -1.976277407376431 ] ] ], [ [ [ 130.507354645000873, -1.976314265191187 ], [ 130.507727165776146, -1.976121902004119 ], [ 130.507717847900352, -1.976233991705373 ], [ 130.507354645000873, -1.976314265191187 ] ] ], [ [ [ 130.504185265038046, -1.976145355423769 ], [ 130.504255410358951, -1.976228309788658 ], [ 130.504089400005938, -1.976247003995995 ], [ 130.504185265038046, -1.976145355423769 ] ] ], [ [ [ 130.511987540292807, -1.976202955202139 ], [ 130.511916324778696, -1.976102700579135 ], [ 130.512038080393182, -1.976171577855995 ], [ 130.511987540292807, -1.976202955202139 ] ] ], [ [ [ 130.528837174296228, -1.975945553944142 ], [ 130.52887410585538, -1.975829357039155 ], [ 130.528954808317877, -1.975920947593673 ], [ 130.528837174296228, -1.975945553944142 ] ] ], [ [ [ 130.528973957582195, -1.975972895132921 ], [ 130.529030039304985, -1.97575417101819 ], [ 130.529124419556439, -1.975797914941785 ], [ 130.528973957582195, -1.975972895132921 ] ] ], [ [ [ 130.528757839702592, -1.975933251218548 ], [ 130.528555399612031, -1.975892240334614 ], [ 130.528734585932483, -1.975678984097767 ], [ 130.528757839702592, -1.975933251218548 ] ] ], [ [ [ 130.528573106363837, -1.975048170836407 ], [ 130.52861966696409, -1.975581234086659 ], [ 130.527762953897309, -1.975877939315401 ], [ 130.528573106363837, -1.975048170836407 ] ] ], [ [ [ 130.510042918246199, -1.974793165372285 ], [ 130.509993029254957, -1.974678733836482 ], [ 130.510162145866445, -1.974732662582307 ], [ 130.510042918246199, -1.974793165372285 ] ] ], [ [ [ 130.513444368263066, -1.974678268886981 ], [ 130.51340999977171, -1.974594176879757 ], [ 130.513547471938267, -1.97456930522924 ], [ 130.513444368263066, -1.974678268886981 ] ] ], [ [ [ 130.50765538099111, -1.974627367259179 ], [ 130.507835370406042, -1.974389028031181 ], [ 130.507966766752901, -1.974765125410199 ], [ 130.50765538099111, -1.974627367259179 ] ] ], [ [ [ 130.507779471245613, -1.974115609847443 ], [ 130.507733041047089, -1.974005424910446 ], [ 130.507879951598568, -1.97398700499623 ], [ 130.507779471245613, -1.974115609847443 ] ] ], [ [ [ 130.510557607447709, -1.973715825225147 ], [ 130.510624776012719, -1.973945077703215 ], [ 130.510205126265674, -1.973876853334039 ], [ 130.510557607447709, -1.973715825225147 ] ] ], [ [ [ 130.503840600763141, -1.974597858704202 ], [ 130.504545145841945, -1.972784688762369 ], [ 130.504291042397796, -1.97452095857536 ], [ 130.503840600763141, -1.974597858704202 ] ] ], [ [ [ 130.504850811915475, -1.972816879994982 ], [ 130.504901755811488, -1.97266192410846 ], [ 130.505036869056283, -1.972721693051676 ], [ 130.504850811915475, -1.972816879994982 ] ] ], [ [ [ 130.504969882154455, -1.972298415439516 ], [ 130.505154634379011, -1.972288512105097 ], [ 130.505129397603667, -1.972406746873828 ], [ 130.504969882154455, -1.972298415439516 ] ] ], [ [ [ 130.505100050926671, -1.972137821703074 ], [ 130.505541250228561, -1.971405898563377 ], [ 130.50560417039614, -1.97169279488652 ], [ 130.505100050926671, -1.972137821703074 ] ] ], [ [ [ 130.505375740797888, -1.971316448395394 ], [ 130.505404294272836, -1.971340242658043 ], [ 130.505332909686047, -1.971385453375968 ], [ 130.505375740797888, -1.971316448395394 ] ] ], [ [ [ 130.505851219558167, -1.970956846381272 ], [ 130.506047541560889, -1.971118610135752 ], [ 130.505839069717382, -1.971109733827175 ], [ 130.505851219558167, -1.970956846381272 ] ] ], [ [ [ 130.50552097141582, -1.9708768606785 ], [ 130.505664423174636, -1.970704081128455 ], [ 130.50571860822717, -1.970907844121689 ], [ 130.50552097141582, -1.9708768606785 ] ] ], [ [ [ 130.504225160762644, -1.97035636635326 ], [ 130.504411663067856, -1.970159332087468 ], [ 130.504426028838225, -1.970222262147653 ], [ 130.504225160762644, -1.97035636635326 ] ] ], [ [ [ 130.514541174235859, -1.969738244324498 ], [ 130.514333223099811, -1.970298163129685 ], [ 130.513074521172257, -1.969566713033371 ], [ 130.514541174235859, -1.969738244324498 ] ] ], [ [ [ 130.513188648737241, -1.969297904774519 ], [ 130.513215671566115, -1.969335038681047 ], [ 130.5130467797851, -1.969385675908169 ], [ 130.513188648737241, -1.969297904774519 ] ] ], [ [ [ 130.588449994271883, -2.221490722119151 ], [ 130.580552265874388, -2.220226770848749 ], [ 130.585711245677572, -2.220033377038627 ], [ 130.588449994271883, -2.221490722119151 ] ] ], [ [ [ 130.58060147228008, -2.219662456157417 ], [ 130.58065715110672, -2.219716707759828 ], [ 130.580568635334316, -2.219716707759828 ], [ 130.58060147228008, -2.219662456157417 ] ] ], [ [ [ 130.580437289349476, -2.219692436856407 ], [ 130.580521521651036, -2.219646752195819 ], [ 130.580525805121852, -2.219716707759828 ], [ 130.580437289349476, -2.219692436856407 ] ] ], [ [ [ 130.579301394343929, -2.219811082615314 ], [ 130.578927118092082, -2.219587580402488 ], [ 130.579562175254324, -2.219403428025762 ], [ 130.579301394343929, -2.219811082615314 ] ] ], [ [ [ 130.577482228621989, -2.21979723575379 ], [ 130.57596925867432, -2.219439632932657 ], [ 130.57724583822494, -2.21902702667594 ], [ 130.577482228621989, -2.21979723575379 ] ] ], [ [ [ 130.574978876673839, -2.219282971032227 ], [ 130.575154227385752, -2.218925483324435 ], [ 130.575562750720451, -2.219281214656293 ], [ 130.574978876673839, -2.219282971032227 ] ] ], [ [ [ 130.567927126136027, -2.218917306688356 ], [ 130.567957039385874, -2.219031588037362 ], [ 130.567832643361783, -2.21901394064084 ], [ 130.567927126136027, -2.218917306688356 ] ] ], [ [ [ 130.5971518451816, -2.175254370592677 ], [ 130.595438445128281, -2.174592651229817 ], [ 130.595782845002333, -2.173990076680626 ], [ 130.5971518451816, -2.175254370592677 ] ] ], [ [ [ 130.593791802649662, -2.173452014099114 ], [ 130.593947140748014, -2.173388154140016 ], [ 130.594009872957429, -2.173519093631265 ], [ 130.593791802649662, -2.173452014099114 ] ] ], [ [ [ 130.591892173685039, -2.172739252814276 ], [ 130.592147754715143, -2.17276863636347 ], [ 130.591973582115259, -2.172813858772576 ], [ 130.591892173685039, -2.172739252814276 ] ] ], [ [ [ 130.579966445694907, -2.05234741340235 ], [ 130.580063629133292, -2.053027258601064 ], [ 130.579644993821518, -2.053079555077369 ], [ 130.579966445694907, -2.05234741340235 ] ] ], [ [ [ 130.585603830652332, -2.052523851394655 ], [ 130.585626348777026, -2.052088795361589 ], [ 130.585934085989379, -2.05218630795177 ], [ 130.585603830652332, -2.052523851394655 ] ] ], [ [ [ 130.580145861342601, -2.051428498726176 ], [ 130.580115958884477, -2.051764686890772 ], [ 130.579144126300463, -2.051069897657603 ], [ 130.580145861342601, -2.051428498726176 ] ] ], [ [ [ 130.586834780400864, -2.051023657215994 ], [ 130.586722193374584, -2.050543594611215 ], [ 130.587682932821167, -2.050348569430854 ], [ 130.586834780400864, -2.051023657215994 ] ] ], [ [ [ 130.585296094339355, -2.049800998317425 ], [ 130.585363646015452, -2.049988522252471 ], [ 130.584357871218856, -2.049996022598327 ], [ 130.585296094339355, -2.049800998317425 ] ] ], [ [ [ 130.578658209109108, -2.049650435619116 ], [ 130.579106747778241, -2.049792381912857 ], [ 130.578680636402282, -2.050031449591755 ], [ 130.578658209109108, -2.049650435619116 ] ] ], [ [ [ 130.585341128790105, -2.049695983582739 ], [ 130.585341128790105, -2.049455952730034 ], [ 130.585558796201582, -2.049440951138953 ], [ 130.585341128790105, -2.049695983582739 ] ] ], [ [ [ 130.578441415838739, -2.049060238439276 ], [ 130.578979661881931, -2.048671753798375 ], [ 130.579136650236251, -2.048985529958186 ], [ 130.578441415838739, -2.049060238439276 ] ] ], [ [ [ 130.575633163140083, -2.046397221754331 ], [ 130.575447588035843, -2.045425782174087 ], [ 130.575547905611415, -2.045444579803496 ], [ 130.575633163140083, -2.046397221754331 ] ] ], [ [ [ 130.599002491671769, -1.998821410979362 ], [ 130.599119646354723, -1.998883610789997 ], [ 130.598910965868384, -1.998978740176677 ], [ 130.599002491671769, -1.998821410979362 ] ] ], [ [ [ 130.585356841744868, -1.998822044101983 ], [ 130.585678105660065, -1.998637132697484 ], [ 130.585411016904885, -1.998887970703317 ], [ 130.585356841744868, -1.998822044101983 ] ] ], [ [ [ 130.595040792798386, -1.999086502340225 ], [ 130.596157715706141, -1.997863013367335 ], [ 130.596071806168965, -1.998314601637491 ], [ 130.595040792798386, -1.999086502340225 ] ] ], [ [ [ 130.58637675028686, -1.998085822202894 ], [ 130.587226732827475, -1.997737328614773 ], [ 130.587178515675959, -1.99817157435867 ], [ 130.58637675028686, -1.998085822202894 ] ] ], [ [ [ 130.596673070405927, -1.997980802072346 ], [ 130.596362032681725, -1.997938923342618 ], [ 130.596574205235498, -1.997704157121133 ], [ 130.596673070405927, -1.997980802072346 ] ] ], [ [ [ 130.594451474256147, -1.997928550562117 ], [ 130.594455803592496, -1.997163114186323 ], [ 130.594727960926775, -1.99792205026244 ], [ 130.594451474256147, -1.997928550562117 ] ] ], [ [ [ 130.593047818701962, -1.99736564241047 ], [ 130.593256615200715, -1.997363323058915 ], [ 130.593071019412008, -1.997532577266542 ], [ 130.593047818701962, -1.99736564241047 ] ] ], [ [ [ 130.592252075173178, -1.996932073856167 ], [ 130.592268314231461, -1.996799915783415 ], [ 130.592368072428712, -1.996830058360471 ], [ 130.592252075173178, -1.996932073856167 ] ] ], [ [ [ 130.578243675605222, -1.995899685422136 ], [ 130.578285273746502, -1.995795809229156 ], [ 130.578402604696521, -1.995872414380356 ], [ 130.578243675605222, -1.995899685422136 ] ] ], [ [ [ 130.576325320057549, -1.995914762556255 ], [ 130.57650703886884, -1.995627412075335 ], [ 130.576645562342947, -1.995942962597669 ], [ 130.576325320057549, -1.995914762556255 ] ] ], [ [ [ 130.578276381249992, -1.995553058826532 ], [ 130.578448424255441, -1.995539934120677 ], [ 130.578297393909679, -1.995605559448959 ], [ 130.578276381249992, -1.995553058826532 ] ] ], [ [ [ 130.580938925790832, -1.99556613586847 ], [ 130.581048493792963, -1.995307677007668 ], [ 130.581433330783597, -1.995545264402404 ], [ 130.580938925790832, -1.99556613586847 ] ] ], [ [ [ 130.583266912638038, -1.995206439425617 ], [ 130.583367380400318, -1.994752055163223 ], [ 130.583610074145696, -1.99511385871754 ], [ 130.583266912638038, -1.995206439425617 ] ] ], [ [ [ 130.584459699655469, -1.994735550804988 ], [ 130.584545896975669, -1.994615560559604 ], [ 130.584660859111409, -1.995024616292978 ], [ 130.584459699655469, -1.994735550804988 ] ] ], [ [ [ 130.573927445095592, -1.994846413830947 ], [ 130.574162925378772, -1.994651957921528 ], [ 130.574118665244185, -1.994864312138228 ], [ 130.573927445095592, -1.994846413830947 ] ] ], [ [ [ 130.582994776887489, -1.994537968852145 ], [ 130.583195580211935, -1.994696799917334 ], [ 130.582907051619202, -1.994665608730811 ], [ 130.582994776887489, -1.994537968852145 ] ] ], [ [ [ 130.570208269096412, -1.994422671269197 ], [ 130.570417643859287, -1.994415774368457 ], [ 130.570400312124747, -1.994494081036985 ], [ 130.570208269096412, -1.994422671269197 ] ] ], [ [ [ 130.56757314488479, -1.994117469245721 ], [ 130.568058553059871, -1.993190010110807 ], [ 130.568137867868359, -1.99426204875453 ], [ 130.56757314488479, -1.994117469245721 ] ] ], [ [ [ 130.568694464577874, -1.993764214646726 ], [ 130.568728127101394, -1.993631552054437 ], [ 130.568805177417033, -1.99363585620978 ], [ 130.568694464577874, -1.993764214646726 ] ] ], [ [ [ 130.568739160883638, -1.993484360015168 ], [ 130.568806808787286, -1.993496493668184 ], [ 130.568711406906033, -1.993553701342249 ], [ 130.568739160883638, -1.993484360015168 ] ] ], [ [ [ 130.568935274243586, -1.993431139935181 ], [ 130.56907063839941, -1.993522228667915 ], [ 130.568884304267272, -1.993532683286686 ], [ 130.568935274243586, -1.993431139935181 ] ] ], [ [ [ 130.574272041021857, -1.992859174711109 ], [ 130.573361293089334, -1.99418889789929 ], [ 130.573417016881848, -1.992756982948412 ], [ 130.574272041021857, -1.992859174711109 ] ] ], [ [ [ 130.576868815443504, -1.993166642126814 ], [ 130.57698900803635, -1.993050122365242 ], [ 130.577063870301458, -1.993175726178814 ], [ 130.576868815443504, -1.993166642126814 ] ] ], [ [ [ 130.576762921171934, -1.991580738959891 ], [ 130.576682779886482, -1.993066987351538 ], [ 130.574350846814241, -1.991956223001262 ], [ 130.576762921171934, -1.991580738959891 ] ] ], [ [ [ 130.570491699432409, -1.990162203223106 ], [ 130.570509291970325, -1.990252735275538 ], [ 130.57007897356587, -1.990265509245864 ], [ 130.570491699432409, -1.990162203223106 ] ] ], [ [ [ 130.606819383607842, -2.223590193932262 ], [ 130.604938707855098, -2.223165095192941 ], [ 130.60890589619018, -2.221851871866415 ], [ 130.606819383607842, -2.223590193932262 ] ] ], [ [ [ 130.611641838000537, -2.220942348810345 ], [ 130.611933302879692, -2.220619093796122 ], [ 130.611901024412759, -2.22086569599505 ], [ 130.611641838000537, -2.220942348810345 ] ] ], [ [ [ 130.610349297282255, -2.195719021115933 ], [ 130.610286830372928, -2.195545397102366 ], [ 130.610620510328317, -2.195561332189749 ], [ 130.610349297282255, -2.195719021115933 ] ] ], [ [ [ 130.608851685956552, -2.194424206012263 ], [ 130.608277223315184, -2.194239190286323 ], [ 130.608860296965162, -2.194381311947962 ], [ 130.608851685956552, -2.194424206012263 ] ] ], [ [ [ 130.603447979041107, -2.19010619574434 ], [ 130.603187994930067, -2.190502053027293 ], [ 130.601541563792239, -2.189389910016365 ], [ 130.603447979041107, -2.19010619574434 ] ] ], [ [ [ 130.59951830592513, -2.177498977695619 ], [ 130.605191553147705, -2.175274340038685 ], [ 130.605197397841692, -2.173481572116836 ], [ 130.605900215322777, -2.178721893800267 ], [ 130.59951830592513, -2.177498977695619 ] ] ], [ [ [ 130.602713044971068, -2.174320915677713 ], [ 130.603129687385234, -2.173697997564533 ], [ 130.604238716943286, -2.174664778656604 ], [ 130.602713044971068, -2.174320915677713 ] ] ], [ [ [ 130.604745665679957, -1.998888005776772 ], [ 130.604857077292337, -2.000274434817234 ], [ 130.603658689297191, -2.000309092890356 ], [ 130.604745665679957, -1.998888005776772 ] ] ], [ [ [ 130.604415588408756, -1.995941392381356 ], [ 130.605607369084851, -1.995958763686017 ], [ 130.605590658781949, -1.996147806575982 ], [ 130.604415588408756, -1.995941392381356 ] ] ] ] } },
{ "type": "Feature", "properties": { "NAME": "Pulau Misool", "DESIG_ENG": "Nature Reserve", "IUCN_CAT": "Ia", "STATUS": "Designated", "STATUS_YR": 1982, "GIS_AREA": 1104.0735007621099 }, "geometry": { "type": "MultiPolygon", "coordinates": [ [ [ [ 130.170288088, -2.056877851000024 ], [ 130.170605794477467, -2.05696291899075 ], [ 130.170314260394861, -2.05715219881491 ], [ 130.170288088, -2.056877851000024 ] ] ], [ [ [ 130.056248892857241, -2.034296964500691 ], [ 130.056622704412462, -2.034125562782377 ], [ 130.056568074557049, -2.034611957975413 ], [ 130.056248892857241, -2.034296964500691 ] ] ], [ [ [ 130.38273805528064, -2.036064273769816 ], [ 130.391477701670198, -2.035762152194326 ], [ 130.384854986268692, -2.042093917200477 ], [ 130.38273805528064, -2.036064273769816 ] ] ], [ [ [ 130.282895631213677, -2.032931784716849 ], [ 130.282894917666312, -2.032428563227567 ], [ 130.283104075692592, -2.032870369571876 ], [ 130.282895631213677, -2.032931784716849 ] ] ], [ [ [ 130.282431510123843, -2.031819835407178 ], [ 130.28245283433094, -2.031829987064265 ], [ 130.28242588682798, -2.031848584428086 ], [ 130.282431510123843, -2.031819835407178 ] ] ], [ [ [ 130.284362795, -2.031997094536784 ], [ 130.284531815207657, -2.031424406979326 ], [ 130.28479397915882, -2.031944002213942 ], [ 130.284362795, -2.031997094536784 ] ] ], [ [ [ 130.28542626907867, -2.031281525140141 ], [ 130.285406004683381, -2.031297919363434 ], [ 130.285402399396332, -2.031270149722995 ], [ 130.28542626907867, -2.031281525140141 ] ] ], [ [ [ 130.066389001351354, -2.033392240759296 ], [ 130.0639116416489, -2.032842018442456 ], [ 130.063829009857386, -2.032774315136388 ], [ 130.066389001351354, -2.033392240759296 ] ] ], [ [ [ 130.067429580166447, -2.033747939578766 ], [ 130.067551095562379, -2.033720928566779 ], [ 130.069853182678372, -2.034372053027772 ], [ 130.067429580166447, -2.033747939578766 ] ] ], [ [ [ 130.062682665774503, -2.032525539 ], [ 130.061113128564841, -2.03212135998284 ], [ 130.06279836026232, -2.032525539 ], [ 130.062682665774503, -2.032525539 ] ] ], [ [ [ 130.28585472198472, -2.03093414609814 ], [ 130.285855218743478, -2.03093449792871 ], [ 130.285854656014976, -2.030934953185156 ], [ 130.28585472198472, -2.03093414609814 ] ] ], [ [ [ 130.021858994289829, -2.03186479499796 ], [ 130.026068061991538, -2.031967455633593 ], [ 130.021645031503539, -2.03207025267622 ], [ 130.021858994289829, -2.03186479499796 ] ] ], [ [ [ 130.017393797838338, -2.030536397607445 ], [ 130.017761232999987, -2.03219556800002 ], [ 130.015673261654626, -2.031868933636273 ], [ 130.017393797838338, -2.030536397607445 ] ] ], [ [ [ 130.002844045548841, -2.029403493575013 ], [ 130.003205048094912, -2.029213369528246 ], [ 130.003203406012403, -2.029466111871519 ], [ 130.002844045548841, -2.029403493575013 ] ] ], [ [ [ 130.011489870999981, -2.029725907358169 ], [ 130.011596682, -2.028565406999974 ], [ 130.012326370765464, -2.029130154832709 ], [ 130.011489870999981, -2.029725907358169 ] ] ], [ [ [ 130.002798874768359, -2.027940571200398 ], [ 130.002132163880219, -2.027142166343488 ], [ 130.003333725223257, -2.027410623567987 ], [ 130.002798874768359, -2.027940571200398 ] ] ], [ [ [ 130.093859291370961, -2.027783400241796 ], [ 130.095367432999979, -2.028805733000013 ], [ 130.085160477871113, -2.028221721086207 ], [ 130.093859291370961, -2.027783400241796 ] ] ], [ [ [ 130.41644721003189, -2.022951337891602 ], [ 130.416473240686145, -2.022387193575645 ], [ 130.417174687062214, -2.02274151131166 ], [ 130.41644721003189, -2.022951337891602 ] ] ], [ [ [ 130.286488939294401, -2.01631919656446 ], [ 130.286427337367286, -2.01522311254728 ], [ 130.287793136344249, -2.015574714101747 ], [ 130.286488939294401, -2.01631919656446 ] ] ], [ [ [ 130.293535282160406, -2.013768805088629 ], [ 130.293503510278754, -2.014389660354526 ], [ 130.29293849291173, -2.013913791483311 ], [ 130.293535282160406, -2.013768805088629 ] ] ], [ [ [ 129.98480224900004, -2.012455462999981 ], [ 129.985021082940932, -2.012455462999981 ], [ 129.984538530857492, -2.012606766302562 ], [ 129.98480224900004, -2.012455462999981 ] ] ], [ [ [ 130.313430452252476, -2.010125404262527 ], [ 130.313663372896116, -2.010079627368636 ], [ 130.313723921122062, -2.010156986755534 ], [ 130.313430452252476, -2.010125404262527 ] ] ], [ [ [ 130.479975761066015, -2.009956134917068 ], [ 130.480008675360153, -2.010112277859305 ], [ 130.47976912096766, -2.009942226218529 ], [ 130.479975761066015, -2.009956134917068 ] ] ], [ [ [ 130.384534215095556, -2.010608397405576 ], [ 130.38511024876027, -2.009971790489814 ], [ 130.385503738306909, -2.010703450803591 ], [ 130.384534215095556, -2.010608397405576 ] ] ], [ [ [ 130.314900799159972, -2.00987358368732 ], [ 130.315170128098998, -2.009878837238515 ], [ 130.315123625055264, -2.010019491206544 ], [ 130.314900799159972, -2.00987358368732 ] ] ], [ [ [ 130.395203860348346, -2.011994702021846 ], [ 130.39430237, -2.010492577347854 ], [ 130.396579421703052, -2.010621447022137 ], [ 130.395203860348346, -2.011994702021846 ] ] ], [ [ [ 130.304570481010842, -2.009340084872335 ], [ 130.305191042000047, -2.009215593000022 ], [ 130.305252863275967, -2.009305642131028 ], [ 130.304570481010842, -2.009340084872335 ] ] ], [ [ [ 130.322031140967027, -2.008239150796243 ], [ 130.322058827053297, -2.008258317367423 ], [ 130.322004811957726, -2.008253355828575 ], [ 130.322031140967027, -2.008239150796243 ] ] ], [ [ [ 130.4843308979342, -2.006957314823982 ], [ 130.484489127028695, -2.006918429999985 ], [ 130.484353177856917, -2.007022942055064 ], [ 130.4843308979342, -2.006957314823982 ] ] ], [ [ [ 130.481910288417851, -2.006426342533347 ], [ 130.481972350443669, -2.006533790901704 ], [ 130.481801085764289, -2.006418798976692 ], [ 130.481910288417851, -2.006426342533347 ] ] ], [ [ [ 130.478772950565485, -2.00486703405072 ], [ 130.478388286790079, -2.005065069397466 ], [ 130.478522510605444, -2.00471343717537 ], [ 130.478772950565485, -2.00486703405072 ] ] ], [ [ [ 130.476540668869745, -2.002456304652044 ], [ 130.47576028071245, -2.003230733911204 ], [ 130.475755115006535, -2.002589284367945 ], [ 130.476540668869745, -2.002456304652044 ] ] ], [ [ [ 130.442652701117112, -2.000147651531393 ], [ 130.442569123366411, -2.000483790694313 ], [ 130.442458712699477, -2.000119960967433 ], [ 130.442652701117112, -2.000147651531393 ] ] ], [ [ [ 130.46459961100004, -2.000248670000019 ], [ 130.464288764353341, -2.000316475012982 ], [ 130.464620988125802, -2.000143619678047 ], [ 130.46459961100004, -2.000248670000019 ] ] ], [ [ [ 130.464553833999958, -1.999798774999988 ], [ 130.464415465301499, -1.999928768697684 ], [ 130.464361533528546, -1.99973832019493 ], [ 130.464553833999958, -1.999798774999988 ] ] ], [ [ [ 130.448447488609844, -1.998974412963682 ], [ 130.450756338215001, -1.999049427503229 ], [ 130.449503865810783, -2.00432105217479 ], [ 130.448447488609844, -1.998974412963682 ] ] ], [ [ [ 130.431977556108961, -1.998044794111229 ], [ 130.432173404227512, -1.997324789249183 ], [ 130.432617173443845, -1.997513605168693 ], [ 130.431977556108961, -1.998044794111229 ] ] ], [ [ [ 130.407638551, -1.995515227 ], [ 130.42315056064993, -1.995496083177711 ], [ 130.422809142927633, -2.005275035014803 ], [ 130.423736573000042, -2.007304428999987 ], [ 130.434936524000022, -1.998145460999979 ], [ 130.436965943000018, -2.009557246999975 ], [ 130.444476225564017, -2.000358440325063 ], [ 130.44578552400003, -2.00724721 ], [ 130.449194728354087, -2.006246533051042 ], [ 130.452681125971736, -1.999827862000018 ], [ 130.455207028082015, -2.005041683426883 ], [ 130.464767457, -2.002797127 ], [ 130.466977178014673, -1.998917699 ], [ 130.475947503860539, -2.007280167545622 ], [ 130.461459019618133, -2.005455686330842 ], [ 130.454050517917153, -2.01840427263909 ], [ 130.440865250730781, -2.014222462896337 ], [ 130.427850238290858, -2.02388489518992 ], [ 130.418144177811683, -2.019546409838929 ], [ 130.409845133246336, -2.022043896408659 ], [ 130.413223267000035, -2.026178359000028 ], [ 130.40020996049671, -2.035168596048785 ], [ 130.384621411648965, -2.029510231711745 ], [ 130.371501672307346, -2.036598164314094 ], [ 130.375123238399567, -2.025213990254267 ], [ 130.395462037000016, -2.020518541 ], [ 130.394882202999952, -2.013018607999982 ], [ 130.414332808712146, -2.016978919141815 ], [ 130.416030883999952, -2.010644436 ], [ 130.403108916006261, -2.007483498096925 ], [ 130.407638551, -1.995515227 ] ] ], [ [ [ 130.423783751546324, -2.005905725742834 ], [ 130.423828125999989, -2.006684541000027 ], [ 130.423656619823305, -2.006917300242788 ], [ 130.423783751546324, -2.005905725742834 ] ] ], [ [ [ 130.44055687459641, -2.002149328620395 ], [ 130.440474343316339, -2.002203830442456 ], [ 130.440483349049771, -2.002131782873261 ], [ 130.44055687459641, -2.002149328620395 ] ] ], [ [ [ 130.47738570492487, -2.007461274884462 ], [ 130.477798463, -2.007207155 ], [ 130.478269097844816, -2.007572517286412 ], [ 130.47738570492487, -2.007461274884462 ] ] ], [ [ [ 130.433737754671682, -1.956967085246761 ], [ 130.433815242910072, -1.957011542658553 ], [ 130.433661818737932, -1.957218872053273 ], [ 130.433737754671682, -1.956967085246761 ] ] ], [ [ [ 130.433937469432806, -1.957258393632941 ], [ 130.433713982114682, -1.957953399629636 ], [ 130.433357188683431, -1.957791267153214 ], [ 130.433937469432806, -1.957258393632941 ] ] ], [ [ [ 130.434102019792476, -1.95662400739201 ], [ 130.433867252917764, -1.956537697627267 ], [ 130.433944380328967, -1.956281960144329 ], [ 130.434102019792476, -1.95662400739201 ] ] ], [ [ [ 130.434022238235826, -1.955828291742284 ], [ 130.434082032999981, -1.955600738999976 ], [ 130.4341644675373, -1.955770484949053 ], [ 130.434022238235826, -1.955828291742284 ] ] ], [ [ [ 130.434494019999988, -1.956520685548971 ], [ 130.434305926677183, -1.956565096402057 ], [ 130.434311495279303, -1.956478799257161 ], [ 130.434494019999988, -1.956520685548971 ] ] ], [ [ [ 130.431790414096469, -1.953742547180775 ], [ 130.43145752099997, -1.953300714000022 ], [ 130.431955115309734, -1.953429539954955 ], [ 130.431790414096469, -1.953742547180775 ] ] ], [ [ [ 130.431151585242077, -1.952079237157971 ], [ 130.431453542545171, -1.95174303969453 ], [ 130.431811931716567, -1.951915931594057 ], [ 130.431151585242077, -1.952079237157971 ] ] ], [ [ [ 130.405914307999979, -1.951170682999987 ], [ 130.40597727482205, -1.951189421187349 ], [ 130.405778869417389, -1.951170682630153 ], [ 130.405914307999979, -1.951170682999987 ] ] ], [ [ [ 130.428638968246645, -1.951312669322674 ], [ 130.429000505552295, -1.951145053 ], [ 130.429151856273108, -1.951592741211977 ], [ 130.428638968246645, -1.951312669322674 ] ] ], [ [ [ 130.402847290999944, -1.951030612000011 ], [ 130.401955568181961, -1.951806703671399 ], [ 130.402572632999977, -1.95088064700002 ], [ 130.402847290999944, -1.951030612000011 ] ] ], [ [ [ 130.40762943002386, -1.953184723657726 ], [ 130.407630087758406, -1.953095790738152 ], [ 130.40766578005173, -1.953167175324838 ], [ 130.40762943002386, -1.953184723657726 ] ] ], [ [ [ 130.408305004775997, -1.949883181248496 ], [ 130.408426057766746, -1.950677936026192 ], [ 130.407537099657475, -1.95106399111023 ], [ 130.408305004775997, -1.949883181248496 ] ] ], [ [ [ 130.406707812785584, -1.949150430523686 ], [ 130.406655496054356, -1.949027837864397 ], [ 130.406751289029756, -1.949031720760082 ], [ 130.406707812785584, -1.949150430523686 ] ] ], [ [ [ 130.406631377518011, -1.948786986210945 ], [ 130.406685497059158, -1.948801183832187 ], [ 130.406626941680116, -1.948839384030348 ], [ 130.406631377518011, -1.948786986210945 ] ] ], [ [ [ 130.384567262000019, -1.946077942999977 ], [ 130.384260474370421, -1.946207647769639 ], [ 130.38464290950381, -1.945854842131949 ], [ 130.384567262000019, -1.946077942999977 ] ] ], [ [ [ 129.814949029381182, -1.834014645999838 ], [ 129.815091745262492, -1.833996917450282 ], [ 129.815110234250028, -1.83410676331644 ], [ 129.814949029381182, -1.834014645999838 ] ] ], [ [ [ 129.814315799000042, -1.842132568000011 ], [ 129.819076541999948, -1.844512582 ], [ 129.817947390999961, -1.850342631 ], [ 129.82170105299997, -1.853854179 ], [ 129.819298681888796, -1.843872570662525 ], [ 129.814011025518766, -1.838869315601122 ], [ 129.820226170050887, -1.833806794132468 ], [ 129.852211863999969, -1.836077379000017 ], [ 129.989956928999959, -1.877907258999983 ], [ 130.070544223999946, -1.889694815999974 ], [ 130.196991903000026, -1.882325606999984 ], [ 130.25353571200003, -1.86002442 ], [ 130.271582095999975, -1.859881047999977 ], [ 130.319592894000039, -1.881220121000013 ], [ 130.341815741, -1.921280672000023 ], [ 130.330703737000022, -1.920065045 ], [ 130.359856591972687, -1.933515930507878 ], [ 130.356838170045535, -1.938202685805296 ], [ 130.371337892000042, -1.936611772 ], [ 130.353203408910332, -1.958281919275167 ], [ 130.362848840201877, -1.947315338931693 ], [ 130.36841904400373, -1.95378147433552 ], [ 130.371220464552863, -1.94511416009045 ], [ 130.376480104000052, -1.943781853000019 ], [ 130.37462069239109, -1.955100579228302 ], [ 130.385513307, -1.945221781999976 ], [ 130.384762885798608, -1.961452739951946 ], [ 130.391450225142904, -1.952762397761189 ], [ 130.400327000990387, -1.958847175556683 ], [ 130.40834045500003, -1.95323061900001 ], [ 130.405546447610533, -1.963707254885888 ], [ 130.413181909417631, -1.961285927403638 ], [ 130.418756836779096, -1.949276084040959 ], [ 130.424148446470099, -1.953625061400415 ], [ 130.419224025268534, -1.962297998353884 ], [ 130.417134820115933, -1.971234241367098 ], [ 130.42542593919336, -1.95294567373637 ], [ 130.433387524605365, -1.95405812179558 ], [ 130.412751214197243, -1.98939710858968 ], [ 130.407143988004719, -1.970048329666612 ], [ 130.387733084814045, -1.980894473700983 ], [ 130.35312646021805, -1.981046686655224 ], [ 130.339782715999945, -1.970155239 ], [ 130.350067139999965, -1.960725307000018 ], [ 130.343539582885427, -1.95653904214304 ], [ 130.335247338993526, -1.969521889923259 ], [ 130.32411727898932, -1.969876585236202 ], [ 130.305201098460429, -2.006318757835761 ], [ 130.300094606000016, -2.00019598 ], [ 130.296051026999976, -1.998295902999985 ], [ 130.302001955000037, -1.990975857000024 ], [ 130.301879884999948, -1.989135861000022 ], [ 130.29792785799998, -1.980865836000021 ], [ 130.290908814999966, -1.978605866 ], [ 130.289657595, -1.971945882 ], [ 130.286392213999989, -1.966176033000011 ], [ 130.290939332999983, -1.980095862999974 ], [ 130.301498414999969, -1.990325809000012 ], [ 130.293701174000034, -1.996625900000026 ], [ 130.295608523000055, -2.001865625 ], [ 130.304434468712032, -2.007795676158068 ], [ 130.278930664999962, -2.007863998 ], [ 130.275924683999961, -1.993520617 ], [ 130.275848389999965, -2.006781816 ], [ 130.286056457225868, -2.013413735608621 ], [ 130.271209718000023, -2.016015529000015 ], [ 130.258422852999956, -2.005735397000024 ], [ 130.252777101, -2.005845546999979 ], [ 130.283040527798278, -2.031023448972929 ], [ 130.274283972027717, -2.033821241656947 ], [ 130.266264468230702, -2.053624135045778 ], [ 130.186962645909489, -2.064430558723279 ], [ 130.189513287808069, -2.059051979765064 ], [ 130.171341070334165, -2.05294043715139 ], [ 130.125123401478731, -2.059927084308416 ], [ 130.117832947332772, -2.046605084756875 ], [ 130.106529772981219, -2.050271389431783 ], [ 130.091461183999968, -2.042680885758601 ], [ 130.118469240999957, -2.039165734999983 ], [ 130.095855713999981, -2.029216051 ], [ 130.102860280277781, -2.016711387020914 ], [ 130.073168692581078, -2.027463387325495 ], [ 130.064112277629306, -2.025676367824241 ], [ 130.064194542244479, -2.015556977672356 ], [ 130.056143506840215, -2.025757759739947 ], [ 130.057062153995304, -2.014441049414911 ], [ 130.046209697619446, -2.027282023746407 ], [ 130.043400322566839, -2.01171892119128 ], [ 130.032105782855609, -2.024146612076466 ], [ 130.032005957209208, -2.018374587816934 ], [ 130.016009670110293, -2.022707255235639 ], [ 130.010810573691117, -2.020686207548271 ], [ 130.026800771138682, -2.008212925885827 ], [ 129.990701974316693, -2.01726293673517 ], [ 129.997036138706932, -2.007844748836002 ], [ 129.986578231100566, -2.009982551553518 ], [ 129.987890816807862, -2.000920979919224 ], [ 129.972594566014919, -2.012892952058418 ], [ 129.951327943729638, -2.008340095419042 ], [ 129.9466142245669, -1.998662686034086 ], [ 129.921737674000042, -1.999272860026783 ], [ 129.907162898149295, -1.985260236170921 ], [ 129.860442194251988, -1.975428548089036 ], [ 129.812364337843945, -1.935412336809877 ], [ 129.800959375774625, -1.931952711448487 ], [ 129.793426017596744, -1.938538415315621 ], [ 129.785519080016826, -1.932154989650388 ], [ 129.789575606229306, -1.92623598200497 ], [ 129.730860244120095, -1.900731783757066 ], [ 129.743011477999971, -1.898196219999988 ], [ 129.732138988223824, -1.888624904116037 ], [ 129.728035772932657, -1.893421764702646 ], [ 129.719451908, -1.880536199 ], [ 129.753372195999987, -1.846132754999985 ], [ 129.778778080000052, -1.850827217000017 ], [ 129.80934571674436, -1.832973600998203 ], [ 129.814315799000042, -1.842132568000011 ] ], [ [ 130.355371369999943, -1.949400003 ], [ 130.346854494000013, -1.947570763999977 ], [ 130.348709448000022, -1.953296374999979 ], [ 130.355371369999943, -1.949400003 ] ] ], [ [ [ 130.373343270993388, -1.936133954872951 ], [ 130.378577257034834, -1.941173812921098 ], [ 130.371165802859565, -1.94377245703326 ], [ 130.373343270993388, -1.936133954872951 ] ] ], [ [ [ 130.379177927719297, -1.947395932576162 ], [ 130.381182063204506, -1.947239241065095 ], [ 130.380994560950256, -1.949003889817652 ], [ 130.379177927719297, -1.947395932576162 ] ] ], [ [ [ 130.386427296330027, -1.953717448284157 ], [ 130.387254779785252, -1.953191302372864 ], [ 130.386873581150894, -1.957141750691266 ], [ 130.386427296330027, -1.953717448284157 ] ] ], [ [ [ 130.397172991340568, -1.951986983312631 ], [ 130.397460938999984, -1.950630665 ], [ 130.398818970999969, -1.949690579999981 ], [ 130.397172991340568, -1.951986983312631 ] ] ], [ [ [ 130.407713597867883, -1.960032057797481 ], [ 130.406830436897849, -1.959697627986777 ], [ 130.407974245, -1.957980632999977 ], [ 130.407713597867883, -1.960032057797481 ] ] ], [ [ [ 130.415291782284015, -1.949010794725354 ], [ 130.415908813999977, -1.949251412000024 ], [ 130.415957150701956, -1.952385270563811 ], [ 130.415291782284015, -1.949010794725354 ] ] ], [ [ [ 130.434041037343434, -1.954995809025829 ], [ 130.434042562913959, -1.954928252037208 ], [ 130.434089515264418, -1.954976477088699 ], [ 130.434041037343434, -1.954995809025829 ] ] ], [ [ [ 130.427764894, -1.97232906 ], [ 130.427748557940248, -1.972345380723725 ], [ 130.427764894, -1.972315733158116 ], [ 130.427764894, -1.97232906 ] ] ], [ [ [ 130.388549808, -1.983448743999986 ], [ 130.404026285590646, -1.99304679563321 ], [ 130.400910672689434, -2.009979967801195 ], [ 130.394805909999945, -2.00639987 ], [ 130.386306763999983, -2.011349915999972 ], [ 130.387359620999973, -2.006919860999972 ], [ 130.358657838, -1.991310358000021 ], [ 130.340240480000034, -1.991220355 ], [ 130.338623048000045, -1.982940434999989 ], [ 130.325808564413592, -1.986157804652465 ], [ 130.334899904000054, -1.974345326 ], [ 130.353108614071431, -1.981097250137958 ], [ 130.388549808, -1.983448743999986 ] ] ], [ [ [ 130.308229823603568, -2.005971146184587 ], [ 130.308188497701025, -2.005793224377777 ], [ 130.308332280689996, -2.00577647913056 ], [ 130.308229823603568, -2.005971146184587 ] ] ], [ [ [ 130.304173628210464, -2.008795863738127 ], [ 130.304371165444962, -2.00935014517845 ], [ 130.303842210949369, -2.009376843766303 ], [ 130.304173628210464, -2.008795863738127 ] ] ], [ [ [ 130.285999595388574, -2.015375018712144 ], [ 130.285870020685024, -2.015079640912637 ], [ 130.286208596631297, -2.015166801491185 ], [ 130.285999595388574, -2.015375018712144 ] ] ], [ [ [ 130.16915893700002, -2.056639403600045 ], [ 130.169155463254128, -2.056683445184776 ], [ 130.169141185617292, -2.056642993679253 ], [ 130.16915893700002, -2.056639403600045 ] ] ], [ [ [ 130.012643910588082, -2.02971637970713 ], [ 130.012912012879127, -2.029815192716905 ], [ 130.012693348119569, -2.029847497264209 ], [ 130.012643910588082, -2.02971637970713 ] ] ], [ [ [ 130.387390426926657, -1.957475081709608 ], [ 130.387448723679768, -1.957495306563134 ], [ 130.387388047320542, -1.957566691149909 ], [ 130.387390426926657, -1.957475081709608 ] ] ], [ [ [ 130.395378423875172, -1.953700794356111 ], [ 130.395428392906041, -1.953736485750129 ], [ 130.395359387925481, -1.953786454781087 ], [ 130.395378423875172, -1.953700794356111 ] ] ], [ [ [ 130.395906235084766, -1.952544350741197 ], [ 130.395856266953274, -1.95240015614227 ], [ 130.395969052729725, -1.952455834968797 ], [ 130.395906235084766, -1.952544350741197 ] ] ], [ [ [ 130.395933361335693, -1.952371601767938 ], [ 130.395937643907246, -1.952273092729056 ], [ 130.396040437316401, -1.952287368567168 ], [ 130.395933361335693, -1.952371601767938 ] ] ], [ [ [ 130.368803795558705, -1.948157087279695 ], [ 130.367968748059297, -1.949996190072062 ], [ 130.366256257220556, -1.948204800810865 ], [ 130.368803795558705, -1.948157087279695 ] ] ], [ [ [ 130.363946651616715, -1.947204948049924 ], [ 130.363957358945072, -1.946865874860221 ], [ 130.364092989300019, -1.946887290416127 ], [ 130.363946651616715, -1.947204948049924 ] ] ], [ [ [ 130.419756328591831, -1.962288167864573 ], [ 130.419860429615113, -1.962478524664141 ], [ 130.419512434251459, -1.962538012119547 ], [ 130.419756328591831, -1.962288167864573 ] ] ], [ [ [ 130.433501418355803, -1.955075778624243 ], [ 130.433654525236221, -1.955064644118037 ], [ 130.43352090396661, -1.955181562279234 ], [ 130.433501418355803, -1.955075778624243 ] ] ] ] } },
{ "type": "Feature", "properties": { "NAME": "Pulau Laut", "DESIG_ENG": "Nature Reserve", "IUCN_CAT": "Ia", "STATUS": "Designated", "STATUS_YR": 0, "GIS_AREA": 1157.6192879333 }, "geometry": { "type": "MultiPolygon", "coordinates": [ [ [ [ 130.262933939237342, -2.058415204711522 ], [ 130.262835785548276, -2.05830668516729 ], [ 130.263010870355401, -2.058289040806565 ], [ 130.262933939237342, -2.058415204711522 ] ] ], [ [ [ 130.261003313359311, -2.056998684120611 ], [ 130.261010293677003, -2.056770178130934 ], [ 130.261250613824814, -2.056986326957416 ], [ 130.261003313359311, -2.056998684120611 ] ] ], [ [ [ 130.056568863329318, -2.034604935166298 ], [ 130.056296522000025, -2.034305473000018 ], [ 130.05662664409806, -2.034090485916117 ], [ 130.056568863329318, -2.034604935166298 ] ] ], [ [ [ 130.382520618051615, -2.035444947833235 ], [ 130.391500507642348, -2.035740348138498 ], [ 130.384854986268692, -2.042093917200477 ], [ 130.382520618051615, -2.035444947833235 ] ] ], [ [ [ 130.283104075692592, -2.032870369571876 ], [ 130.282584296270414, -2.03292372137352 ], [ 130.282894917666312, -2.032428563227567 ], [ 130.283104075692592, -2.032870369571876 ] ] ], [ [ [ 130.28245283433094, -2.031829987064265 ], [ 130.281920096000022, -2.031866041 ], [ 130.281836171539567, -2.031536416983563 ], [ 130.28245283433094, -2.031829987064265 ] ] ], [ [ [ 130.28479397915882, -2.031944002213942 ], [ 130.284137376666848, -2.031244450075815 ], [ 130.284228301095226, -2.030822857888564 ], [ 130.28479397915882, -2.031944002213942 ] ] ], [ [ [ 130.066545085329039, -2.033436387696713 ], [ 130.06664397280332, -2.033545634077536 ], [ 130.065523153956377, -2.033183244248115 ], [ 130.066545085329039, -2.033436387696713 ] ] ], [ [ [ 130.067783729924088, -2.033839138372965 ], [ 130.069487920553826, -2.034268741948745 ], [ 130.069487323300422, -2.034277838833368 ], [ 130.067783729924088, -2.033839138372965 ] ] ], [ [ [ 130.062511263724616, -2.032456240212367 ], [ 130.061270209201382, -2.032161810567192 ], [ 130.061267664376373, -2.032156062690795 ], [ 130.062511263724616, -2.032456240212367 ] ] ], [ [ [ 130.285855218743478, -2.03093449792871 ], [ 130.285349560999975, -2.030836222 ], [ 130.285348065122548, -2.030575305169666 ], [ 130.285855218743478, -2.03093449792871 ] ] ], [ [ [ 130.015941487121211, -2.031921443934253 ], [ 130.017344654502665, -2.030449655919922 ], [ 130.018457557270466, -2.032414013096156 ], [ 130.015941487121211, -2.031921443934253 ] ] ], [ [ [ 130.021409408996618, -2.032004628944952 ], [ 130.025847981999959, -2.031942743 ], [ 130.021412632999954, -2.032029363999982 ], [ 130.021409408996618, -2.032004628944952 ] ] ], [ [ [ 130.003203406012403, -2.029466111871519 ], [ 130.002969311285625, -2.029062830472232 ], [ 130.003206401719808, -2.029005025349921 ], [ 130.003203406012403, -2.029466111871519 ] ] ], [ [ [ 130.012326370765464, -2.029130154832709 ], [ 130.011296295976138, -2.028693167705273 ], [ 130.011393873999964, -2.028232926999976 ], [ 130.012326370765464, -2.029130154832709 ] ] ], [ [ [ 130.012869170367736, -2.029799402484449 ], [ 130.012693348119569, -2.029847497264209 ], [ 130.012643910588082, -2.02971637970713 ], [ 130.012869170367736, -2.029799402484449 ] ] ], [ [ [ 130.002798874768359, -2.027940571200398 ], [ 130.00216936808124, -2.027149691043314 ], [ 130.003355045199214, -2.027389499026194 ], [ 130.002798874768359, -2.027940571200398 ] ] ], [ [ [ 130.41637675855327, -2.022971658248392 ], [ 130.416315462188919, -2.022307495794267 ], [ 130.417174686337233, -2.022741511520763 ], [ 130.41637675855327, -2.022971658248392 ] ] ], [ [ [ 130.287793135038754, -2.01557471376567 ], [ 130.286428833305024, -2.016353507165081 ], [ 130.285870021968123, -2.015079641242945 ], [ 130.287793135038754, -2.01557471376567 ] ] ], [ [ [ 130.249270685000056, -2.014036083 ], [ 130.245498278000014, -2.018084179000027 ], [ 130.246457889, -2.016317312000012 ], [ 130.245848238, -2.013971546 ], [ 130.249270685000056, -2.014036083 ] ] ], [ [ [ 130.293540363912115, -2.013669437597339 ], [ 130.293503509374631, -2.014389659593062 ], [ 130.292347838282097, -2.013416330399314 ], [ 130.293540363912115, -2.013669437597339 ] ] ], [ [ [ 130.304070526333817, -2.012772181091288 ], [ 130.30396529799998, -2.012733355000023 ], [ 130.303982919504733, -2.012664990784726 ], [ 130.304070526333817, -2.012772181091288 ] ] ], [ [ [ 130.305787848818625, -2.012801721200529 ], [ 130.305721518158549, -2.012642551228776 ], [ 130.306047319828053, -2.0126301709456 ], [ 130.305787848818625, -2.012801721200529 ] ] ], [ [ [ 130.392312471343502, -2.01247768999338 ], [ 130.392635235358227, -2.012532780638843 ], [ 130.392300352079701, -2.012869923008514 ], [ 130.392312471343502, -2.01247768999338 ] ] ], [ [ [ 130.288757, -2.012229 ], [ 130.288762891000033, -2.012243085000023 ], [ 130.288725535000026, -2.012207918 ], [ 130.288757, -2.012229 ] ] ], [ [ [ 130.479735594533338, -2.009918426925583 ], [ 130.48005177806715, -2.009985497732552 ], [ 130.480008675360153, -2.010112277859305 ], [ 130.479735594533338, -2.009918426925583 ] ] ], [ [ [ 130.313723919874121, -2.010156986621234 ], [ 130.313037741998329, -2.010083141623658 ], [ 130.313427647567863, -2.009778453113148 ], [ 130.313723919874121, -2.010156986621234 ] ] ], [ [ [ 130.315170126252298, -2.009878837202493 ], [ 130.315123623956708, -2.010019491020098 ], [ 130.314181228181155, -2.009859547679943 ], [ 130.315170126252298, -2.009878837202493 ] ] ], [ [ [ 130.385503736958896, -2.010703450671431 ], [ 130.384056551069051, -2.010561566563057 ], [ 130.384965188292909, -2.009702062899882 ], [ 130.385503736958896, -2.010703450671431 ] ] ], [ [ [ 129.986578231100566, -2.009982551553518 ], [ 129.986949212000013, -2.009549766000021 ], [ 129.987125782000021, -2.009605355000019 ], [ 129.986578231100566, -2.009982551553518 ] ] ], [ [ [ 130.396579420997625, -2.010621446982214 ], [ 130.395096879417565, -2.012101503581492 ], [ 130.393321823255661, -2.010437083333646 ], [ 130.396579420997625, -2.010621446982214 ] ] ], [ [ [ 130.259104171, -2.009320906000028 ], [ 130.258370635, -2.009150804 ], [ 130.258402428999943, -2.00874746 ], [ 130.259104171, -2.009320906000028 ] ] ], [ [ [ 130.321451743303356, -2.007838044390203 ], [ 130.321523230000025, -2.008105049 ], [ 130.321401818717959, -2.00790540119691 ], [ 130.321451743303356, -2.007838044390203 ] ] ], [ [ [ 130.481759581527768, -2.006390931864388 ], [ 130.481896742970832, -2.006402891217357 ], [ 130.481972350443669, -2.006533790901704 ], [ 130.481759581527768, -2.006390931864388 ] ] ], [ [ [ 130.308206538101302, -2.005981280711483 ], [ 130.308803074711221, -2.005721649540978 ], [ 130.308803075747846, -2.005721650201793 ], [ 130.308206538101302, -2.005981280711483 ] ] ], [ [ [ 130.47867419824496, -2.004917874424282 ], [ 130.478712211230459, -2.004765555036971 ], [ 130.478880340955044, -2.004811746564888 ], [ 130.47867419824496, -2.004917874424282 ] ] ], [ [ [ 130.476012443269354, -2.002980496820451 ], [ 130.476076340999953, -2.00258928400001 ], [ 130.476623093921091, -2.002374508982987 ], [ 130.476012443269354, -2.002980496820451 ] ] ], [ [ [ 130.442569125221269, -2.000483789185092 ], [ 130.442458713010495, -2.00011996199227 ], [ 130.442933058902128, -2.000187671909309 ], [ 130.442569125221269, -2.000483789185092 ] ] ], [ [ [ 130.464478259999964, -2.000301821999983 ], [ 130.464353898561626, -2.000282585820449 ], [ 130.46447896335161, -2.000217514871429 ], [ 130.464478259999964, -2.000301821999983 ] ] ], [ [ [ 130.44842010195427, -1.99883580095436 ], [ 130.450568642, -1.999165332000018 ], [ 130.449503865810783, -2.00432105217479 ], [ 130.44842010195427, -1.99883580095436 ] ] ], [ [ [ 130.432018162183937, -1.997483479077804 ], [ 130.432036739999944, -1.997807159 ], [ 130.431906549806712, -1.997921495191857 ], [ 130.432018162183937, -1.997483479077804 ] ] ], [ [ [ 130.406055854618671, -1.995045642762962 ], [ 130.423244590781223, -1.995805553070626 ], [ 130.423611057604262, -2.007279834296854 ], [ 130.434911297660193, -1.997885357433121 ], [ 130.437220349999961, -2.009472720000019 ], [ 130.444678242207146, -2.000104682385123 ], [ 130.44611283264112, -2.006958437281986 ], [ 130.449194728354087, -2.006246533051042 ], [ 130.452718534732668, -1.999758990185279 ], [ 130.455207028082015, -2.005041683426883 ], [ 130.465026288999979, -2.003010295000024 ], [ 130.467066284784579, -1.998871336933732 ], [ 130.47686506919635, -2.007395713153467 ], [ 130.461962958999948, -2.005211904000021 ], [ 130.454050517743269, -2.018404272583941 ], [ 130.440865250730781, -2.014222462896337 ], [ 130.43398629499373, -2.022140657051731 ], [ 130.431803158999969, -2.015575070000011 ], [ 130.42795783400004, -2.023932988000013 ], [ 130.411560951999945, -2.021006683 ], [ 130.400474884608343, -2.035264758761551 ], [ 130.384812355, -2.028237944000011 ], [ 130.371461396999962, -2.036619922999989 ], [ 130.375223927942017, -2.024900361762244 ], [ 130.395743468999967, -2.020651761000011 ], [ 130.394889092772985, -2.013134260197458 ], [ 130.414372858999968, -2.016942014 ], [ 130.41598826500001, -2.010504928999978 ], [ 130.402961330201236, -2.007450425796536 ], [ 130.406055854618671, -1.995045642762962 ] ] ], [ [ [ 130.477058008806353, -2.0074200093247 ], [ 130.477828713483603, -2.007075426489473 ], [ 130.478461112090713, -2.007596696929964 ], [ 130.477058008806353, -2.0074200093247 ] ] ], [ [ [ 130.35312646021805, -1.981046686655224 ], [ 130.351422876000015, -1.978567812 ], [ 130.351841018999949, -1.978903289000016 ], [ 130.352610756999979, -1.980142258 ], [ 130.353037295000036, -1.980593775999978 ], [ 130.353257258999975, -1.980733841000017 ], [ 130.353636879999954, -1.980785836999985 ], [ 130.35703077200003, -1.980370822999987 ], [ 130.361671255000033, -1.976760163999984 ], [ 130.366371626000046, -1.977826918 ], [ 130.369171001000041, -1.977093331999981 ], [ 130.36975677800001, -1.977429928999982 ], [ 130.370178614, -1.977943003 ], [ 130.370549780000033, -1.978313679 ], [ 130.370843854999976, -1.97852043 ], [ 130.371497944, -1.978704703 ], [ 130.374309516000039, -1.978823164 ], [ 130.378045612000051, -1.977114299 ], [ 130.381305560022298, -1.980922744373099 ], [ 130.35312646021805, -1.981046686655224 ] ] ], [ [ [ 130.387726070999975, -1.983413971 ], [ 130.403853069747953, -1.992837442880885 ], [ 130.400910672689434, -2.009979967801195 ], [ 130.394982848979311, -2.006461430550571 ], [ 130.386154349243867, -2.011729381206001 ], [ 130.387047105999955, -2.007294616000024 ], [ 130.358440224, -1.991286667 ], [ 130.34044105471753, -1.991234946436041 ], [ 130.33947751200003, -1.983215428999983 ], [ 130.325622591454419, -1.985975044072759 ], [ 130.333606335264164, -1.973485933329139 ], [ 130.353108614071431, -1.981097250137958 ], [ 130.387726070999975, -1.983413971 ] ] ], [ [ [ 130.433788537131136, -1.956798701812682 ], [ 130.433838464535768, -1.95698016216922 ], [ 130.433661818737932, -1.957218872053273 ], [ 130.433788537131136, -1.956798701812682 ] ] ], [ [ [ 130.433584760904409, -1.957582286912803 ], [ 130.433518655317982, -1.957864640099654 ], [ 130.433357188683431, -1.957791267153214 ], [ 130.433584760904409, -1.957582286912803 ] ] ], [ [ [ 130.433682362850845, -1.95585523363207 ], [ 130.433653974384697, -1.955612215889604 ], [ 130.433827118626738, -1.955629749313475 ], [ 130.433682362850845, -1.95585523363207 ] ] ], [ [ [ 130.433556659306362, -1.955150276477291 ], [ 130.433580803118701, -1.955070005466743 ], [ 130.433654525236221, -1.955064644118037 ], [ 130.433556659306362, -1.955150276477291 ] ] ], [ [ [ 130.434022238235826, -1.955828291742284 ], [ 130.434260613999982, -1.955615888000011 ], [ 130.434289508273025, -1.955719664169634 ], [ 130.434022238235826, -1.955828291742284 ] ] ], [ [ [ 130.434333609071643, -1.956483222056449 ], [ 130.434305926677183, -1.956565096402057 ], [ 130.434311495279303, -1.956478799257161 ], [ 130.434333609071643, -1.956483222056449 ] ] ], [ [ [ 130.433424004471732, -1.953940220425548 ], [ 130.433348993296619, -1.953662777333421 ], [ 130.433548981700255, -1.953536299360708 ], [ 130.433424004471732, -1.953940220425548 ] ] ], [ [ [ 130.410978584069824, -1.954295982929254 ], [ 130.411179204656548, -1.954138117579967 ], [ 130.41120775813161, -1.954214261379056 ], [ 130.410978584069824, -1.954295982929254 ] ] ], [ [ [ 130.411032248239735, -1.953109902000355 ], [ 130.41126544622901, -1.953357645338162 ], [ 130.41088406514757, -1.953763640779377 ], [ 130.411032248239735, -1.953109902000355 ] ] ], [ [ [ 130.433920765930679, -1.953060104740084 ], [ 130.434034539999971, -1.95295773700002 ], [ 130.434098584792451, -1.95296901747552 ], [ 130.433920765930679, -1.953060104740084 ] ] ], [ [ [ 130.432077847063141, -1.953196293794288 ], [ 130.432111309, -1.953008985 ], [ 130.432194121561508, -1.952975319355504 ], [ 130.432077847063141, -1.953196293794288 ] ] ], [ [ [ 130.431903122925434, -1.953089731418355 ], [ 130.431507906413088, -1.953682338724661 ], [ 130.430786768894336, -1.953528648828057 ], [ 130.431903122925434, -1.953089731418355 ] ] ], [ [ [ 130.386387759287686, -1.953414084192589 ], [ 130.38725330909304, -1.953236138037356 ], [ 130.386892615999955, -1.956808626999987 ], [ 130.386387759287686, -1.953414084192589 ] ] ], [ [ [ 130.431549108406415, -1.951645442719053 ], [ 130.431681137618398, -1.951948277347056 ], [ 130.431115636577374, -1.952088127365142 ], [ 130.431549108406415, -1.951645442719053 ] ] ], [ [ [ 130.387625676699486, -1.951459834733295 ], [ 130.387712361000013, -1.951179896999975 ], [ 130.388049647231526, -1.95116047941527 ], [ 130.387625676699486, -1.951459834733295 ] ] ], [ [ [ 130.429096406841069, -1.951428724437181 ], [ 130.428624483033559, -1.951304759407085 ], [ 130.428911950978431, -1.950939869578173 ], [ 130.429096406841069, -1.951428724437181 ] ] ], [ [ [ 130.421427229070389, -1.950996465512837 ], [ 130.421483729204283, -1.951148075502301 ], [ 130.421319626399736, -1.95113450695184 ], [ 130.421427229070389, -1.950996465512837 ] ] ], [ [ [ 130.405927367154447, -1.950664300916666 ], [ 130.406199310733172, -1.951210391546631 ], [ 130.405566512384638, -1.951150626400283 ], [ 130.405927367154447, -1.950664300916666 ] ] ], [ [ [ 130.402162498000052, -1.951693353999985 ], [ 130.402493906192717, -1.952172128377928 ], [ 130.401198098713394, -1.951141089989333 ], [ 130.402162498000052, -1.951693353999985 ] ] ], [ [ [ 130.411683875007043, -1.95049602634048 ], [ 130.411660540225228, -1.950579045762744 ], [ 130.411597937994514, -1.950618514632746 ], [ 130.411683875007043, -1.95049602634048 ] ] ], [ [ [ 130.410849821948716, -1.951780365776971 ], [ 130.410071096008096, -1.951491325045248 ], [ 130.41018836310252, -1.950956008612886 ], [ 130.410849821948716, -1.951780365776971 ] ] ], [ [ [ 130.410262200140437, -1.952111954902774 ], [ 130.410403232000021, -1.952855070999988 ], [ 130.409604513337712, -1.953133966059633 ], [ 130.410262200140437, -1.952111954902774 ] ] ], [ [ [ 130.424484390086263, -1.950147277556967 ], [ 130.424731035769355, -1.950694713955189 ], [ 130.423985289789329, -1.950475643835864 ], [ 130.424484390086263, -1.950147277556967 ] ] ], [ [ [ 130.429094160267368, -1.9499076760984 ], [ 130.429305645, -1.94998805 ], [ 130.429324000954125, -1.950061155975343 ], [ 130.429094160267368, -1.9499076760984 ] ] ], [ [ [ 130.428397108639473, -1.94977275567369 ], [ 130.428605243742652, -1.94984632324942 ], [ 130.428314948076519, -1.950019095804572 ], [ 130.428397108639473, -1.94977275567369 ] ] ], [ [ [ 130.408481698971258, -1.949611478087215 ], [ 130.408322834277072, -1.950722763732425 ], [ 130.407537099657475, -1.95106399111023 ], [ 130.408481698971258, -1.949611478087215 ] ] ], [ [ [ 130.422064891542647, -1.949415774529335 ], [ 130.422111122666109, -1.950024893382559 ], [ 130.421842341151233, -1.950077461805405 ], [ 130.422064891542647, -1.949415774529335 ] ] ], [ [ [ 130.41514555032694, -1.948269166189048 ], [ 130.416300936066449, -1.948946101448508 ], [ 130.415929898928908, -1.95224706074322 ], [ 130.41514555032694, -1.948269166189048 ] ] ], [ [ [ 130.367968748059297, -1.949996190072062 ], [ 130.366594382346449, -1.948198467974381 ], [ 130.368803795558705, -1.948157087279695 ], [ 130.367968748059297, -1.949996190072062 ] ] ], [ [ [ 130.380994560950256, -1.949003889817652 ], [ 130.379177928276874, -1.947395932051883 ], [ 130.381386028577992, -1.945319652186753 ], [ 130.380994560950256, -1.949003889817652 ] ] ], [ [ [ 130.379598214186359, -1.939090857157316 ], [ 130.379995880000024, -1.939480710999987 ], [ 130.379320978380491, -1.940412019698906 ], [ 130.379598214186359, -1.939090857157316 ] ] ], [ [ [ 130.378577255999971, -1.941173812999978 ], [ 130.371386150000035, -1.943678573999989 ], [ 130.371165802859565, -1.94377245703326 ], [ 130.373384769391691, -1.935988379559999 ], [ 130.378577255999971, -1.941173812999978 ] ] ], [ [ [ 130.372325365014177, -1.93521586696954 ], [ 130.372313994779518, -1.935051696150024 ], [ 130.372325366044578, -1.935215864745705 ], [ 130.372325365014177, -1.93521586696954 ] ] ], [ [ [ 130.349724428907336, -1.924310094044877 ], [ 130.349651435765139, -1.924499403724505 ], [ 130.34884148924337, -1.924400157241385 ], [ 130.349724428907336, -1.924310094044877 ] ] ], [ [ [ 129.928202173000045, -1.849974628999973 ], [ 129.926384502000019, -1.85176708900002 ], [ 129.924933219999957, -1.851365208 ], [ 129.928202173000045, -1.849974628999973 ] ] ], [ [ [ 129.934707642000035, -1.846468688000016 ], [ 129.941766019000056, -1.846789956 ], [ 129.934998985, -1.847235631999979 ], [ 129.933676596000055, -1.847815254000011 ], [ 129.931395963999989, -1.850558643999989 ], [ 129.928975251, -1.849636805999978 ], [ 129.934707642000035, -1.846468688000016 ] ] ], [ [ [ 129.778605482336047, -1.845142999049265 ], [ 129.778472554664745, -1.845012993754663 ], [ 129.778689353000942, -1.845058594290574 ], [ 129.778605482336047, -1.845142999049265 ] ] ], [ [ [ 130.427720629491461, -1.972373284770047 ], [ 130.412751214197243, -1.98939710858968 ], [ 130.407143988004719, -1.970048329666612 ], [ 130.387733084814045, -1.980894473700983 ], [ 130.378068883999958, -1.977042042 ], [ 130.36190616500005, -1.976654187 ], [ 130.359104554000055, -1.977602331000014 ], [ 130.356985073000033, -1.98028739 ], [ 130.35331032800002, -1.980679786 ], [ 130.351654006999979, -1.978637799000012 ], [ 130.338860598, -1.969256988999973 ], [ 130.34896018400002, -1.959401206 ], [ 130.343769229000031, -1.956363511 ], [ 130.335088589486872, -1.969526948989061 ], [ 130.328698515000042, -1.968429198000024 ], [ 130.325167044999944, -1.969231864 ], [ 130.322067878999974, -1.970400864999988 ], [ 130.320536251000021, -1.971481681 ], [ 130.320005488999982, -1.968405030999975 ], [ 130.317373982000049, -1.96676457 ], [ 130.316069321999976, -1.967630794 ], [ 130.315853191999963, -1.966553737000027 ], [ 130.314908143000025, -1.966670396999973 ], [ 130.320274271000017, -1.971600387000024 ], [ 130.3239068260512, -1.970282024499336 ], [ 130.312780947999954, -1.991370790000019 ], [ 130.307607423000036, -1.991504652 ], [ 130.30753487000004, -1.987892053999985 ], [ 130.310492028, -1.987914306 ], [ 130.311274344000026, -1.987218749000021 ], [ 130.311349135, -1.986178914999982 ], [ 130.307463193999979, -1.982364385999972 ], [ 130.306804445000012, -1.982697522000024 ], [ 130.306362907999983, -1.984090673000026 ], [ 130.305791572999965, -1.984145641 ], [ 130.30695214800005, -1.980429094999977 ], [ 130.306130157999974, -1.979321863 ], [ 130.305825148000054, -1.979380994 ], [ 130.305317126999967, -1.980023798 ], [ 130.305631471999959, -1.98433838699998 ], [ 130.311143088999984, -1.986633112 ], [ 130.307208259000049, -1.987886236 ], [ 130.304972054000018, -2.005754009999976 ], [ 130.299785220999979, -1.999594151999986 ], [ 130.295953782999959, -1.998080970999979 ], [ 130.301866608999944, -1.988766909999981 ], [ 130.297860774000014, -1.980382091000024 ], [ 130.290054112, -1.977668079000011 ], [ 130.28909911400001, -1.971337888 ], [ 130.284919675999959, -1.964078772 ], [ 130.282738793000021, -1.963780229 ], [ 130.277198497999962, -1.965873320000014 ], [ 130.271108629999958, -1.970410746000027 ], [ 130.26631115400005, -1.967065814000023 ], [ 130.266711752999981, -1.961940003 ], [ 130.261670751, -1.955408233000014 ], [ 130.248522705000028, -1.954342601 ], [ 130.23937317900004, -1.95755211 ], [ 130.230036664999943, -1.955340324000019 ], [ 130.227002676999973, -1.958352529000024 ], [ 130.225268861000018, -1.957587638 ], [ 130.221745682, -1.959706768999979 ], [ 130.219631770999968, -1.961754348999989 ], [ 130.216300518000025, -1.957142870999974 ], [ 130.199057495000034, -1.949940288999983 ], [ 130.219438997999987, -1.962123099 ], [ 130.261170211000035, -1.955685675999973 ], [ 130.265737674999968, -1.967172349 ], [ 130.271054537000055, -1.970884128000023 ], [ 130.284414498000046, -1.964369315 ], [ 130.288925317, -1.973419466 ], [ 130.28689616600002, -1.973339361 ], [ 130.287835381000036, -1.975452524 ], [ 130.286940673, -1.974188635000019 ], [ 130.284332567999968, -1.974914336999973 ], [ 130.28398238, -1.976180004000014 ], [ 130.283161610999969, -1.975104730999988 ], [ 130.281690866999952, -1.975054694999983 ], [ 130.281599154999981, -1.975658861 ], [ 130.297550024999964, -1.981256498999983 ], [ 130.300971544000049, -1.990124837 ], [ 130.290312341, -1.993472783000016 ], [ 130.302397497000015, -2.004256049 ], [ 130.30295163207245, -2.010652372766245 ], [ 130.276536104, -2.005607686000019 ], [ 130.27700899599995, -1.997489657000017 ], [ 130.275999507000051, -1.993684342999984 ], [ 130.277753924999956, -1.996145582999986 ], [ 130.278788423000037, -1.996194774 ], [ 130.279635417, -1.995716758000015 ], [ 130.280576163999967, -1.997004044999983 ], [ 130.281986064999955, -1.996297744 ], [ 130.283105559999967, -1.997435594000024 ], [ 130.284254177999969, -1.997314890999974 ], [ 130.281848546, -1.996032076 ], [ 130.280611244000056, -1.99671413599998 ], [ 130.279613223999945, -1.995478197000011 ], [ 130.278071008999973, -1.996018462 ], [ 130.277130362999969, -1.994371977000014 ], [ 130.280941219000056, -1.98893250499998 ], [ 130.280168696000032, -1.986907246999976 ], [ 130.284289633999947, -1.988835251000012 ], [ 130.284817009, -1.988071870999988 ], [ 130.284360978999985, -1.987326183999983 ], [ 130.283671088, -1.986753384 ], [ 130.279990233000035, -1.986725256999989 ], [ 130.277106063000019, -1.993039610999972 ], [ 130.274213677000034, -1.989757560999976 ], [ 130.272586628, -1.989985503000014 ], [ 130.273389672, -1.988349019999987 ], [ 130.272336415000041, -1.987495823000017 ], [ 130.271132143000045, -1.987932057000023 ], [ 130.271079299, -1.986826972000017 ], [ 130.271091606000027, -1.988080579999973 ], [ 130.27318921799997, -1.988438008 ], [ 130.272376216999987, -1.990227788000027 ], [ 130.274334179999983, -1.990250399 ], [ 130.27386749599998, -1.99302494 ], [ 130.268774259999986, -1.992562997999983 ], [ 130.270372464000047, -1.990698711999983 ], [ 130.267397491, -1.989214662999984 ], [ 130.266059399000028, -1.989819593 ], [ 130.265663559000018, -1.992113443999983 ], [ 130.263612606000038, -1.988245740000025 ], [ 130.261995026000022, -1.988134522999985 ], [ 130.265484026999957, -1.992360158999986 ], [ 130.266118094000035, -1.992211241 ], [ 130.266323250000028, -1.989816712 ], [ 130.267268475000037, -1.98947052699998 ], [ 130.268715662999966, -1.992810414000019 ], [ 130.272546197999986, -1.993531381000025 ], [ 130.275364614999944, -1.992640203 ], [ 130.275366463999944, -2.005610737999973 ], [ 130.285609689067854, -2.013486367237026 ], [ 130.270841020000034, -2.015604301 ], [ 130.268521857, -2.006621302999974 ], [ 130.267712369000037, -2.00581458 ], [ 130.265735919, -2.005210891 ], [ 130.272367672999962, -2.002312824 ], [ 130.272371377000013, -2.001671343 ], [ 130.271356887000024, -2.000307177000025 ], [ 130.272375778999958, -1.998247043999982 ], [ 130.271353537999971, -1.99594268200002 ], [ 130.270685316000026, -1.995536155000025 ], [ 130.269268058999955, -1.995766762000017 ], [ 130.26800154700004, -1.997677274000011 ], [ 130.266677781999988, -1.996563490000028 ], [ 130.265577778999955, -1.996633374 ], [ 130.272233903000028, -2.002043442 ], [ 130.267404866999982, -2.002203561999977 ], [ 130.265452163999953, -2.005240777999973 ], [ 130.268321202000038, -2.008091665999984 ], [ 130.264350158999946, -2.010436498999979 ], [ 130.260450656999978, -2.009483494 ], [ 130.258474459000013, -2.005483267999978 ], [ 130.255829085999949, -2.004718594999986 ], [ 130.256740948000015, -2.00269285600001 ], [ 130.255573329999947, -2.00202807 ], [ 130.256701255000053, -2.001461561999974 ], [ 130.257145176, -2.000379580000015 ], [ 130.257005058, -1.998609574999989 ], [ 130.255303567000055, -1.99877783 ], [ 130.255830316000015, -1.997183936999988 ], [ 130.255168402999971, -1.998837993999985 ], [ 130.256895081000039, -2.000571249000018 ], [ 130.255409680999946, -2.00189328 ], [ 130.255170331000045, -2.004719153 ], [ 130.252053218000015, -2.003912641999989 ], [ 130.250666519999982, -2.004420854999978 ], [ 130.25050676, -2.002565348000019 ], [ 130.248492832000011, -2.001385143 ], [ 130.248118806999969, -2.00138053500001 ], [ 130.247477400999969, -2.001616822000017 ], [ 130.250381608999987, -2.00458003 ], [ 130.252152720000026, -2.004219327999976 ], [ 130.247204203000024, -2.008241968999982 ], [ 130.250873869999964, -2.010953793 ], [ 130.247278040999959, -2.011962779999976 ], [ 130.245745914000054, -2.013392790000012 ], [ 130.244926252000027, -2.015484734999973 ], [ 130.241724923, -2.014793447999978 ], [ 130.240571328999977, -2.015085527999986 ], [ 130.239304568999955, -2.016378840000016 ], [ 130.24055875800002, -2.019457887999977 ], [ 130.238946672999987, -2.018684994000012 ], [ 130.23796819100005, -2.019054095 ], [ 130.235508055999958, -2.018260291 ], [ 130.233636529000023, -2.018507612 ], [ 130.22871718500005, -2.02148094 ], [ 130.240906130999974, -2.019471814999974 ], [ 130.241241555999977, -2.015050227000017 ], [ 130.245977681, -2.018903346 ], [ 130.24904582399995, -2.017598582 ], [ 130.251421279000056, -2.010249881 ], [ 130.247782146999953, -2.008064234000017 ], [ 130.251463285999989, -2.005754384 ], [ 130.257690225000033, -2.005961180999975 ], [ 130.256075889000044, -2.013272359999974 ], [ 130.264646063999976, -2.011780885 ], [ 130.270800954000038, -2.028604579999978 ], [ 130.273167180457193, -2.024663760189918 ], [ 130.283040527798278, -2.031023448972929 ], [ 130.274283972027717, -2.033821241656947 ], [ 130.266360238189151, -2.0533876463147 ], [ 130.186962647999962, -2.064430558000026 ], [ 130.182639547, -2.061608186 ], [ 130.189513289000047, -2.05905198 ], [ 130.17134107000004, -2.052940437000018 ], [ 130.128671545010747, -2.059390717426777 ], [ 130.117768961000024, -2.04648081800002 ], [ 130.106543161, -2.049966348999988 ], [ 130.096448899586704, -2.041621639488977 ], [ 130.117843084000015, -2.040122844 ], [ 130.109591734999981, -2.031171621 ], [ 130.085625002244456, -2.028198314363487 ], [ 130.096373977999974, -2.028030509000018 ], [ 130.095590423999965, -2.024278432000017 ], [ 130.100937641999963, -2.022326 ], [ 130.102793188999954, -2.016515432 ], [ 130.073168692999957, -2.027463387000012 ], [ 130.064529740000012, -2.025455342999976 ], [ 130.066496335000011, -2.015960983000014 ], [ 130.063559812, -2.011823142000026 ], [ 130.056201855304579, -2.025683831364408 ], [ 130.057062153995304, -2.014441049414911 ], [ 130.046426955718857, -2.027024956997525 ], [ 130.043512807999946, -2.009426539 ], [ 130.032522412597558, -2.02368818297895 ], [ 130.030997903999946, -2.017059107000023 ], [ 130.016009670993952, -2.022707254996297 ], [ 130.01074943499998, -2.020662441000013 ], [ 130.026800771138682, -2.008212925885827 ], [ 129.991349017969696, -2.017100722129831 ], [ 129.997388767999951, -2.007879534999972 ], [ 129.987366214999952, -2.009346481000023 ], [ 129.987731533999977, -2.000691379999978 ], [ 129.967778942999985, -2.012334877 ], [ 129.9466142245669, -1.998662686034086 ], [ 129.922069435000026, -1.999177124000028 ], [ 129.923026852000021, -1.99267925800001 ], [ 129.906873271, -1.985069058000022 ], [ 129.861419519414625, -1.975634211860169 ], [ 129.81305535599995, -1.935465589999978 ], [ 129.80107210999995, -1.931920505 ], [ 129.793355101999964, -1.938271226999973 ], [ 129.785151396677009, -1.931786679884308 ], [ 129.790024247000019, -1.926317970000014 ], [ 129.731035589000044, -1.900680704000024 ], [ 129.742842821999943, -1.897586187 ], [ 129.732138987999974, -1.888624903999983 ], [ 129.728035773756318, -1.893421763739755 ], [ 129.719218793999119, -1.880199185054524 ], [ 129.753436468964651, -1.8459385430249 ], [ 129.777691593647774, -1.848216843293791 ], [ 129.771058126999947, -1.857168452 ], [ 129.772182919999977, -1.860197367000012 ], [ 129.772709156000019, -1.860136056999977 ], [ 129.77823034000005, -1.848290342999974 ], [ 129.8091775062544, -1.832666484987906 ], [ 129.821664329999976, -1.860095679999972 ], [ 129.813979432764768, -1.83883942209153 ], [ 129.821358118000035, -1.834064903000012 ], [ 129.831804713, -1.837287112000013 ], [ 129.831850897999971, -1.83783438 ], [ 129.830749183999956, -1.839263363999976 ], [ 129.830554931000052, -1.839948701000026 ], [ 129.831321297000045, -1.840527086 ], [ 129.832089261999954, -1.840728320999972 ], [ 129.831834262000029, -1.842112953000026 ], [ 129.832549589, -1.842357174000028 ], [ 129.831944741000029, -1.843073117000017 ], [ 129.83233128400002, -1.843539134000025 ], [ 129.833118258000013, -1.844036408000022 ], [ 129.8461036, -1.846829271999979 ], [ 129.832355912000025, -1.84342816100002 ], [ 129.832765652000035, -1.84236843399998 ], [ 129.832258697000043, -1.840733506999982 ], [ 129.830642517, -1.839756318000013 ], [ 129.831941779999966, -1.837810293000018 ], [ 129.831989522999947, -1.837371029 ], [ 129.828610085000037, -1.834656457999984 ], [ 129.875148913999965, -1.8414689 ], [ 129.90371704100005, -1.855784297000014 ], [ 129.923625665000031, -1.851887057999988 ], [ 129.921683769999959, -1.855100145 ], [ 129.925234478999982, -1.856893655000022 ], [ 129.923985885999969, -1.857502107000016 ], [ 129.922764905, -1.859400400000027 ], [ 129.923029176, -1.861027979000028 ], [ 129.92187040500005, -1.861090375 ], [ 129.920701945000019, -1.861508479 ], [ 129.919591532000027, -1.862713859999985 ], [ 129.919882991, -1.863033331999986 ], [ 129.92206003900003, -1.86375976 ], [ 129.924751416000049, -1.865305337999985 ], [ 129.922103484, -1.863700157999972 ], [ 129.919760335999968, -1.862700365000023 ], [ 129.923138550999965, -1.861097004999976 ], [ 129.925321011000051, -1.856981005000023 ], [ 129.923789151000051, -1.85182181 ], [ 129.92666305, -1.851820151000027 ], [ 129.928792943999952, -1.849780482000028 ], [ 129.931504068999971, -1.850673562999987 ], [ 129.935205716000041, -1.847331930999985 ], [ 129.946975707999968, -1.847004056 ], [ 130.039135986000019, -1.87408835399998 ], [ 130.041183157999967, -1.885639276 ], [ 130.042242268, -1.887492828 ], [ 130.04459594900004, -1.889029376 ], [ 130.044722235, -1.890179063 ], [ 130.045079693000048, -1.890755012 ], [ 130.047569929000019, -1.892020152999976 ], [ 130.046679020000056, -1.893760191000013 ], [ 130.04639918099997, -1.895058528 ], [ 130.046338248999973, -1.898415938000028 ], [ 130.047171842000012, -1.899579142 ], [ 130.046162650000042, -1.901144626000018 ], [ 130.046222180999962, -1.90187228100001 ], [ 130.046820226000023, -1.903186536000021 ], [ 130.047187779999945, -1.905541213 ], [ 130.048080134999964, -1.907410593 ], [ 130.046240365000017, -1.908333304 ], [ 130.045901841000045, -1.908900903000017 ], [ 130.046219111000028, -1.909446960000025 ], [ 130.046702204999974, -1.90972924099998 ], [ 130.053230539999959, -1.911861773999988 ], [ 130.058133243000043, -1.919873008000025 ], [ 130.059695849000036, -1.919901434 ], [ 130.05579851799996, -1.921289049999984 ], [ 130.055658180000023, -1.922772898 ], [ 130.056828226999983, -1.925253622000014 ], [ 130.059845806, -1.919848794000018 ], [ 130.053278371000033, -1.911756833000027 ], [ 130.046095486000013, -1.909013819 ], [ 130.048205802999973, -1.907573184 ], [ 130.047913653000023, -1.892073051000011 ], [ 130.039231611, -1.874120526000013 ], [ 130.135776243, -1.860578219999979 ], [ 130.194882054, -1.867859368999973 ], [ 130.262982229000045, -1.857009028 ], [ 130.323451237999961, -1.884543896000025 ], [ 130.338595536999946, -1.909209466 ], [ 130.339807271000041, -1.921848192000027 ], [ 130.330507406000038, -1.918013926000015 ], [ 130.325837633, -1.918373656000028 ], [ 130.323623610000027, -1.921297396999989 ], [ 130.337824406999971, -1.921856559999981 ], [ 130.334651553999947, -1.930103719999977 ], [ 130.33822198200005, -1.922111782 ], [ 130.360045755906981, -1.933222212435131 ], [ 130.356838170045535, -1.938202685805296 ], [ 130.371712158089792, -1.936374933356438 ], [ 130.352914643999952, -1.958088340000018 ], [ 130.358734105000053, -1.955500592000021 ], [ 130.362848840683313, -1.947315339490576 ], [ 130.366346975000056, -1.959379222 ], [ 130.371220466187481, -1.945114159629237 ], [ 130.377155867749195, -1.943439473153147 ], [ 130.372981571842217, -1.947573891321946 ], [ 130.37462069239109, -1.955100579228302 ], [ 130.385681724032452, -1.944896510665389 ], [ 130.384762885798608, -1.961452739951946 ], [ 130.393168242820309, -1.948834437759045 ], [ 130.400327000990387, -1.958847175556683 ], [ 130.408964283275139, -1.952728112812091 ], [ 130.405408594131302, -1.959350762627571 ], [ 130.405546447610533, -1.963707254885888 ], [ 130.413181909417631, -1.961285927403638 ], [ 130.418912532598597, -1.948940674755215 ], [ 130.419034476060233, -1.952125895293749 ], [ 130.424369243, -1.953161824 ], [ 130.419330628000012, -1.961888696000017 ], [ 130.417134820115933, -1.971234241367098 ], [ 130.425776855317707, -1.95217162222257 ], [ 130.427363385000035, -1.955188485 ], [ 130.433215576298494, -1.953747153782954 ], [ 130.427720629491461, -1.972373284770047 ] ], [ [ 130.425765992000038, -1.97423887399998 ], [ 130.425675277999972, -1.974225163000028 ], [ 130.425759046000053, -1.974239581 ], [ 130.425765992000038, -1.97423887399998 ] ], [ [ 130.348709447000033, -1.953296374999979 ], [ 130.352165172000014, -1.947391574 ], [ 130.346854495, -1.947570762999987 ], [ 130.348709447000033, -1.953296374999979 ] ], [ [ 130.297353001000033, -2.001790998999979 ], [ 130.2973938, -2.001805543999978 ], [ 130.297490173000028, -2.001245009 ], [ 130.297353001000033, -2.001790998999979 ] ], [ [ 130.281845095, -2.011205433999976 ], [ 130.281961031000037, -2.011205433999976 ], [ 130.281751871999973, -2.011153338999975 ], [ 130.281845095, -2.011205433999976 ] ] ], [ [ [ 130.095313225848741, -2.041778049956341 ], [ 130.094573627000045, -2.042951887000015 ], [ 130.091584939828351, -2.04229152749783 ], [ 130.095313225848741, -2.041778049956341 ] ] ], [ [ [ 130.358191900795418, -1.952610146246361 ], [ 130.357704654000031, -1.954984953 ], [ 130.354265713553247, -1.957074109187303 ], [ 130.358191900795418, -1.952610146246361 ] ] ], [ [ [ 130.374240252885727, -1.946895110316212 ], [ 130.373977246999971, -1.947086211999988 ], [ 130.373803077440044, -1.94713087011432 ], [ 130.374240252885727, -1.946895110316212 ] ] ], [ [ [ 130.378468864999945, -1.944690693999974 ], [ 130.376423584, -1.945784894999974 ], [ 130.379957204661309, -1.94381207486734 ], [ 130.378468864999945, -1.944690693999974 ] ] ], [ [ [ 130.383567580607007, -1.945276978737964 ], [ 130.383609144646385, -1.945007569743501 ], [ 130.383832883380961, -1.945046812560319 ], [ 130.383567580607007, -1.945276978737964 ] ] ], [ [ [ 130.39749489844084, -1.949986640172121 ], [ 130.397101334000013, -1.951834570000017 ], [ 130.395554390035755, -1.950513487687418 ], [ 130.39749489844084, -1.949986640172121 ] ] ], [ [ [ 130.395067508239322, -1.950645675965505 ], [ 130.39502751934549, -1.950739308448046 ], [ 130.39493048325528, -1.95068287821219 ], [ 130.395067508239322, -1.950645675965505 ] ] ], [ [ [ 130.395969052729725, -1.952455834968797 ], [ 130.395902389609262, -1.952533253732313 ], [ 130.395856266953274, -1.95240015614227 ], [ 130.395969052729725, -1.952455834968797 ] ] ], [ [ [ 130.406805858203853, -1.953819312411303 ], [ 130.406762981000043, -1.953174121000018 ], [ 130.406677366667168, -1.952615304552646 ], [ 130.406805858203853, -1.953819312411303 ] ] ], [ [ [ 130.40766578005173, -1.953167175324838 ], [ 130.407539289260399, -1.953186589712764 ], [ 130.407630087758406, -1.953095790738152 ], [ 130.40766578005173, -1.953167175324838 ] ] ], [ [ [ 130.407637366768199, -1.960057468133114 ], [ 130.406744820252953, -1.959839151058671 ], [ 130.408267021805699, -1.957322973976089 ], [ 130.407637366768199, -1.960057468133114 ] ] ], [ [ [ 130.419740381578492, -1.962304503912642 ], [ 130.419793570868364, -1.962489953715015 ], [ 130.419512434251459, -1.962538012119547 ], [ 130.419740381578492, -1.962304503912642 ] ] ], [ [ [ 130.427763831788525, -1.972317660917009 ], [ 130.427764895, -1.972329060999982 ], [ 130.427748555572549, -1.972345385020801 ], [ 130.427763831788525, -1.972317660917009 ] ] ], [ [ [ 130.283946651416784, -2.029767530447129 ], [ 130.284162940167533, -2.029901735376699 ], [ 130.283871781957288, -2.029848291365527 ], [ 130.283946651416784, -2.029767530447129 ] ] ], [ [ [ 130.308926525438892, -2.010656323630405 ], [ 130.308866521772671, -2.010355905100885 ], [ 130.309287569066157, -2.010292261878371 ], [ 130.308926525438892, -2.010656323630405 ] ] ], [ [ [ 130.303842210949369, -2.009376843766303 ], [ 130.304173628210464, -2.008795863738127 ], [ 130.305455829423067, -2.00929539756452 ], [ 130.303842210949369, -2.009376843766303 ] ] ], [ [ [ 130.395933361335693, -1.952371601767938 ], [ 130.395937643907246, -1.952273092729056 ], [ 130.396040437316401, -1.952287368567168 ], [ 130.395933361335693, -1.952371601767938 ] ] ] ] } },
{ "type": "Feature", "properties": { "NAME": "Yapen Tengah", "DESIG_ENG": "Nature Reserve", "IUCN_CAT": "Ia", "STATUS": "Designated", "STATUS_YR": 0, "GIS_AREA": 1127.66564700558 }, "geometry": { "type": "Polygon", "coordinates": [ [ [ 135.902135849000047, -1.671760559 ], [ 135.973474503000034, -1.681943892999982 ], [ 135.994459153999969, -1.671497344999977 ], [ 136.020158768999977, -1.679706572999976 ], [ 136.024869919000025, -1.674163819 ], [ 136.029817581999964, -1.682634354000015 ], [ 136.068246841000018, -1.67520904600002 ], [ 136.092565537000041, -1.678922652999972 ], [ 136.087877274, -1.685607909999987 ], [ 136.094373702999974, -1.69498253 ], [ 136.119977952, -1.69417381300002 ], [ 136.109506606999958, -1.70835495 ], [ 136.121786119000035, -1.726892470999985 ], [ 136.13181495799995, -1.716793059999986 ], [ 136.127264022999952, -1.707605361999981 ], [ 136.140199661, -1.700130463 ], [ 136.16379738, -1.70664978100001 ], [ 136.178747177999981, -1.695991516999982 ], [ 136.22253608699998, -1.702066423000019 ], [ 136.296278, -1.750276567000014 ], [ 136.318788528000027, -1.727125167999986 ], [ 136.341276170000015, -1.718297958 ], [ 136.349294663000023, -1.728837967 ], [ 136.378988267999944, -1.728052139 ], [ 136.397500993999984, -1.74035453800002 ], [ 136.448732378000045, -1.717250824000018 ], [ 136.483350754999947, -1.728624344000025 ], [ 136.496129989999986, -1.709184648000019 ], [ 136.520502089000047, -1.721735001000013 ], [ 136.602426531, -1.732086181999989 ], [ 136.727300644000024, -1.771776198999987 ], [ 136.743574143000046, -1.765684127999975 ], [ 136.748550572999989, -1.774093349 ], [ 136.796477903999971, -1.78651067200002 ], [ 136.812755560000028, -1.799417173999984 ], [ 136.73895835999997, -1.812643051 ], [ 136.705884933999982, -1.804792404000011 ], [ 136.669046402000049, -1.844007492 ], [ 136.606725694000033, -1.855733870999984 ], [ 136.598611830999971, -1.853528976 ], [ 136.601171494000027, -1.841499328999987 ], [ 136.583490372000028, -1.839382172 ], [ 136.574781419000033, -1.831029892 ], [ 136.57940101600002, -1.826318741000023 ], [ 136.564004898, -1.821607590999974 ], [ 136.554582597000035, -1.832672119 ], [ 136.520914078000033, -1.822843552 ], [ 136.511251450000032, -1.834383011999989 ], [ 136.502729415999966, -1.826936722000028 ], [ 136.494951248, -1.832506180999985 ], [ 136.477415084999961, -1.826723099 ], [ 136.460256577, -1.845878600999981 ], [ 136.445672988999945, -1.843975066999974 ], [ 136.39239692700005, -1.811182023000015 ], [ 136.359174727999971, -1.808565139999985 ], [ 136.347871780999981, -1.791582108 ], [ 136.334844589, -1.788518907000025 ], [ 136.329370499, -1.792354584 ], [ 136.330251696, -1.834949494 ], [ 136.31235694999998, -1.830619812 ], [ 136.307359697000038, -1.838090898000019 ], [ 136.290810672000021, -1.83799951200001 ], [ 136.279829025000026, -1.871410369999978 ], [ 136.264391026999988, -1.878047776000017 ], [ 136.241525649999971, -1.845098495 ], [ 136.229762002000029, -1.841388645 ], [ 136.234354003000021, -1.856055833000028 ], [ 136.218992233, -1.867477416999975 ], [ 136.188550949000046, -1.832242966000024 ], [ 136.163305283, -1.827983856 ], [ 136.150743484000031, -1.815301895 ], [ 136.14119911399996, -1.821416855 ], [ 136.129350662999968, -1.817132949999973 ], [ 136.121259689999988, -1.828649521999978 ], [ 136.105317796, -1.833147836000023 ], [ 136.093118667999988, -1.816652298 ], [ 136.082878965999953, -1.829204163999975 ], [ 136.070005418000051, -1.820268630999976 ], [ 136.05663619500001, -1.82361413000001 ], [ 136.02148584300005, -1.811726809999982 ], [ 135.955091477999986, -1.763547897000024 ], [ 135.923341752000056, -1.752542496999979 ], [ 135.894174576999944, -1.72013855 ], [ 135.852991104000012, -1.702302933999988 ], [ 135.858510971999976, -1.691595077999978 ], [ 135.88731193700005, -1.687036514999988 ], [ 135.902135849000047, -1.671760559 ] ], [ [ 136.151818005999985, -1.760055717 ], [ 136.180546314000026, -1.772930611 ], [ 136.189481873999966, -1.767550057999983 ], [ 136.188460307000014, -1.760867927 ], [ 136.161810460999959, -1.754098677 ], [ 136.151818005999985, -1.760055717 ] ] ] } },
{ "type": "Feature", "properties": { "NAME": "Beriat", "DESIG_ENG": "Nature Recreation Park", "IUCN_CAT": "V", "STATUS": "Designated", "STATUS_YR": 0, "GIS_AREA": 120.443655466095 }, "geometry": { "type": "Polygon", "coordinates": [ [ [ 132.018038851000028, -1.294532525000022 ], [ 132.018176726999968, -1.306053217999988 ], [ 132.031921492000038, -1.308721187 ], [ 132.048518644999945, -1.332239782999977 ], [ 132.054516248000027, -1.356142224999985 ], [ 132.065202365, -1.363531186999978 ], [ 132.074946512, -1.352733193 ], [ 132.080620136999983, -1.36911762 ], [ 132.06946415699997, -1.409376818999988 ], [ 132.052931476000026, -1.426983688 ], [ 132.04528575400002, -1.455366055000013 ], [ 132.035806068000056, -1.458532274999982 ], [ 132.029507899, -1.424564782 ], [ 132.015051843000037, -1.433079662000011 ], [ 132.009731558, -1.425727635999976 ], [ 131.995255946000043, -1.426135332 ], [ 131.982031277000033, -1.419474015999981 ], [ 131.978626847999976, -1.405998943999975 ], [ 131.984872408, -1.327194471999974 ], [ 132.018038851000028, -1.294532525000022 ] ] ] } },
{ "type": "Feature", "properties": { "NAME": "Pegunungan Arfak", "DESIG_ENG": "Nature Reserve", "IUCN_CAT": "Ia", "STATUS": "Designated", "STATUS_YR": 0, "GIS_AREA": 832.70536768279703 }, "geometry": { "type": "MultiPolygon", "coordinates": [ [ [ [ 134.195054320000054, -1.426347164999981 ], [ 134.195008486, -1.426675438000018 ], [ 134.194377063000047, -1.426071111 ], [ 134.195054320000054, -1.426347164999981 ] ] ], [ [ [ 134.186901971999987, -1.425313800000026 ], [ 134.192871054999955, -1.425288705000014 ], [ 134.193227699999966, -1.425814358000025 ], [ 134.186901971999987, -1.425313800000026 ] ] ], [ [ [ 134.203699546000053, -1.358248030000027 ], [ 134.203312181, -1.358081309999989 ], [ 134.203754861, -1.357417082999973 ], [ 134.203699546000053, -1.358248030000027 ] ] ], [ [ [ 134.190620710999951, -1.287261801 ], [ 134.194803978999971, -1.288965763000022 ], [ 134.189464472000054, -1.287453245999984 ], [ 134.190620710999951, -1.287261801 ] ] ], [ [ [ 134.18773847, -1.287242026 ], [ 134.187718149000034, -1.287320672000021 ], [ 134.187557019, -1.287158393000027 ], [ 134.18773847, -1.287242026 ] ] ], [ [ [ 134.181746688999965, -1.286797853999985 ], [ 134.181774266000048, -1.286245732999987 ], [ 134.182442856999955, -1.286514862 ], [ 134.181746688999965, -1.286797853999985 ] ] ], [ [ [ 133.901793742999985, -1.004724359000022 ], [ 133.901855469, -1.004917740999986 ], [ 133.90151876799996, -1.004676538000012 ], [ 133.901793742999985, -1.004724359000022 ] ] ], [ [ [ 133.938967476000016, -1.001558618 ], [ 133.937967553000021, -1.016422832999979 ], [ 133.955602678999981, -1.010859395000011 ], [ 133.995803833999958, -1.046802997999976 ], [ 134.01608861, -1.046281906 ], [ 134.013757585, -1.047979478 ], [ 134.013066948999949, -1.049505415999988 ], [ 134.013958789999947, -1.057830909000018 ], [ 134.026596473000041, -1.027778609999984 ], [ 134.033343649000017, -1.027329915999985 ], [ 134.042175693, -1.043349547 ], [ 134.035783866999964, -1.053113998000015 ], [ 134.04694319400005, -1.073521818000017 ], [ 134.043625306999957, -1.086352370999975 ], [ 134.06774717899998, -1.089365037 ], [ 134.075959427000043, -1.082485936000012 ], [ 134.088344178000057, -1.099528604 ], [ 134.081502965000027, -1.113650415999984 ], [ 134.099711612167823, -1.112995342360402 ], [ 134.102009479, -1.127540367999984 ], [ 134.087438217999988, -1.132944977000022 ], [ 134.109133758999974, -1.163964529999987 ], [ 134.101928961, -1.193502416 ], [ 134.118263569999954, -1.18374110000002 ], [ 134.13802826899996, -1.184829203 ], [ 134.162472321999985, -1.213175346000014 ], [ 134.131803967999986, -1.229363261 ], [ 134.17372655500003, -1.217676553999979 ], [ 134.172250592999944, -1.227492955 ], [ 134.197172369999976, -1.224976251999976 ], [ 134.208551686999954, -1.24649679800001 ], [ 134.207311899000047, -1.265288852000026 ], [ 134.223349276000022, -1.286570526999981 ], [ 134.179442947999974, -1.283318898 ], [ 134.169842233000054, -1.28999948500001 ], [ 134.180660417000013, -1.321977968 ], [ 134.199528161999979, -1.330959627000027 ], [ 134.208600508000018, -1.345708012999978 ], [ 134.195568188000038, -1.36644624600001 ], [ 134.202105717999984, -1.36233454500001 ], [ 134.212171826000031, -1.381891627000016 ], [ 134.208499385999971, -1.410820296 ], [ 134.196650229000056, -1.428345111 ], [ 134.195214660000033, -1.426059411999972 ], [ 134.193007742999953, -1.425010902999986 ], [ 134.182107912, -1.423359598 ], [ 134.163112307, -1.442914325 ], [ 134.157057103000056, -1.436390361 ], [ 134.154974114999959, -1.436153795999985 ], [ 134.160400120999952, -1.449449512 ], [ 134.146715221000022, -1.453704144000028 ], [ 134.144256821, -1.469957637999983 ], [ 134.130670278000025, -1.47052333 ], [ 134.139045838000015, -1.431520020999983 ], [ 134.128416541999968, -1.429682856 ], [ 134.127702653000028, -1.422410190999983 ], [ 134.115934701000015, -1.431270762999986 ], [ 134.083220679999954, -1.401477452999984 ], [ 134.080421375000014, -1.382333972000026 ], [ 134.059468816000049, -1.361801119 ], [ 134.06553544999997, -1.347589508 ], [ 134.048819198000047, -1.336884995999981 ], [ 134.047577327, -1.30497081599998 ], [ 134.021460843999989, -1.282783583000025 ], [ 134.022192190000055, -1.268416256000023 ], [ 134.000675890000025, -1.245911046 ], [ 133.979303179, -1.244063055000026 ], [ 133.968284871000037, -1.224350233 ], [ 133.949156158000051, -1.235187058 ], [ 133.928405837000014, -1.223444441000026 ], [ 133.891539986, -1.192560820999972 ], [ 133.8711856, -1.157049393000023 ], [ 133.868247902, -1.141446851000012 ], [ 133.876917638, -1.12357358600002 ], [ 133.903100201000029, -1.12646852 ], [ 133.912371675000031, -1.148603622999985 ], [ 133.933364633, -1.156083453 ], [ 133.949659506999978, -1.129472976999978 ], [ 133.941234048999945, -1.093227345 ], [ 133.909194944999967, -1.03083682099998 ], [ 133.907150268, -1.014468908000026 ], [ 133.903060913, -1.00501871 ], [ 133.900161744, -1.003007293 ], [ 133.904021826999951, -0.99505640000001 ], [ 133.916000755000027, -1.00107026400002 ], [ 133.924880376000033, -0.990696118000017 ], [ 133.938967476000016, -1.001558618 ] ] ] ] } },
{ "type": "Feature", "properties": { "NAME": "Pulau Kecil Kabupaten Natuna(Kec. Serasan dan Serasan Timur)", "DESIG_ENG": "Nature Reserve", "IUCN_CAT": "Not Reported", "STATUS": "Designated", "STATUS_YR": 0, "GIS_AREA": 142.559042333778 }, "geometry": { "type": "MultiPolygon", "coordinates": [ [ [ [ 129.683072424135901, -1.256002609719011 ], [ 129.682416639663842, -1.256334761452176 ], [ 129.682929266737773, -1.255259406635696 ], [ 129.683072424135901, -1.256002609719011 ] ] ], [ [ [ 129.682557222945036, -1.25456134303547 ], [ 129.682652189025362, -1.254590567078303 ], [ 129.68251280322346, -1.254678939781156 ], [ 129.682557222945036, -1.25456134303547 ] ] ], [ [ [ 129.682364640640429, -1.253204522757781 ], [ 129.68239324824998, -1.253022429041822 ], [ 129.682510738976276, -1.253114683482311 ], [ 129.682364640640429, -1.253204522757781 ] ] ], [ [ [ 129.68520650203061, -1.256952745010698 ], [ 129.684174172216984, -1.25344929324697 ], [ 129.684942828918253, -1.2537210440963 ], [ 129.68520650203061, -1.256952745010698 ] ] ], [ [ [ 129.684865511238968, -1.252773402602549 ], [ 129.682888983339922, -1.249087705333279 ], [ 129.684479033848135, -1.248036559958922 ], [ 129.684865511238968, -1.252773402602549 ] ] ], [ [ [ 129.874938970000017, -1.199232817 ], [ 129.887554778797863, -1.196516837848525 ], [ 129.844012927432885, -1.209032433991356 ], [ 129.874938970000017, -1.199232817 ] ] ], [ [ [ 129.887554778914875, -1.19651683793621 ], [ 129.883388915999944, -1.207132640999987 ], [ 129.873954320016054, -1.21477477967769 ], [ 129.887554778914875, -1.19651683793621 ] ] ], [ [ [ 129.866854016618646, -1.224306584945502 ], [ 129.866689336000036, -1.224839254000017 ], [ 129.865832595473393, -1.225677792189494 ], [ 129.866854016618646, -1.224306584945502 ] ] ], [ [ [ 129.865832594656894, -1.225677792483292 ], [ 129.862756741, -1.217423345999975 ], [ 129.863417132933108, -1.21522750161952 ], [ 129.865832594656894, -1.225677792483292 ] ] ], [ [ [ 129.856271868541938, -1.213408004578852 ], [ 129.855759367000019, -1.213768957000013 ], [ 129.854635271589189, -1.213711433549848 ], [ 129.856271868541938, -1.213408004578852 ] ] ], [ [ [ 129.854432264462986, -1.213749072214337 ], [ 129.854105497999967, -1.214149282 ], [ 129.852979140044908, -1.214628101498212 ], [ 129.854432264462986, -1.213749072214337 ] ] ], [ [ [ 129.848774502999959, -1.217171586 ], [ 129.848774502965853, -1.217171586684396 ], [ 129.848774502441415, -1.217171586099758 ], [ 129.848774502999959, -1.217171586 ] ] ], [ [ [ 129.85092012254762, -1.219563540228832 ], [ 129.853613541999948, -1.220884832000024 ], [ 129.853483407999988, -1.222421110000028 ], [ 129.85092012254762, -1.219563540228832 ] ] ], [ [ [ 129.85348340496418, -1.22242111171997 ], [ 129.852382111999987, -1.222573937999982 ], [ 129.851843145976829, -1.22255109644733 ], [ 129.85348340496418, -1.22242111171997 ] ] ], [ [ [ 129.850742074999971, -1.22265832 ], [ 129.850535643621441, -1.222654711387714 ], [ 129.850984615159149, -1.222619131980211 ], [ 129.850742074999971, -1.22265832 ] ] ], [ [ [ 129.838993850031727, -1.22356935797879 ], [ 129.838993849986196, -1.223569357739601 ], [ 129.838993850444126, -1.22356935770331 ], [ 129.838993850031727, -1.22356935797879 ] ] ], [ [ [ 129.839650464131154, -1.227018213515496 ], [ 129.839698283999951, -1.227076231000012 ], [ 129.839673479316616, -1.227139100425843 ], [ 129.839650464131154, -1.227018213515496 ] ] ], [ [ [ 129.839673479, -1.227139100999977 ], [ 129.839673475157355, -1.227139104307825 ], [ 129.839673479110616, -1.227139100799403 ], [ 129.839673479, -1.227139100999977 ] ] ], [ [ [ 129.839157107, -1.227607012000021 ], [ 129.839145193278455, -1.22760794091355 ], [ 129.839156113741694, -1.227598249282766 ], [ 129.839157107, -1.227607012000021 ] ] ], [ [ [ 129.837131717435796, -1.227727335678554 ], [ 129.837121859885997, -1.227623783910486 ], [ 129.837380450949468, -1.22772725263313 ], [ 129.837131717435796, -1.227727335678554 ] ] ], [ [ [ 129.818303179686723, -1.24610469293069 ], [ 129.818472227000029, -1.246579962 ], [ 129.818692872765098, -1.247212690575311 ], [ 129.818303179686723, -1.24610469293069 ] ] ], [ [ [ 129.818866029999981, -1.247355597000023 ], [ 129.820813146999967, -1.247324796999976 ], [ 129.819765545289783, -1.24769871917745 ], [ 129.818866029999981, -1.247355597000023 ] ] ], [ [ [ 129.811970666157464, -1.213066327016904 ], [ 129.794554489, -1.204830437999988 ], [ 129.795192495000038, -1.204670115 ], [ 129.795845239999949, -1.204601 ], [ 129.799077195, -1.204683636000027 ], [ 129.80593705900003, -1.207307141 ], [ 129.811970666157464, -1.213066327016904 ] ] ], [ [ [ 129.812337715228381, -1.213259015887132 ], [ 129.81543775, -1.213638772000024 ], [ 129.817858356636037, -1.21615717376322 ], [ 129.812337715228381, -1.213259015887132 ] ] ], [ [ [ 129.818342211999948, -1.216411181000012 ], [ 129.818342212587396, -1.216411180866641 ], [ 129.81834220999707, -1.216411181101421 ], [ 129.818342211999948, -1.216411181000012 ] ] ], [ [ [ 129.818392804011268, -1.2163966389533 ], [ 129.823932540999976, -1.21224974 ], [ 129.831476881681709, -1.212635773788148 ], [ 129.818392804011268, -1.2163966389533 ] ] ], [ [ [ 129.780146170719945, -1.219175248370634 ], [ 129.77772169900004, -1.21953829 ], [ 129.776318240609044, -1.219006333788646 ], [ 129.780146170719945, -1.219175248370634 ] ] ], [ [ [ 129.780324335000046, -1.229904702 ], [ 129.780324335404487, -1.229904701684411 ], [ 129.780324335200049, -1.229904702040324 ], [ 129.780324335000046, -1.229904702 ] ] ], [ [ [ 129.78503462265121, -1.221704797008928 ], [ 129.785659996000049, -1.220313458000021 ], [ 129.786330906246377, -1.219448161403497 ], [ 129.78503462265121, -1.221704797008928 ] ] ], [ [ [ 129.798505901, -1.220870127000012 ], [ 129.798505901146967, -1.220870126844821 ], [ 129.798505900840524, -1.220870127127919 ], [ 129.798505901, -1.220870127000012 ] ] ], [ [ [ 129.825839262497141, -1.220005291474149 ], [ 129.820114869, -1.222162046999983 ], [ 129.81791973169365, -1.222009534486082 ], [ 129.825839262497141, -1.220005291474149 ] ] ], [ [ [ 129.817550882713562, -1.222102881302848 ], [ 129.813267293999957, -1.22387579399998 ], [ 129.807602329794207, -1.224620621073327 ], [ 129.817550882713562, -1.222102881302848 ] ] ], [ [ [ 129.802232228795418, -1.228837036494145 ], [ 129.803003657999966, -1.228643735999981 ], [ 129.806697125941099, -1.228652775940377 ], [ 129.802232228795418, -1.228837036494145 ] ] ], [ [ [ 129.806697135696197, -1.228652776144998 ], [ 129.807956243000035, -1.228778869999985 ], [ 129.808085418000019, -1.228871094999988 ], [ 129.806697135696197, -1.228652776144998 ] ] ], [ [ [ 129.815610003365492, -1.227960742832192 ], [ 129.811468178000041, -1.228228295 ], [ 129.815646934000029, -1.227453028000014 ], [ 129.815610003365492, -1.227960742832192 ] ] ], [ [ [ 129.817152679907224, -1.22682659775789 ], [ 129.816560891, -1.226754563999975 ], [ 129.818115025507467, -1.226119100435703 ], [ 129.817152679907224, -1.22682659775789 ] ] ], [ [ [ 129.826741772264342, -1.219776888003779 ], [ 129.826741771995444, -1.219776887999241 ], [ 129.82674177241492, -1.219776887893081 ], [ 129.826741772264342, -1.219776888003779 ] ] ], [ [ [ 129.785085133116752, -1.24486212824796 ], [ 129.785085132972512, -1.244862128284568 ], [ 129.78508513302819, -1.244862128059801 ], [ 129.785085133116752, -1.24486212824796 ] ] ], [ [ [ 129.787587597609473, -1.244226977287013 ], [ 129.787587598189162, -1.244226977592971 ], [ 129.787587597827326, -1.244226977684805 ], [ 129.787587597609473, -1.244226977287013 ] ] ], [ [ [ 129.818079794000028, -1.246302942999989 ], [ 129.81807979378604, -1.246302944169808 ], [ 129.818079794964376, -1.246302941137145 ], [ 129.818079794000028, -1.246302942999989 ] ] ], [ [ [ 129.771255340469651, -1.247722209222263 ], [ 129.771255339662304, -1.247722209812091 ], [ 129.771255338760653, -1.247722206716204 ], [ 129.771255340469651, -1.247722209222263 ] ] ], [ [ [ 129.681128723011483, -1.248211326014923 ], [ 129.680646409604151, -1.250478432233853 ], [ 129.678016719995668, -1.250118517255766 ], [ 129.681128723011483, -1.248211326014923 ] ] ], [ [ [ 129.687453305940124, -1.26438482166678 ], [ 129.684062371081666, -1.267802860613459 ], [ 129.680688205596311, -1.26354686039925 ], [ 129.687453305940124, -1.26438482166678 ] ] ], [ [ [ 129.865362675697099, -1.144523222818979 ], [ 129.905938543684329, -1.161951798336797 ], [ 129.875795397000047, -1.186058676000016 ], [ 129.851113718999954, -1.193842571 ], [ 129.822330814999987, -1.184801101 ], [ 129.837986119999982, -1.157499644999973 ], [ 129.853327072999946, -1.156348939999987 ], [ 129.865362675697099, -1.144523222818979 ] ], [ [ 129.864456182000026, -1.151844977 ], [ 129.869461062000028, -1.156151771 ], [ 129.870407108999984, -1.153518677000022 ], [ 129.864456182000026, -1.151844977 ] ] ], [ [ [ 129.657453018142263, -1.273901968301155 ], [ 129.657333918225845, -1.273936603891107 ], [ 129.6571525096806, -1.273604606567341 ], [ 129.657453018142263, -1.273901968301155 ] ] ], [ [ [ 129.657987564374707, -1.273306505590726 ], [ 129.65714313964429, -1.272422491804553 ], [ 129.657997664660542, -1.273188115239337 ], [ 129.657987564374707, -1.273306505590726 ] ] ], [ [ [ 129.66174966681379, -1.272838277164739 ], [ 129.66184633494052, -1.27271543516923 ], [ 129.661948169672286, -1.272794195995269 ], [ 129.66174966681379, -1.272838277164739 ] ] ], [ [ [ 129.662438691392595, -1.272610763076282 ], [ 129.662260433172492, -1.272596415292343 ], [ 129.662307620600245, -1.272440088839049 ], [ 129.662438691392595, -1.272610763076282 ] ] ], [ [ [ 129.663522315102824, -1.272318570645497 ], [ 129.663507173217567, -1.271930505088742 ], [ 129.663700288237806, -1.272023455418131 ], [ 129.663522315102824, -1.272318570645497 ] ] ], [ [ [ 129.656953164157215, -1.271817370375322 ], [ 129.657174091611068, -1.272236048854586 ], [ 129.656936625624809, -1.272176529922936 ], [ 129.656953164157215, -1.271817370375322 ] ] ], [ [ [ 129.657035880201818, -1.271584640218931 ], [ 129.657022600812411, -1.271678700311712 ], [ 129.656695032649765, -1.271705896709735 ], [ 129.657035880201818, -1.271584640218931 ] ] ], [ [ [ 129.656323360834477, -1.271423190327964 ], [ 129.656403905016305, -1.271280782681933 ], [ 129.65653439124921, -1.271358505690495 ], [ 129.656323360834477, -1.271423190327964 ] ] ], [ [ [ 129.657090678591999, -1.271227469072405 ], [ 129.65721079024587, -1.271141956136384 ], [ 129.657238855388954, -1.271249676931069 ], [ 129.657090678591999, -1.271227469072405 ] ] ], [ [ [ 129.662463171837999, -1.27094135965598 ], [ 129.662799992225928, -1.270881100582338 ], [ 129.662712080797917, -1.271136490056884 ], [ 129.662463171837999, -1.27094135965598 ] ] ], [ [ [ 129.657179965083429, -1.271025928303976 ], [ 129.657284825134639, -1.27092600013477 ], [ 129.657307880154576, -1.271048296241878 ], [ 129.657179965083429, -1.271025928303976 ] ] ], [ [ [ 129.656185030714681, -1.271212220167778 ], [ 129.655735385879439, -1.271345167845178 ], [ 129.655855111724151, -1.270422874416083 ], [ 129.656185030714681, -1.271212220167778 ] ] ], [ [ [ 129.657123627053807, -1.270795500412008 ], [ 129.657242306087596, -1.270712046923444 ], [ 129.657276852644685, -1.270761473663034 ], [ 129.657123627053807, -1.270795500412008 ] ] ], [ [ [ 129.656535409281815, -1.270767110613674 ], [ 129.656946189914891, -1.27051890042687 ], [ 129.656691060344144, -1.270912932985452 ], [ 129.656535409281815, -1.270767110613674 ] ] ], [ [ [ 129.663000567122623, -1.270535243806409 ], [ 129.662448317735794, -1.270584821632164 ], [ 129.662458033111761, -1.270156890927781 ], [ 129.663000567122623, -1.270535243806409 ] ] ], [ [ [ 129.664282419398234, -1.270440856360372 ], [ 129.6642362239227, -1.270262436262387 ], [ 129.664539560752246, -1.270221007193678 ], [ 129.664282419398234, -1.270440856360372 ] ] ], [ [ [ 129.656285090184809, -1.270399099938496 ], [ 129.656277705851494, -1.270233646265689 ], [ 129.656436052182102, -1.270416182560746 ], [ 129.656285090184809, -1.270399099938496 ] ] ], [ [ [ 129.656654305951577, -1.270273923302861 ], [ 129.656690494670698, -1.270340420074328 ], [ 129.656455010790211, -1.270324439121501 ], [ 129.656654305951577, -1.270273923302861 ] ] ], [ [ [ 129.658003291718671, -1.269922830674025 ], [ 129.658183671439332, -1.270029637757558 ], [ 129.657911281180816, -1.270260412787755 ], [ 129.658003291718671, -1.269922830674025 ] ] ], [ [ [ 129.656612357974041, -1.269253124432096 ], [ 129.655950884125986, -1.269128055715202 ], [ 129.656424639785314, -1.268237267335964 ], [ 129.656612357974041, -1.269253124432096 ] ] ], [ [ [ 129.662729255150992, -1.268588367159401 ], [ 129.662453811694149, -1.268268778681142 ], [ 129.663309539104034, -1.268439935854287 ], [ 129.662729255150992, -1.268588367159401 ] ] ], [ [ [ 129.664327434963212, -1.268105028324312 ], [ 129.664289613075198, -1.268458168709513 ], [ 129.663771094560389, -1.26824977240903 ], [ 129.664327434963212, -1.268105028324312 ] ] ], [ [ [ 129.663442742188863, -1.267747084660181 ], [ 129.663599065044878, -1.267718309952054 ], [ 129.663670082708279, -1.268134478423471 ], [ 129.663442742188863, -1.267747084660181 ] ] ], [ [ [ 129.656742473686194, -1.263757309851959 ], [ 129.656325923902273, -1.263748609810472 ], [ 129.653284196408578, -1.26566414418488 ], [ 129.652411675058829, -1.268919275404206 ], [ 129.655100522970798, -1.273773189880783 ], [ 129.658070436001935, -1.274238359712504 ], [ 129.659797488663287, -1.271270103232608 ], [ 129.65815282289455, -1.274598861947945 ], [ 129.654651031020308, -1.274074010407228 ], [ 129.652408704598059, -1.272620611551917 ], [ 129.651781066842773, -1.269925656343945 ], [ 129.65301488273073, -1.265372379831492 ], [ 129.660993508743502, -1.259711888592735 ], [ 129.666684265766349, -1.262312362825307 ], [ 129.666966407373849, -1.268816701429559 ], [ 129.664009425694502, -1.275310811144964 ], [ 129.659372621049641, -1.273970859067846 ], [ 129.66332862721444, -1.274679298211018 ], [ 129.666692452294853, -1.268007897946083 ], [ 129.666035231340942, -1.265096921086078 ], [ 129.662182588755542, -1.261405247254293 ], [ 129.659107432562024, -1.261744749420584 ], [ 129.656742473686194, -1.263757309851959 ] ] ], [ [ [ 129.665533102970329, -1.267237350723166 ], [ 129.665453118166909, -1.267574668436216 ], [ 129.665103358333397, -1.267346889946991 ], [ 129.665533102970329, -1.267237350723166 ] ] ], [ [ [ 129.662195459852711, -1.267432535083396 ], [ 129.662260508715548, -1.267310372075952 ], [ 129.662327031567315, -1.26734969673104 ], [ 129.662195459852711, -1.267432535083396 ] ] ], [ [ [ 129.663226480417819, -1.267580650726435 ], [ 129.662952301407728, -1.268311417338014 ], [ 129.662787768640669, -1.26734244279954 ], [ 129.661361112925078, -1.26617965356815 ], [ 129.663226480417819, -1.267580650726435 ] ] ], [ [ [ 129.661764522714634, -1.267081498212535 ], [ 129.661952397385306, -1.267087577629594 ], [ 129.661765422936071, -1.26719967992131 ], [ 129.661764522714634, -1.267081498212535 ] ] ], [ [ [ 129.664265399728492, -1.26691279438989 ], [ 129.664925174757059, -1.2667974797199 ], [ 129.66435995714636, -1.267335857064117 ], [ 129.664265399728492, -1.26691279438989 ] ] ], [ [ [ 129.656004785892236, -1.267011200006879 ], [ 129.656071269173879, -1.266791888634705 ], [ 129.65648010637193, -1.26694804871344 ], [ 129.656004785892236, -1.267011200006879 ] ] ], [ [ [ 129.661692461837646, -1.266580168439996 ], [ 129.66177024600006, -1.266883184211492 ], [ 129.661429605292142, -1.266876479765694 ], [ 129.661692461837646, -1.266580168439996 ] ] ], [ [ [ 129.665540084407439, -1.26693442308517 ], [ 129.665218197262163, -1.266661837673594 ], [ 129.665460673371399, -1.266510893662792 ], [ 129.665540084407439, -1.26693442308517 ] ] ], [ [ [ 129.665907999754523, -1.266358445985466 ], [ 129.666221935993576, -1.266541433740192 ], [ 129.665909560977497, -1.266460921933993 ], [ 129.665907999754523, -1.266358445985466 ] ] ], [ [ [ 129.656356838097651, -1.266153774676942 ], [ 129.656091112714819, -1.265411532716071 ], [ 129.657232730106443, -1.265766328753065 ], [ 129.656356838097651, -1.266153774676942 ] ] ], [ [ [ 129.657366186800147, -1.265151676308834 ], [ 129.656961175318088, -1.265350939094484 ], [ 129.657022555846311, -1.264780557576644 ], [ 129.657366186800147, -1.265151676308834 ] ] ], [ [ [ 129.657525409969736, -1.264855072703424 ], [ 129.657583970224067, -1.264970202113075 ], [ 129.657378435566415, -1.264932095140031 ], [ 129.657525409969736, -1.264855072703424 ] ] ], [ [ [ 129.661739793157039, -1.264831029328489 ], [ 129.660218785069048, -1.26447600756166 ], [ 129.660170505864215, -1.263800256076935 ], [ 129.661739793157039, -1.264831029328489 ] ] ], [ [ [ 129.657507836317677, -1.263998433381014 ], [ 129.657050057114532, -1.263719546419933 ], [ 129.657883038871233, -1.263475656576235 ], [ 129.657507836317677, -1.263998433381014 ] ] ], [ [ [ 129.658366466739096, -1.263210227969585 ], [ 129.658807672336252, -1.263096208323327 ], [ 129.658829937751534, -1.263339878732422 ], [ 129.658366466739096, -1.263210227969585 ] ] ], [ [ [ 129.659039740591709, -1.263062984669011 ], [ 129.658449455278173, -1.262807203089894 ], [ 129.658581189770189, -1.262557724859109 ], [ 129.659039740591709, -1.263062984669011 ] ] ], [ [ [ 129.671704105160359, -1.255511874773157 ], [ 129.670813271815064, -1.257991838952149 ], [ 129.666904361347292, -1.255421141272622 ], [ 129.671704105160359, -1.255511874773157 ] ] ], [ [ [ 129.786834665987158, -1.246318490405956 ], [ 129.78737494000157, -1.246294476708703 ], [ 129.786798648139239, -1.247014842660837 ], [ 129.786834665987158, -1.246318490405956 ] ] ], [ [ [ 129.647676769667243, -1.227458359015992 ], [ 129.653936900967324, -1.233181702973246 ], [ 129.648169543289839, -1.236610851209813 ], [ 129.647676769667243, -1.227458359015992 ] ] ], [ [ [ 129.806418728241681, -1.229113357095729 ], [ 129.806619173636022, -1.229403603393569 ], [ 129.806196215283251, -1.229445154770042 ], [ 129.806418728241681, -1.229113357095729 ] ] ], [ [ [ 129.832189958000185, -1.218416666895644 ], [ 129.833712813295733, -1.217788488647825 ], [ 129.833693778245305, -1.218264381096295 ], [ 129.832189958000185, -1.218416666895644 ] ] ], [ [ [ 129.647475072416682, -1.214378942933886 ], [ 129.64918180939307, -1.200996722420827 ], [ 129.654741840963226, -1.21538928538723 ], [ 129.647475072416682, -1.214378942933886 ] ] ] ] } },
{ "type": "Feature", "properties": { "NAME": "P. Kofiau", "DESIG_ENG": "Nature Reserve", "IUCN_CAT": "Ia", "STATUS": "Designated", "STATUS_YR": 1999, "GIS_AREA": 166.639198371812 }, "geometry": { "type": "MultiPolygon", "coordinates": [ [ [ [ 129.685073101471744, -1.25650001913082 ], [ 129.684168235443252, -1.253429145422031 ], [ 129.684933267508143, -1.253603855000041 ], [ 129.685073101471744, -1.25650001913082 ] ] ], [ [ [ 129.682902242735793, -1.256395081879683 ], [ 129.683060132560911, -1.255938797882858 ], [ 129.683154047721132, -1.256426359388923 ], [ 129.682902242735793, -1.256395081879683 ] ] ], [ [ [ 129.684875101393175, -1.252890944 ], [ 129.683265398151548, -1.250365156704232 ], [ 129.68451392606184, -1.248464210894775 ], [ 129.684875101393175, -1.252890944 ] ] ], [ [ [ 129.87648957600004, -1.212390934999974 ], [ 129.88755477902987, -1.196516837781841 ], [ 129.842584391756589, -1.209443049871012 ], [ 129.888015749000033, -1.196356416000015 ], [ 129.87648957600004, -1.212390934999974 ] ] ], [ [ [ 129.86662292699998, -1.225204825 ], [ 129.865554812000028, -1.226162552 ], [ 129.867129382904238, -1.223936919360179 ], [ 129.86662292699998, -1.225204825 ] ] ], [ [ [ 129.86435935586394, -1.219303949442659 ], [ 129.863174441999945, -1.218025446000013 ], [ 129.863493511237607, -1.215557945894433 ], [ 129.86435935586394, -1.219303949442659 ] ] ], [ [ [ 129.862608278945089, -1.212233219006126 ], [ 129.862720241745819, -1.212212460836342 ], [ 129.862747190056893, -1.212329050425051 ], [ 129.862608278945089, -1.212233219006126 ] ] ], [ [ [ 129.858153961206938, -1.213059060118393 ], [ 129.856033328999956, -1.21395874000001 ], [ 129.852435637578481, -1.214956878977898 ], [ 129.858153961206938, -1.213059060118393 ] ] ], [ [ [ 129.848783784500824, -1.217181933812425 ], [ 129.848774502441415, -1.217171586099758 ], [ 129.848817410833306, -1.217145629799986 ], [ 129.848783784500824, -1.217181933812425 ] ] ], [ [ [ 129.850569218182585, -1.219172349289477 ], [ 129.85627746800003, -1.222694994 ], [ 129.856643678999944, -1.226045726 ], [ 129.850569218182585, -1.219172349289477 ] ] ], [ [ [ 129.839025417792442, -1.223735167160084 ], [ 129.838993849986196, -1.223569357739601 ], [ 129.839591162459726, -1.223522022837234 ], [ 129.839025417792442, -1.223735167160084 ] ] ], [ [ [ 129.839157106000016, -1.227607012000021 ], [ 129.839145193374776, -1.227607940828071 ], [ 129.839156112851242, -1.227598250073037 ], [ 129.839157106000016, -1.227607012000021 ] ] ], [ [ [ 129.837131717430708, -1.227727335625217 ], [ 129.837121859885997, -1.227623783910486 ], [ 129.837380450884694, -1.22772725260721 ], [ 129.837131717430708, -1.227727335625217 ] ] ], [ [ [ 129.819183351999982, -1.246522068 ], [ 129.818079792948168, -1.246302942926475 ], [ 129.820173556343008, -1.244444781663574 ], [ 129.819183351999982, -1.246522068 ] ] ], [ [ [ 129.820813146999967, -1.247324796999976 ], [ 129.819765546043612, -1.247698719464136 ], [ 129.818863441910707, -1.247355637205014 ], [ 129.820813146999967, -1.247324796999976 ] ] ], [ [ [ 129.785781864, -1.207654951999984 ], [ 129.785990217743375, -1.20764492595705 ], [ 129.78560248802583, -1.207764684249196 ], [ 129.785781864, -1.207654951999984 ] ] ], [ [ [ 129.794799808, -1.204629540999974 ], [ 129.795512828151175, -1.20470367201747 ], [ 129.793742493886668, -1.20525047614017 ], [ 129.794799808, -1.204629540999974 ] ] ], [ [ [ 129.796171205249635, -1.204772121926105 ], [ 129.807525638000016, -1.20798993 ], [ 129.812272387374634, -1.213224720880474 ], [ 129.796171205249635, -1.204772121926105 ] ] ], [ [ [ 129.812337713574408, -1.213259015018857 ], [ 129.816207889, -1.213612080000019 ], [ 129.818919734090059, -1.216245179062295 ], [ 129.812337713574408, -1.213259015018857 ] ] ], [ [ [ 129.819859547112799, -1.215975040795927 ], [ 129.824295046999964, -1.212173582 ], [ 129.83175385758986, -1.212556160301377 ], [ 129.819859547112799, -1.215975040795927 ] ] ], [ [ [ 129.781060963629727, -1.219215615320261 ], [ 129.778778080000052, -1.219748616 ], [ 129.774785035461065, -1.219145237563409 ], [ 129.781060963629727, -1.219215615320261 ] ] ], [ [ [ 129.772583011000052, -1.222168683 ], [ 129.771695079997244, -1.223002350914256 ], [ 129.773622616921415, -1.220596255262862 ], [ 129.772583011000052, -1.222168683 ] ] ], [ [ [ 129.767029916551394, -1.229692642924257 ], [ 129.766344211216335, -1.229681705246493 ], [ 129.766888609781404, -1.229002146269649 ], [ 129.767029916551394, -1.229692642924257 ] ] ], [ [ [ 129.795852238814774, -1.220622598395675 ], [ 129.795159582248999, -1.22055798866017 ], [ 129.795700018897435, -1.220449093671163 ], [ 129.795852238814774, -1.220622598395675 ] ] ], [ [ [ 129.798441368972362, -1.219896726826426 ], [ 129.798571748587364, -1.219870456056698 ], [ 129.798565883365484, -1.21995949962364 ], [ 129.798441368972362, -1.219896726826426 ] ] ], [ [ [ 129.826312231896736, -1.219885594280274 ], [ 129.820724489999975, -1.222347021000019 ], [ 129.818372189366471, -1.221895028317539 ], [ 129.826312231896736, -1.219885594280274 ] ] ], [ [ [ 129.817997076119525, -1.221989960469774 ], [ 129.813705446999961, -1.224024653000015 ], [ 129.807585259922917, -1.224624941047717 ], [ 129.817997076119525, -1.221989960469774 ] ] ], [ [ [ 129.789294778034588, -1.229370948421729 ], [ 129.78874179529771, -1.229393769306958 ], [ 129.789266717037293, -1.229260924223775 ], [ 129.789294778034588, -1.229370948421729 ] ] ], [ [ [ 129.803972204928044, -1.228765229920493 ], [ 129.807174686000053, -1.22857439400002 ], [ 129.80745736338713, -1.228904482497794 ], [ 129.803972204928044, -1.228765229920493 ] ] ], [ [ [ 129.812690815583466, -1.230106871559966 ], [ 129.812759401999983, -1.227974296000014 ], [ 129.81566888044523, -1.227917457575567 ], [ 129.812690815583466, -1.230106871559966 ] ] ], [ [ [ 129.791068708504213, -1.247561118379882 ], [ 129.791406567192411, -1.248003620970166 ], [ 129.790744193389855, -1.247943479008301 ], [ 129.791068708504213, -1.247561118379882 ] ] ], [ [ [ 129.794014367377486, -1.244090389504634 ], [ 129.794020768943398, -1.244082846845901 ], [ 129.79402945101296, -1.244105586954854 ], [ 129.794014367377486, -1.244090389504634 ] ] ], [ [ [ 129.776088023099589, -1.244077451911847 ], [ 129.776240684659939, -1.244080040961132 ], [ 129.776158692881239, -1.244139942111914 ], [ 129.776088023099589, -1.244077451911847 ] ] ], [ [ [ 129.770629886000052, -1.244659543000012 ], [ 129.77016458612681, -1.243976993943102 ], [ 129.771154265942215, -1.243993778324268 ], [ 129.770629886000052, -1.244659543000012 ] ] ], [ [ [ 129.771419884234319, -1.247601997647217 ], [ 129.771255339662304, -1.247722209812091 ], [ 129.771125664722149, -1.247276957399054 ], [ 129.771419884234319, -1.247601997647217 ] ] ], [ [ [ 129.787485467354543, -1.244173073961871 ], [ 129.787587598189162, -1.244226977592971 ], [ 129.787545081248794, -1.244237768817523 ], [ 129.787485467354543, -1.244173073961871 ] ] ], [ [ [ 129.785513605968163, -1.243132345281511 ], [ 129.785576563464957, -1.244737398312271 ], [ 129.785085132972512, -1.244862128284568 ], [ 129.785513605968163, -1.243132345281511 ] ] ], [ [ [ 129.689196968076715, -1.192804632141577 ], [ 129.689147951, -1.192480921000026 ], [ 129.689212190738402, -1.192180229202054 ], [ 129.689196968076715, -1.192804632141577 ] ] ], [ [ [ 129.67527429674837, -1.191682451238764 ], [ 129.675466997204182, -1.191669364249753 ], [ 129.675446412326522, -1.191769609575312 ], [ 129.67527429674837, -1.191682451238764 ] ] ], [ [ [ 129.674472096493076, -1.190980911 ], [ 129.674337425756221, -1.190966992393338 ], [ 129.674461606418021, -1.190897269293517 ], [ 129.674472096493076, -1.190980911 ] ] ], [ [ [ 129.674267006941619, -1.190863823274352 ], [ 129.674102305623023, -1.190564559437695 ], [ 129.674282334662081, -1.19085385542102 ], [ 129.674267006941619, -1.190863823274352 ] ] ], [ [ [ 129.674368679315393, -1.189604277806257 ], [ 129.674297001705327, -1.189774352404443 ], [ 129.674276456387645, -1.189567584069727 ], [ 129.674368679315393, -1.189604277806257 ] ] ], [ [ [ 129.676619612656651, -1.183728640149389 ], [ 129.676590336633467, -1.183310488938915 ], [ 129.677046829947415, -1.183579171941235 ], [ 129.676619612656651, -1.183728640149389 ] ] ], [ [ [ 129.6734741382229, -1.189614912796031 ], [ 129.673469497719282, -1.189547674685448 ], [ 129.673491793816481, -1.189583503190652 ], [ 129.6734741382229, -1.189614912796031 ] ] ], [ [ [ 129.674340758003325, -1.192076679519164 ], [ 129.674218770579841, -1.192109454687534 ], [ 129.674254421671435, -1.191972590453011 ], [ 129.674340758003325, -1.192076679519164 ] ] ], [ [ [ 129.680321639274439, -1.193693155583869 ], [ 129.680681504747639, -1.1938496797189 ], [ 129.67988402732604, -1.193776524367079 ], [ 129.680321639274439, -1.193693155583869 ] ] ], [ [ [ 129.680609652464511, -1.19353915016208 ], [ 129.680969240999957, -1.193980931999988 ], [ 129.681305206780706, -1.194287650987774 ], [ 129.680966627607916, -1.194151173837549 ], [ 129.680609652464511, -1.19353915016208 ] ] ], [ [ [ 129.68197632, -1.194490910000013 ], [ 129.682104360243642, -1.194609780037564 ], [ 129.681633620470166, -1.194420030555192 ], [ 129.68197632, -1.194490910000013 ] ] ], [ [ [ 129.682617189999974, -1.194750904999978 ], [ 129.682724769759204, -1.19485985957423 ], [ 129.682299519688598, -1.194688446438306 ], [ 129.682617189999974, -1.194750904999978 ] ] ], [ [ [ 129.683258057999979, -1.195040941 ], [ 129.683385741234844, -1.195126289144102 ], [ 129.683031138018123, -1.194983352896491 ], [ 129.683258057999979, -1.195040941 ] ] ], [ [ [ 129.684478762000026, -1.195550917999981 ], [ 129.684506264347931, -1.195577958394669 ], [ 129.684439181217527, -1.195550917999981 ], [ 129.684478762000026, -1.195550917999981 ] ] ], [ [ [ 129.685409548000052, -1.195612730033194 ], [ 129.686496416015018, -1.19616077997316 ], [ 129.685409548000052, -1.195942061058363 ], [ 129.685409548000052, -1.195612730033194 ] ] ], [ [ [ 129.685028078999949, -1.195550917999981 ], [ 129.684832786750633, -1.19532189990132 ], [ 129.685286965153239, -1.195550917999981 ], [ 129.685028078999949, -1.195550917999981 ] ] ], [ [ [ 129.684567133482204, -1.195187945036694 ], [ 129.682662965999953, -1.194370984999978 ], [ 129.682462062035654, -1.194126469067186 ], [ 129.684567133482204, -1.195187945036694 ] ] ], [ [ [ 129.682431362662044, -1.194110989000023 ], [ 129.680587770999978, -1.192760943999986 ], [ 129.679827492466103, -1.192490823114561 ], [ 129.680639099914686, -1.192696640937202 ], [ 129.682431362662044, -1.194110989000023 ] ] ], [ [ [ 129.677206607998642, -1.194047010760896 ], [ 129.688653009928572, -1.204982244335101 ], [ 129.703511983977819, -1.204696605510898 ], [ 129.696336219247172, -1.206996583519747 ], [ 129.681243899000037, -1.203980923000017 ], [ 129.674033711852843, -1.198811055599359 ], [ 129.670486452999967, -1.189880967000022 ], [ 129.671336476697064, -1.183161789384984 ], [ 129.671988236068245, -1.191158134740094 ], [ 129.677206607998642, -1.194047010760896 ] ] ], [ [ [ 129.68306533312807, -1.183894316023411 ], [ 129.683138782874181, -1.183530927 ], [ 129.683690732843445, -1.183530927 ], [ 129.68306533312807, -1.183894316023411 ] ] ], [ [ [ 129.684036257, -1.183270930999981 ], [ 129.684178001564959, -1.182948553915362 ], [ 129.683895654479784, -1.183411857113208 ], [ 129.684036257, -1.183270930999981 ] ] ], [ [ [ 129.684521803300839, -1.182580187891843 ], [ 129.684844973000054, -1.182640909999975 ], [ 129.684889689464484, -1.182984139213627 ], [ 129.684521803300839, -1.182580187891843 ] ] ], [ [ [ 129.680646409604151, -1.250478432233853 ], [ 129.678309002722557, -1.249939391768502 ], [ 129.681128723212055, -1.248211325891996 ], [ 129.680646409604151, -1.250478432233853 ] ] ], [ [ [ 129.678358258, -1.250067307 ], [ 129.678612770465747, -1.250200096272235 ], [ 129.678016719995668, -1.250118517255766 ], [ 129.678285697398053, -1.249953674438074 ], [ 129.678358258, -1.250067307 ] ] ], [ [ [ 129.687453306225166, -1.264384821702086 ], [ 129.683746341999949, -1.267230988 ], [ 129.680688205596311, -1.26354686039925 ], [ 129.687453306225166, -1.264384821702086 ] ] ], [ [ [ 129.678661236227185, -1.182800923823551 ], [ 129.678123472387568, -1.182618683301683 ], [ 129.678195623029666, -1.182330116141911 ], [ 129.678661236227185, -1.182800923823551 ] ] ], [ [ [ 129.686096196, -1.182681332711501 ], [ 129.68671232783683, -1.183834778269792 ], [ 129.684328220244367, -1.181485878455166 ], [ 129.686096196, -1.182681332711501 ] ] ], [ [ [ 129.746414018792024, -1.158280726574207 ], [ 129.712136518536482, -1.200549847370678 ], [ 129.706115725000018, -1.203060984999979 ], [ 129.693815053350875, -1.198294834362275 ], [ 129.692382814999974, -1.180440902999976 ], [ 129.673385621999955, -1.178761005000013 ], [ 129.706640383432017, -1.162738690446098 ], [ 129.746414018792024, -1.158280726574207 ] ] ], [ [ [ 129.688293459999954, -1.190770983999982 ], [ 129.688301786513961, -1.190731999737143 ], [ 129.688311534084363, -1.19083190363634 ], [ 129.688293459999954, -1.190770983999982 ] ] ], [ [ [ 129.683849091431881, -1.18136315051977 ], [ 129.683860332088642, -1.181169505967899 ], [ 129.683910799770729, -1.181203630760138 ], [ 129.683849091431881, -1.18136315051977 ] ] ], [ [ [ 129.682991459848353, -1.182926854440208 ], [ 129.682803482994359, -1.183006212966303 ], [ 129.682807144134472, -1.182913520742362 ], [ 129.682991459848353, -1.182926854440208 ] ] ], [ [ [ 129.676434974052455, -1.183219045573954 ], [ 129.676243931207154, -1.183560968 ], [ 129.676271261809347, -1.1831226877618 ], [ 129.676434974052455, -1.183219045573954 ] ] ], [ [ [ 129.881057420063939, -1.146648078645912 ], [ 129.905938543827233, -1.161951798355715 ], [ 129.865921426999989, -1.190679142000022 ], [ 129.849599787999978, -1.193696413999987 ], [ 129.821812648, -1.18366656 ], [ 129.838152984999965, -1.157128419 ], [ 129.853327072986048, -1.156348939651869 ], [ 129.865362673848381, -1.144523222568688 ], [ 129.881057420063939, -1.146648078645912 ] ], [ [ 129.864456178999944, -1.151844977999986 ], [ 129.869461062000028, -1.156151771999987 ], [ 129.870407107, -1.153518677000022 ], [ 129.864456178999944, -1.151844977999986 ] ] ], [ [ [ 129.657453018142263, -1.273901968301155 ], [ 129.657333918225845, -1.273936603891107 ], [ 129.6571525096806, -1.273604606567341 ], [ 129.657453018142263, -1.273901968301155 ] ] ], [ [ [ 129.657987564374707, -1.273306505590726 ], [ 129.65714313964429, -1.272422491804553 ], [ 129.657997664660542, -1.273188115239337 ], [ 129.657987564374707, -1.273306505590726 ] ] ], [ [ [ 129.66174966681379, -1.272838277164739 ], [ 129.66184633494052, -1.27271543516923 ], [ 129.661948169672286, -1.272794195995269 ], [ 129.66174966681379, -1.272838277164739 ] ] ], [ [ [ 129.662438691392595, -1.272610763076282 ], [ 129.662260433172492, -1.272596415292343 ], [ 129.662307620600245, -1.272440088839049 ], [ 129.662438691392595, -1.272610763076282 ] ] ], [ [ [ 129.663522315102824, -1.272318570645497 ], [ 129.663507173217567, -1.271930505088742 ], [ 129.663700288237806, -1.272023455418131 ], [ 129.663522315102824, -1.272318570645497 ] ] ], [ [ [ 129.656953164157215, -1.271817370375322 ], [ 129.657174091611068, -1.272236048854586 ], [ 129.656936625624809, -1.272176529922936 ], [ 129.656953164157215, -1.271817370375322 ] ] ], [ [ [ 129.657035880201818, -1.271584640218931 ], [ 129.657022600812411, -1.271678700311712 ], [ 129.656695032649765, -1.271705896709735 ], [ 129.657035880201818, -1.271584640218931 ] ] ], [ [ [ 129.656323360834477, -1.271423190327964 ], [ 129.656403905016305, -1.271280782681933 ], [ 129.65653439124921, -1.271358505690495 ], [ 129.656323360834477, -1.271423190327964 ] ] ], [ [ [ 129.657090678591999, -1.271227469072405 ], [ 129.65721079024587, -1.271141956136384 ], [ 129.657238855388954, -1.271249676931069 ], [ 129.657090678591999, -1.271227469072405 ] ] ], [ [ [ 129.662463171837999, -1.27094135965598 ], [ 129.662799992225928, -1.270881100582338 ], [ 129.662712080797917, -1.271136490056884 ], [ 129.662463171837999, -1.27094135965598 ] ] ], [ [ [ 129.657179965083429, -1.271025928303976 ], [ 129.657284825134639, -1.27092600013477 ], [ 129.657307880154576, -1.271048296241878 ], [ 129.657179965083429, -1.271025928303976 ] ] ], [ [ [ 129.656185030714681, -1.271212220167778 ], [ 129.655735385879439, -1.271345167845178 ], [ 129.655855111724151, -1.270422874416083 ], [ 129.656185030714681, -1.271212220167778 ] ] ], [ [ [ 129.657123627053807, -1.270795500412008 ], [ 129.657242306087596, -1.270712046923444 ], [ 129.657276852644685, -1.270761473663034 ], [ 129.657123627053807, -1.270795500412008 ] ] ], [ [ [ 129.656535409281815, -1.270767110613674 ], [ 129.656946189914891, -1.27051890042687 ], [ 129.656691060344144, -1.270912932985452 ], [ 129.656535409281815, -1.270767110613674 ] ] ], [ [ [ 129.663000567122623, -1.270535243806409 ], [ 129.662448317735794, -1.270584821632164 ], [ 129.662458033111761, -1.270156890927781 ], [ 129.663000567122623, -1.270535243806409 ] ] ], [ [ [ 129.664282419398234, -1.270440856360372 ], [ 129.6642362239227, -1.270262436262387 ], [ 129.664539560752246, -1.270221007193678 ], [ 129.664282419398234, -1.270440856360372 ] ] ], [ [ [ 129.656285090184809, -1.270399099938496 ], [ 129.656277705851494, -1.270233646265689 ], [ 129.656436052182102, -1.270416182560746 ], [ 129.656285090184809, -1.270399099938496 ] ] ], [ [ [ 129.656654305951577, -1.270273923302861 ], [ 129.656690494670698, -1.270340420074328 ], [ 129.656455010790211, -1.270324439121501 ], [ 129.656654305951577, -1.270273923302861 ] ] ], [ [ [ 129.658003291718671, -1.269922830674025 ], [ 129.658183671439332, -1.270029637757558 ], [ 129.657911281180816, -1.270260412787755 ], [ 129.658003291718671, -1.269922830674025 ] ] ], [ [ [ 129.656612357974041, -1.269253124432096 ], [ 129.655950884125986, -1.269128055715202 ], [ 129.656424639785314, -1.268237267335964 ], [ 129.656612357974041, -1.269253124432096 ] ] ], [ [ [ 129.662729255150992, -1.268588367159401 ], [ 129.662453811694149, -1.268268778681142 ], [ 129.663309539104034, -1.268439935854287 ], [ 129.662729255150992, -1.268588367159401 ] ] ], [ [ [ 129.664327434963212, -1.268105028324312 ], [ 129.664289613075198, -1.268458168709513 ], [ 129.663771094560389, -1.26824977240903 ], [ 129.664327434963212, -1.268105028324312 ] ] ], [ [ [ 129.663442742188863, -1.267747084660181 ], [ 129.663599065044878, -1.267718309952054 ], [ 129.663670082708279, -1.268134478423471 ], [ 129.663442742188863, -1.267747084660181 ] ] ], [ [ [ 129.656742473686194, -1.263757309851959 ], [ 129.656325923902273, -1.263748609810472 ], [ 129.653284196408578, -1.26566414418488 ], [ 129.652411675058829, -1.268919275404206 ], [ 129.655100522970798, -1.273773189880783 ], [ 129.658070436001935, -1.274238359712504 ], [ 129.659797488663287, -1.271270103232608 ], [ 129.65815282289455, -1.274598861947945 ], [ 129.654651031020308, -1.274074010407228 ], [ 129.652408704598059, -1.272620611551917 ], [ 129.651781066842773, -1.269925656343945 ], [ 129.65301488273073, -1.265372379831492 ], [ 129.660993508743502, -1.259711888592735 ], [ 129.666684265766349, -1.262312362825307 ], [ 129.666966407373849, -1.268816701429559 ], [ 129.664009425694502, -1.275310811144964 ], [ 129.659372621049641, -1.273970859067846 ], [ 129.66332862721444, -1.274679298211018 ], [ 129.666692452294853, -1.268007897946083 ], [ 129.666035231340942, -1.265096921086078 ], [ 129.662182588755542, -1.261405247254293 ], [ 129.659107432562024, -1.261744749420584 ], [ 129.656742473686194, -1.263757309851959 ] ] ], [ [ [ 129.665533102970329, -1.267237350723166 ], [ 129.665453118166909, -1.267574668436216 ], [ 129.665103358333397, -1.267346889946991 ], [ 129.665533102970329, -1.267237350723166 ] ] ], [ [ [ 129.662195459852711, -1.267432535083396 ], [ 129.662260508715548, -1.267310372075952 ], [ 129.662327031567315, -1.26734969673104 ], [ 129.662195459852711, -1.267432535083396 ] ] ], [ [ [ 129.663226480417819, -1.267580650726435 ], [ 129.662952301407728, -1.268311417338014 ], [ 129.662787768640669, -1.26734244279954 ], [ 129.661361112925078, -1.26617965356815 ], [ 129.663226480417819, -1.267580650726435 ] ] ], [ [ [ 129.661764522714634, -1.267081498212535 ], [ 129.661952397385306, -1.267087577629594 ], [ 129.661765422936071, -1.26719967992131 ], [ 129.661764522714634, -1.267081498212535 ] ] ], [ [ [ 129.664265399728492, -1.26691279438989 ], [ 129.664925174757059, -1.2667974797199 ], [ 129.66435995714636, -1.267335857064117 ], [ 129.664265399728492, -1.26691279438989 ] ] ], [ [ [ 129.656004785892236, -1.267011200006879 ], [ 129.656071269173879, -1.266791888634705 ], [ 129.65648010637193, -1.26694804871344 ], [ 129.656004785892236, -1.267011200006879 ] ] ], [ [ [ 129.661692461837646, -1.266580168439996 ], [ 129.66177024600006, -1.266883184211492 ], [ 129.661429605292142, -1.266876479765694 ], [ 129.661692461837646, -1.266580168439996 ] ] ], [ [ [ 129.665540084407439, -1.26693442308517 ], [ 129.665218197262163, -1.266661837673594 ], [ 129.665460673371399, -1.266510893662792 ], [ 129.665540084407439, -1.26693442308517 ] ] ], [ [ [ 129.665907999754523, -1.266358445985466 ], [ 129.666221935993576, -1.266541433740192 ], [ 129.665909560977497, -1.266460921933993 ], [ 129.665907999754523, -1.266358445985466 ] ] ], [ [ [ 129.656356838097651, -1.266153774676942 ], [ 129.656091112714819, -1.265411532716071 ], [ 129.657232730106443, -1.265766328753065 ], [ 129.656356838097651, -1.266153774676942 ] ] ], [ [ [ 129.657366186800147, -1.265151676308834 ], [ 129.656961175318088, -1.265350939094484 ], [ 129.657022555846311, -1.264780557576644 ], [ 129.657366186800147, -1.265151676308834 ] ] ], [ [ [ 129.657525409969736, -1.264855072703424 ], [ 129.657583970224067, -1.264970202113075 ], [ 129.657378435566415, -1.264932095140031 ], [ 129.657525409969736, -1.264855072703424 ] ] ], [ [ [ 129.661739793157039, -1.264831029328489 ], [ 129.660218785069048, -1.26447600756166 ], [ 129.660170505864215, -1.263800256076935 ], [ 129.661739793157039, -1.264831029328489 ] ] ], [ [ [ 129.657507836317677, -1.263998433381014 ], [ 129.657050057114532, -1.263719546419933 ], [ 129.657883038871233, -1.263475656576235 ], [ 129.657507836317677, -1.263998433381014 ] ] ], [ [ [ 129.658366466739096, -1.263210227969585 ], [ 129.658807672336252, -1.263096208323327 ], [ 129.658829937751534, -1.263339878732422 ], [ 129.658366466739096, -1.263210227969585 ] ] ], [ [ [ 129.659039740591709, -1.263062984669011 ], [ 129.658449455278173, -1.262807203089894 ], [ 129.658581189770189, -1.262557724859109 ], [ 129.659039740591709, -1.263062984669011 ] ] ], [ [ [ 129.671704105160359, -1.255511874773157 ], [ 129.670813271815064, -1.257991838952149 ], [ 129.666904361347292, -1.255421141272622 ], [ 129.671704105160359, -1.255511874773157 ] ] ], [ [ [ 129.786834665987158, -1.246318490405956 ], [ 129.78737494000157, -1.246294476708703 ], [ 129.786798648139239, -1.247014842660837 ], [ 129.786834665987158, -1.246318490405956 ] ] ], [ [ [ 129.647676769667243, -1.227458359015992 ], [ 129.653936900967324, -1.233181702973246 ], [ 129.648169543289839, -1.236610851209813 ], [ 129.647676769667243, -1.227458359015992 ] ] ], [ [ [ 129.806418728241681, -1.229113357095729 ], [ 129.806619173636022, -1.229403603393569 ], [ 129.806196215283251, -1.229445154770042 ], [ 129.806418728241681, -1.229113357095729 ] ] ], [ [ [ 129.832189958000185, -1.218416666895644 ], [ 129.833712813295733, -1.217788488647825 ], [ 129.833693778245305, -1.218264381096295 ], [ 129.832189958000185, -1.218416666895644 ] ] ], [ [ [ 129.647475072416682, -1.214378942933886 ], [ 129.64918180939307, -1.200996722420827 ], [ 129.654741840963226, -1.21538928538723 ], [ 129.647475072416682, -1.214378942933886 ] ] ], [ [ [ 129.689413339054454, -1.192826761146121 ], [ 129.689623196753246, -1.192972564632116 ], [ 129.68940737295199, -1.193116957981216 ], [ 129.689413339054454, -1.192826761146121 ] ] ], [ [ [ 129.673051289585374, -1.189792263302275 ], [ 129.673153279000672, -1.18980057933325 ], [ 129.673053377811243, -1.189877074767148 ], [ 129.673051289585374, -1.189792263302275 ] ] ], [ [ [ 129.673212229560846, -1.188900667331888 ], [ 129.673330397779807, -1.188836480019534 ], [ 129.673382716739098, -1.188982814105538 ], [ 129.673212229560846, -1.188900667331888 ] ] ], [ [ [ 129.672570940096932, -1.187707147366895 ], [ 129.672758722137331, -1.187794897816202 ], [ 129.672558435023745, -1.187843355986034 ], [ 129.672570940096932, -1.187707147366895 ] ] ] ] } },
{ "type": "Feature", "properties": { "NAME": "Torobi", "DESIG_ENG": "Nature Reserve", "IUCN_CAT": "Ia", "STATUS": "Designated", "STATUS_YR": 0, "GIS_AREA": 23.245961294224301 }, "geometry": { "type": "MultiPolygon", "coordinates": [ [ [ [ 129.715875439, -1.198724793 ], [ 129.699361625764226, -1.206692137060064 ], [ 129.681835432059671, -1.204558367774405 ], [ 129.67378746199995, -1.198629649999987 ], [ 129.669983282102919, -1.189293541563702 ], [ 129.671336476697064, -1.183161789384984 ], [ 129.688653009928572, -1.204982244335101 ], [ 129.708311345999959, -1.201941268999974 ], [ 129.692654022000056, -1.197974741999985 ], [ 129.685029453446504, -1.177534340137681 ], [ 129.680221175067231, -1.184008843733158 ], [ 129.681247625277763, -1.17810435113484 ], [ 129.672984073356332, -1.178931046630455 ], [ 129.706135464, -1.162795284000026 ], [ 129.746414018792024, -1.158280726574207 ], [ 129.715875439, -1.198724793 ] ] ], [ [ [ 129.686834225541901, -1.197070563249462 ], [ 129.686908632171651, -1.197067228196913 ], [ 129.687128246543551, -1.197135593693838 ], [ 129.686834225541901, -1.197070563249462 ] ] ] ] } },
{ "type": "Feature", "properties": { "NAME": "Pegunungan Tamrau Selatan", "DESIG_ENG": "Nature Reserve", "IUCN_CAT": "Ia", "STATUS": "Designated", "STATUS_YR": 0, "GIS_AREA": 4750.9958280731298 }, "geometry": { "type": "MultiPolygon", "coordinates": [ [ [ [ 133.623343973000033, -1.051282502 ], [ 133.623565674000019, -1.051367283 ], [ 133.623151759000052, -1.051262765 ], [ 133.623343973000033, -1.051282502 ] ] ], [ [ [ 133.618059274999951, -1.051304886000025 ], [ 133.617769395999971, -1.050688349999973 ], [ 133.62128924700005, -1.051025245 ], [ 133.618059274999951, -1.051304886000025 ] ] ], [ [ [ 133.640853881999988, -1.041359781999972 ], [ 133.640173900000036, -1.041401034999978 ], [ 133.641099118000056, -1.041225035000025 ], [ 133.640853881999988, -1.041359781999972 ] ] ], [ [ [ 133.645126344, -1.039207934 ], [ 133.645181077999951, -1.038101875 ], [ 133.647091808000027, -1.037581215999978 ], [ 133.645126344, -1.039207934 ] ] ], [ [ [ 133.651016236000032, -1.037487387999988 ], [ 133.650989645999971, -1.03748737799998 ], [ 133.651038587000016, -1.037451341 ], [ 133.651016236000032, -1.037487387999988 ] ] ], [ [ [ 133.668109440999956, -1.024995779 ], [ 133.668508979999956, -1.024816288000011 ], [ 133.668411256000013, -1.024895071 ], [ 133.668109440999956, -1.024995779 ] ] ], [ [ [ 133.686965942000029, -1.009933709999984 ], [ 133.686670647000028, -1.009933600000011 ], [ 133.68794282500005, -1.009699072999979 ], [ 133.686965942000029, -1.009933709999984 ] ] ], [ [ [ 133.399200693000012, -0.919634047999978 ], [ 133.39871079, -0.919640926 ], [ 133.398843553, -0.919477973000028 ], [ 133.399200693000012, -0.919634047999978 ] ] ], [ [ [ 133.394966762999957, -0.919648294000012 ], [ 133.394154982000032, -0.919609165999987 ], [ 133.393895870000051, -0.919053882000014 ], [ 133.394966762999957, -0.919648294000012 ] ] ], [ [ [ 133.394598777000056, -0.917286225999987 ], [ 133.393960897000056, -0.916846549000013 ], [ 133.394465653, -0.916526213999987 ], [ 133.394598777000056, -0.917286225999987 ] ] ], [ [ [ 133.383383633, -0.885477095999988 ], [ 133.382702775999974, -0.886009198000011 ], [ 133.382441720999964, -0.885702277 ], [ 133.383383633, -0.885477095999988 ] ] ], [ [ [ 133.461661715, -0.816007215000013 ], [ 133.474785990999976, -0.824256827 ], [ 133.470096808999983, -0.832625332000021 ], [ 133.473408273000018, -0.847800082999981 ], [ 133.474478947999955, -0.849112214 ], [ 133.476155202999962, -0.849950271000012 ], [ 133.474949733000017, -0.825475953000023 ], [ 133.478289417000042, -0.833129824000025 ], [ 133.580150630000048, -0.845276215000013 ], [ 133.595719469999949, -0.851768575999984 ], [ 133.598231606000013, -0.858509433999984 ], [ 133.602100095999958, -0.861779862 ], [ 133.603607389, -0.868458165999982 ], [ 133.603123504999985, -0.862494219999974 ], [ 133.598511669, -0.858235197999988 ], [ 133.597134729, -0.855446793 ], [ 133.598375896999983, -0.850702152999986 ], [ 133.605303144, -0.863917421999986 ], [ 133.625645018, -0.872802272 ], [ 133.635848417000034, -0.900800867999976 ], [ 133.654183415000034, -0.902418066 ], [ 133.6640625, -0.91322857 ], [ 133.672546388, -0.944026469999983 ], [ 133.712005617000045, -0.998528421 ], [ 133.685363769999981, -1.009933112999988 ], [ 133.637313843000015, -1.042821286999981 ], [ 133.631164551999973, -1.050832151 ], [ 133.617622235999988, -1.050493264000011 ], [ 133.600206756000034, -1.058890669 ], [ 133.553824062999979, -1.111536593999972 ], [ 133.551081084999964, -1.153975391000017 ], [ 133.600523571000053, -1.204608527 ], [ 133.582115077000026, -1.238368448000017 ], [ 133.552332762999981, -1.249356560000024 ], [ 133.55277546800005, -1.331700599999976 ], [ 133.571307951999984, -1.355034769999975 ], [ 133.574912429000051, -1.385729229 ], [ 133.558746101999986, -1.424879232000023 ], [ 133.547561646999952, -1.495471356999985 ], [ 133.536682129000042, -1.497976661 ], [ 133.52430232200004, -1.486253456999975 ], [ 133.497637496000038, -1.505451376 ], [ 133.489453913000034, -1.498456768999972 ], [ 133.461401595999973, -1.513205957000025 ], [ 133.454160548, -1.506140730000027 ], [ 133.441556548999984, -1.512169858 ], [ 133.429919796000036, -1.488635939 ], [ 133.389022805999957, -1.465940488 ], [ 133.380336508000028, -1.447634444000016 ], [ 133.355047764, -1.445804748 ], [ 133.343200524000054, -1.427589566999984 ], [ 133.328199531999985, -1.431317447000026 ], [ 133.317425229000037, -1.397428198999989 ], [ 133.303650802, -1.401977504 ], [ 133.277752169999985, -1.394806155000026 ], [ 133.262732727999946, -1.403619260000028 ], [ 133.231175112999949, -1.395297729999982 ], [ 133.19223600700002, -1.425795461 ], [ 133.17957374599996, -1.399145404000024 ], [ 133.165846421999959, -1.399574969000014 ], [ 133.174530692999951, -1.414112666 ], [ 133.163888935000045, -1.420030284 ], [ 133.141859851000049, -1.41433731 ], [ 133.125507436000021, -1.404797773999974 ], [ 133.121601126999963, -1.365166136000028 ], [ 133.109468253000045, -1.355455909999989 ], [ 133.140021313000034, -1.359566455999982 ], [ 133.16583214800005, -1.336577557999988 ], [ 133.162739178000038, -1.317658372999972 ], [ 133.135986010000011, -1.305347238000024 ], [ 133.11835930999996, -1.306448572000022 ], [ 133.104216321999957, -1.297335789999977 ], [ 133.088061567999944, -1.304939506999972 ], [ 133.076659857999971, -1.29143265099998 ], [ 133.050688344000037, -1.305251175000024 ], [ 133.032425976000013, -1.294184800999972 ], [ 133.021923529, -1.311760690000028 ], [ 132.995231698999987, -1.303380796999988 ], [ 132.973743227, -1.327355179999984 ], [ 132.956548404000046, -1.328703029999986 ], [ 132.930641389000016, -1.302461428000015 ], [ 132.91215769400003, -1.301053068999977 ], [ 132.902394986, -1.316553688999988 ], [ 132.853153325999983, -1.281408926999973 ], [ 132.827030978000039, -1.29485179 ], [ 132.802553040000021, -1.326991335 ], [ 132.784992451999983, -1.326696986 ], [ 132.762933807999957, -1.301048117999983 ], [ 132.743841374, -1.294933386000025 ], [ 132.735503182, -1.299568727 ], [ 132.727980700999979, -1.286097797000025 ], [ 132.718906166000011, -1.288937214999976 ], [ 132.710240943000031, -1.281129572 ], [ 132.726298638, -1.258787464000022 ], [ 132.705895848999944, -1.239662047000024 ], [ 132.701163894000047, -1.211182579000024 ], [ 132.706547634, -1.196206609 ], [ 132.755990168000039, -1.152583906000018 ], [ 132.781251534000035, -1.147775138999975 ], [ 132.780726544, -1.137291920999985 ], [ 132.758100513000045, -1.127740884 ], [ 132.759501500000056, -1.118662503 ], [ 132.775661369999966, -1.111989019000021 ], [ 132.784168757999964, -1.085004223 ], [ 132.779680256, -1.054790621999985 ], [ 132.792770691999976, -1.039282005000018 ], [ 132.801133765000031, -1.041186367000023 ], [ 132.816406659, -1.011646362000022 ], [ 132.848019411999985, -1.011956538 ], [ 132.861728028000016, -0.991040173999977 ], [ 132.857190188, -0.969822873999988 ], [ 132.864411344000018, -0.96235701400002 ], [ 132.894572241, -0.965240570999981 ], [ 132.904178753, -0.955617378 ], [ 132.939544555999987, -0.972198677 ], [ 132.968565450000028, -0.954820489999975 ], [ 132.993813792999958, -0.969619548000026 ], [ 133.02163786899996, -0.958856845000014 ], [ 133.070501020000052, -0.975463423 ], [ 133.109798596000019, -0.960961946999987 ], [ 133.168049215999986, -0.964180913 ], [ 133.195929751999984, -0.957643932 ], [ 133.22800607299996, -0.96691832 ], [ 133.229210299999977, -0.957940060999988 ], [ 133.241850985000042, -0.960330680000027 ], [ 133.244284175999951, -0.953984741 ], [ 133.254796725, -0.967892119 ], [ 133.259816815000022, -0.955416946000014 ], [ 133.294043941000041, -0.971999308000022 ], [ 133.313271314999952, -0.967364569999972 ], [ 133.31985136000003, -0.972755451000012 ], [ 133.317026594000026, -0.962226566000027 ], [ 133.297738494999976, -0.965282251000019 ], [ 133.296790267, -0.954506716000026 ], [ 133.281509503000052, -0.940658795 ], [ 133.275282858999958, -0.904274801999975 ], [ 133.290123215, -0.872916638999982 ], [ 133.320068744999958, -0.86800013200002 ], [ 133.321466439, -0.869323297999983 ], [ 133.322919407999962, -0.869461643000022 ], [ 133.323456121000049, -0.870485550000012 ], [ 133.328413138999963, -0.872382877 ], [ 133.330633462000037, -0.875790032 ], [ 133.332328955999969, -0.875716618000013 ], [ 133.332683708, -0.875365918 ], [ 133.333059112, -0.874060077000024 ], [ 133.335370326999964, -0.87524384 ], [ 133.336727980999967, -0.874601809000012 ], [ 133.337418735000028, -0.877283259000023 ], [ 133.338812007, -0.878997194000021 ], [ 133.341774107, -0.880880304000016 ], [ 133.342838133999976, -0.880260288999978 ], [ 133.34328711, -0.879426174 ], [ 133.343175353, -0.876928846999988 ], [ 133.347495882999965, -0.87937258 ], [ 133.352119744999982, -0.87976426 ], [ 133.352964178999969, -0.87942922000002 ], [ 133.35432885299997, -0.877613079000014 ], [ 133.355064966999976, -0.877500478 ], [ 133.355453510999951, -0.878094439999984 ], [ 133.357153125999957, -0.87894099 ], [ 133.358180773999948, -0.880269708000014 ], [ 133.35919731599995, -0.880181404999973 ], [ 133.360011024999949, -0.88137341800001 ], [ 133.362376081999969, -0.883548803 ], [ 133.393704169999978, -0.891525075 ], [ 133.392268534999971, -0.911593380999989 ], [ 133.393868296000051, -0.919357069 ], [ 133.411612218999949, -0.944126972 ], [ 133.416982089000044, -0.948349064000013 ], [ 133.418389688000047, -0.948345913000026 ], [ 133.419161112999973, -0.947402265 ], [ 133.420322146999979, -0.947522837 ], [ 133.421223184000041, -0.945624307 ], [ 133.422277871, -0.945962947999988 ], [ 133.423791083999959, -0.944721314999981 ], [ 133.424656487999982, -0.945231503 ], [ 133.425237251, -0.945229055000027 ], [ 133.42755752000005, -0.943329201999973 ], [ 133.429620129999989, -0.943431621 ], [ 133.430362563000017, -0.945610709 ], [ 133.436602376999986, -0.94825268 ], [ 133.441361102999963, -0.946907152 ], [ 133.442855363000035, -0.945637852 ], [ 133.443474855999966, -0.946274435000021 ], [ 133.445169515999964, -0.94676626 ], [ 133.44711767299998, -0.946687216999976 ], [ 133.447820536999984, -0.948576471000024 ], [ 133.448716698999988, -0.94906912 ], [ 133.45023090799998, -0.948651230999985 ], [ 133.452035387000024, -0.954480374000013 ], [ 133.453639223999971, -0.954986540999982 ], [ 133.453293543999962, -0.958943682999973 ], [ 133.45400306, -0.959195255999987 ], [ 133.454745617999947, -0.962358570999982 ], [ 133.455719779999981, -0.963331117 ], [ 133.455595932000051, -0.964530110999988 ], [ 133.454348901, -0.965144125 ], [ 133.452490431, -0.969517398 ], [ 133.452848734999975, -0.97026738 ], [ 133.453921734, -0.970729975999973 ], [ 133.453579158000025, -0.972418671000014 ], [ 133.453914208000015, -0.973507331 ], [ 133.453594351, -0.974570167000024 ], [ 133.45466589900002, -0.975101479999978 ], [ 133.455950791999953, -0.963198302000023 ], [ 133.453889066999977, -0.955071342 ], [ 133.450367429000039, -0.948550344000012 ], [ 133.448661292, -0.948824221 ], [ 133.447208116999946, -0.946415587 ], [ 133.442861036999943, -0.945466001999989 ], [ 133.436668399000041, -0.94808290200001 ], [ 133.42943057399998, -0.943094153 ], [ 133.426426011, -0.943161303000011 ], [ 133.425354078000055, -0.94496669199998 ], [ 133.42350219399998, -0.944508029000019 ], [ 133.420820932999959, -0.945637834000024 ], [ 133.420044545999986, -0.947277712000016 ], [ 133.418851012, -0.947345797000025 ], [ 133.418322967999984, -0.948129988 ], [ 133.417037855999979, -0.948112929 ], [ 133.411665227999947, -0.943768636000016 ], [ 133.406993195000041, -0.928798745 ], [ 133.39966377899998, -0.923228193999989 ], [ 133.399710860000027, -0.92012379800002 ], [ 133.397980548999953, -0.918314378 ], [ 133.393929267999965, -0.918663815 ], [ 133.394745723000028, -0.917125767000016 ], [ 133.394897367999988, -0.913414736 ], [ 133.392491908000011, -0.911765718000026 ], [ 133.393876670000054, -0.89127106799998 ], [ 133.378567044999954, -0.882730874 ], [ 133.362635327000021, -0.883322873999987 ], [ 133.359438038, -0.880038180999975 ], [ 133.355197748000023, -0.877387049 ], [ 133.343122318000042, -0.876688936 ], [ 133.341803363000054, -0.880631087999973 ], [ 133.336797607, -0.874477727999988 ], [ 133.333051878999981, -0.873918996999976 ], [ 133.331040119000022, -0.875588473 ], [ 133.328200450000054, -0.872026877999986 ], [ 133.320455727999956, -0.867930942999976 ], [ 133.319443660000047, -0.867954353000016 ], [ 133.329899240000032, -0.863459851000016 ], [ 133.364578973, -0.879068487999973 ], [ 133.39388192399997, -0.873793859999978 ], [ 133.399250836999954, -0.864520281000011 ], [ 133.385259121, -0.85728038100001 ], [ 133.413188040000023, -0.837541859 ], [ 133.422893724, -0.83926214600001 ], [ 133.419754502000046, -0.843278544999976 ], [ 133.433875725, -0.838384087 ], [ 133.438864758000022, -0.823755114 ], [ 133.461661715, -0.816007215000013 ] ], [ [ 133.470997618945006, -0.927671738160202 ], [ 133.470975458849864, -0.927559243665231 ], [ 133.467519087136168, -0.943080497267085 ], [ 133.470997618945006, -0.927671738160202 ] ], [ [ 133.433448070871805, -1.17425916572787 ], [ 133.423410885004387, -1.14467616936969 ], [ 133.430883954508346, -1.175938917621655 ], [ 133.433448070871805, -1.17425916572787 ] ], [ [ 133.408358387829367, -1.202736145256816 ], [ 133.408872360271289, -1.19035870668896 ], [ 133.408274211135307, -1.202723341233604 ], [ 133.408358387829367, -1.202736145256816 ] ], [ [ 133.394022979593728, -1.200555602271147 ], [ 133.40756443816656, -1.202615378457591 ], [ 133.395676524252309, -1.199551851836405 ], [ 133.394022979593728, -1.200555602271147 ] ], [ [ 133.368601329916288, -1.224077405899036 ], [ 133.392189933654464, -1.201668315283718 ], [ 133.38316643568254, -1.207145845004659 ], [ 133.368601329916288, -1.224077405899036 ] ], [ [ 133.367503213402614, -1.22512061272611 ], [ 133.367570703044805, -1.225056497803311 ], [ 133.33395698932361, -1.203968425102714 ], [ 133.367503213402614, -1.22512061272611 ] ] ] ] } },
{ "type": "Feature", "properties": { "NAME": "Klamono", "DESIG_ENG": "Nature Recreation Park", "IUCN_CAT": "V", "STATUS": "Designated", "STATUS_YR": 0, "GIS_AREA": 18.927115012914602 }, "geometry": { "type": "Polygon", "coordinates": [ [ [ 131.440840632, -1.064320518999978 ], [ 131.463591039, -1.085353429 ], [ 131.447733387999961, -1.126687795 ], [ 131.432826622, -1.119687474999978 ], [ 131.42422507699996, -1.093067782 ], [ 131.430149025999981, -1.067873953 ], [ 131.440840632, -1.064320518999978 ] ] ] } },
{ "type": "Feature", "properties": { "NAME": "Pulau Salawati Utara", "DESIG_ENG": "Nature Reserve", "IUCN_CAT": "Ia", "STATUS": "Designated", "STATUS_YR": 0, "GIS_AREA": 624.84108182482601 }, "geometry": { "type": "MultiPolygon", "coordinates": [ [ [ [ 131.03220639999995, -1.007408091 ], [ 131.033956988999989, -1.007940405 ], [ 131.032580525999947, -1.010171431 ], [ 131.032974986, -1.007980128999975 ], [ 131.03220639999995, -1.007408091 ] ] ], [ [ [ 131.035061971, -1.0039418 ], [ 131.034800153999981, -1.003631516999974 ], [ 131.035088811000037, -1.003434887000026 ], [ 131.035061971, -1.0039418 ] ] ], [ [ [ 131.034833919, -1.000050945999988 ], [ 131.03449083199996, -1.000074811 ], [ 131.034786804999953, -0.999611777999974 ], [ 131.034833919, -1.000050945999988 ] ] ], [ [ [ 131.040429193000023, -0.995002569 ], [ 131.04043278100005, -0.994984295999984 ], [ 131.040640237000048, -0.994937493 ], [ 131.040429193000023, -0.995002569 ] ] ], [ [ [ 131.045549840000035, -0.992979655 ], [ 131.043327360000035, -0.99302517000001 ], [ 131.042638742, -0.994570642999975 ], [ 131.042092979000017, -0.993286513999976 ], [ 131.043517686999962, -0.992335347999983 ], [ 131.043956506999962, -0.990562246000025 ], [ 131.045549840000035, -0.992979655 ] ] ], [ [ [ 131.049454494999964, -0.990844165999988 ], [ 131.046542941999974, -0.993987887 ], [ 131.046643729000039, -0.989374831000021 ], [ 131.049454494999964, -0.990844165999988 ] ] ], [ [ [ 130.797386054124274, -0.9150614639758 ], [ 130.796792101574312, -0.914646776927169 ], [ 130.797630013, -0.913189166999985 ], [ 130.797386054124274, -0.9150614639758 ] ] ], [ [ [ 130.901517485, -0.890636777999987 ], [ 130.915204378, -0.921351832000028 ], [ 130.923193267999977, -0.924019110000017 ], [ 130.92549764499995, -0.933372038000016 ], [ 130.939119319000042, -0.941075985 ], [ 130.937919799000042, -0.942061545 ], [ 130.937858379999966, -0.942964178000011 ], [ 130.938158118000047, -0.943509485 ], [ 130.939014502999953, -0.943214781999984 ], [ 130.939678353999966, -0.944148899000027 ], [ 130.938611347, -0.944867167999973 ], [ 130.938917156, -0.946176604000016 ], [ 130.938499056999945, -0.945278845000018 ], [ 130.937586322000016, -0.945273625000027 ], [ 130.936906058999966, -0.945573011000022 ], [ 130.936377240999946, -0.946542593 ], [ 130.935533741999961, -0.946308451999982 ], [ 130.935230011000044, -0.946413400999973 ], [ 130.933119324000018, -0.948283799000023 ], [ 130.932891039999959, -0.948748357 ], [ 130.932611744000042, -0.950329880000027 ], [ 130.933944103000044, -0.95155551 ], [ 130.932977543, -0.952233625000019 ], [ 130.932862139, -0.953148553 ], [ 130.932031055000039, -0.953407508999987 ], [ 130.931863153, -0.954203120999978 ], [ 130.931293904999961, -0.953520437 ], [ 130.930334206999987, -0.953586941000026 ], [ 130.929919696999946, -0.953966789999981 ], [ 130.929628052999988, -0.955050057999983 ], [ 130.929138831000046, -0.955232904000013 ], [ 130.92852059400002, -0.954118638000011 ], [ 130.92788986000005, -0.954116624999983 ], [ 130.923564403, -0.957626506999986 ], [ 130.923260735999975, -0.958557126000017 ], [ 130.922091342000044, -0.956497774000013 ], [ 130.919779313000049, -0.954673588 ], [ 130.919149293000032, -0.954973156 ], [ 130.919210207999981, -0.955658474000018 ], [ 130.918847716999949, -0.955667639000012 ], [ 130.917607049000026, -0.953768707999984 ], [ 130.916527084, -0.953034969999976 ], [ 130.915175902999977, -0.952831536000019 ], [ 130.912603370000056, -0.953841723999972 ], [ 130.912011933000031, -0.954652925 ], [ 130.911345889000017, -0.954193573 ], [ 130.910709054, -0.95402078799998 ], [ 130.909851117000017, -0.950017332000016 ], [ 130.909481376000031, -0.949850691 ], [ 130.908718817000022, -0.950000981000017 ], [ 130.910581406, -0.954067790000011 ], [ 130.912023482, -0.954762285000015 ], [ 130.916493653999964, -0.953138992 ], [ 130.918794844, -0.955763172 ], [ 130.921990280000045, -0.956556071000023 ], [ 130.923214853, -0.958692911000014 ], [ 130.927886469999976, -0.954239428 ], [ 130.928457386, -0.95420733200001 ], [ 130.928690643999971, -0.955108294000013 ], [ 130.929316678999953, -0.955320003999987 ], [ 130.92976249000003, -0.955047386 ], [ 130.930312341999979, -0.953717685000015 ], [ 130.931858085000044, -0.954331178000018 ], [ 130.932932987999948, -0.953233942999987 ], [ 130.93405111200002, -0.951578525 ], [ 130.933122391999973, -0.948470607 ], [ 130.936496575999968, -0.946590458 ], [ 130.937067449999972, -0.945597432999989 ], [ 130.938374071, -0.945345383000017 ], [ 130.938414788000046, -0.946195559999978 ], [ 130.938885306999964, -0.94631104299998 ], [ 130.939341966000029, -0.945976636000012 ], [ 130.939869877999968, -0.943988476000015 ], [ 130.938993789000051, -0.943002901999989 ], [ 130.938181027000041, -0.943228524 ], [ 130.938024488999986, -0.942555691 ], [ 130.93973091099997, -0.941099765 ], [ 130.959039956999959, -0.941654404000019 ], [ 130.984613404685007, -0.918210017678161 ], [ 130.99699251100003, -0.925318302999983 ], [ 131.008456109, -0.955374581 ], [ 131.03176900699998, -0.951699683000015 ], [ 131.047801166, -0.966334696 ], [ 131.052566015000025, -0.992783831999986 ], [ 131.046773365000035, -0.988852813 ], [ 131.046209521000037, -0.989470136000023 ], [ 131.046291035999957, -0.993769489999977 ], [ 131.043631551999965, -0.994360649999976 ], [ 131.045937920000028, -0.993125333000023 ], [ 131.044722173999958, -0.990421700000013 ], [ 131.043264703999967, -0.990423717 ], [ 131.034408266000014, -0.999622134 ], [ 131.034247539000035, -1.000211906 ], [ 131.035035536, -1.001235872999985 ], [ 131.034481996999943, -1.003588713999989 ], [ 131.035008855, -1.005480485000021 ], [ 131.031947971000022, -1.007315459999973 ], [ 131.032286827, -1.01063093 ], [ 131.031697043, -1.009337464999987 ], [ 131.031355986999984, -1.00952417100001 ], [ 131.030403588000013, -1.011247305999973 ], [ 131.030630781000013, -1.009945131999984 ], [ 131.030201942999952, -1.009384915 ], [ 131.029639283000051, -1.009299834999979 ], [ 131.029464788000041, -1.01090137 ], [ 131.028114093999989, -1.009947501 ], [ 131.027918924, -1.010355254 ], [ 131.028178954000055, -1.012012314 ], [ 131.026567311, -1.010987333 ], [ 131.026624853000044, -1.012970037 ], [ 131.025091190000012, -1.012883208 ], [ 131.024516573000028, -1.015255734 ], [ 131.022526023999944, -1.012540054999988 ], [ 131.022148508999976, -1.012758900999984 ], [ 131.021967219999965, -1.014156559000014 ], [ 131.021288073000051, -1.014003296999988 ], [ 131.021842344999982, -1.012116397 ], [ 131.021041259999947, -1.011072447 ], [ 131.018507008000029, -1.012607487000025 ], [ 131.020982595999953, -1.011163125999985 ], [ 131.021204666000017, -1.014068295000015 ], [ 131.024547005000045, -1.015442351 ], [ 131.028339136999989, -1.012226299000019 ], [ 131.028150253000035, -1.010230036999985 ], [ 131.030390292999982, -1.011462521999988 ], [ 131.031790291, -1.009613183 ], [ 131.024761465999973, -1.021111233 ], [ 130.991836446999969, -1.033200701 ], [ 130.951777944000014, -1.036630789000014 ], [ 130.897167610999986, -1.057965790000026 ], [ 130.821031489, -1.058745566000027 ], [ 130.788645507999945, -1.082993827999985 ], [ 130.733516061000046, -1.160600816 ], [ 130.70671779099996, -1.142640976 ], [ 130.698285735398457, -1.11876096624553 ], [ 130.680728060641059, -1.108740903204212 ], [ 130.690239452000014, -1.09790575300002 ], [ 130.718253746999949, -1.096737991 ], [ 130.722024307999959, -1.085903284999972 ], [ 130.723988707999979, -1.086297054 ], [ 130.722729855000011, -1.087511125999981 ], [ 130.723000317000015, -1.088378807000026 ], [ 130.723610904, -1.088724872 ], [ 130.726910409999959, -1.088566497999977 ], [ 130.728064405000055, -1.085636732000012 ], [ 130.728682828000046, -1.086524403 ], [ 130.729574884000044, -1.087162 ], [ 130.730454279000014, -1.087541710999972 ], [ 130.731030805000046, -1.087521411000012 ], [ 130.731458331999988, -1.087055389 ], [ 130.731494774, -1.086065453 ], [ 130.734094831999982, -1.086439142000017 ], [ 130.734725148000052, -1.086253420999981 ], [ 130.735435840000036, -1.085554693 ], [ 130.735385107999946, -1.084930059999976 ], [ 130.733452212999964, -1.084240181999974 ], [ 130.735037657000021, -1.083404083 ], [ 130.734214791, -1.082039878999979 ], [ 130.737747267000032, -1.08366450699998 ], [ 130.737964285999965, -1.083501995 ], [ 130.738018987000032, -1.082739332000017 ], [ 130.737713023999959, -1.081385576 ], [ 130.738026116000015, -1.080901165 ], [ 130.73843479300001, -1.080939752 ], [ 130.739230364000036, -1.082448982000017 ], [ 130.739921311999979, -1.082861391 ], [ 130.742509723000012, -1.079537260999984 ], [ 130.742301700999974, -1.080386933 ], [ 130.743672971000024, -1.080529112000022 ], [ 130.742990491, -1.080957297999987 ], [ 130.743118295000045, -1.081229791 ], [ 130.74413650300005, -1.081560513 ], [ 130.744731336999962, -1.081546034999974 ], [ 130.745025100000021, -1.081247932 ], [ 130.745006707000016, -1.080549799999972 ], [ 130.745376057000044, -1.080431665 ], [ 130.746992108999962, -1.082449266000026 ], [ 130.747509154, -1.08282191 ], [ 130.747846095, -1.08283923099998 ], [ 130.748385634999977, -1.082518919999984 ], [ 130.748946893000038, -1.081895846 ], [ 130.749046528, -1.081191416000024 ], [ 130.748890108999944, -1.080884758000025 ], [ 130.748611775999962, -1.080766129999972 ], [ 130.747698550999985, -1.08114636800002 ], [ 130.747304035999946, -1.08051057 ], [ 130.751249635000022, -1.079709359999981 ], [ 130.751633467000033, -1.079290824999987 ], [ 130.752399126, -1.077811501999975 ], [ 130.751696873000014, -1.074863547 ], [ 130.752324187999989, -1.077775383000017 ], [ 130.747244912000042, -1.080451283 ], [ 130.747915077000016, -1.082717345 ], [ 130.745399236000026, -1.080351440000015 ], [ 130.743161332999989, -1.081158543000015 ], [ 130.743757590999962, -1.08051078699998 ], [ 130.742401031999975, -1.079411445 ], [ 130.734127135, -1.081917884 ], [ 130.733290771000043, -1.084215226000026 ], [ 130.734652149999988, -1.086125286000026 ], [ 130.728028655, -1.08549216199998 ], [ 130.726607383999976, -1.088496308 ], [ 130.723071341000036, -1.085435297 ], [ 130.722266995000041, -1.085576145 ], [ 130.72150314199996, -1.086143427000025 ], [ 130.721121233999952, -1.087787948000027 ], [ 130.718762847999983, -1.087937769 ], [ 130.715428634999967, -1.084519046000025 ], [ 130.706715889108494, -1.086112342502922 ], [ 130.717860711999947, -1.081223296000019 ], [ 130.717514701770625, -1.077318935531625 ], [ 130.719780962999948, -1.07674328500002 ], [ 130.720431631, -1.075366761 ], [ 130.721158018999972, -1.075418219000028 ], [ 130.720856019000053, -1.076361351 ], [ 130.721140777999949, -1.076524310000025 ], [ 130.723151886999972, -1.075971515 ], [ 130.723281177, -1.075760355999989 ], [ 130.723199475, -1.075413804999982 ], [ 130.70188321948865, -1.06897389970837 ], [ 130.708022071999949, -1.053038570000012 ], [ 130.690867619525989, -1.047776206102625 ], [ 130.6762136762203, -1.01272583832675 ], [ 130.653281037789782, -1.001607753694872 ], [ 130.63488538314769, -0.98038732037825 ], [ 130.641136622999966, -0.971576616999982 ], [ 130.635253941894746, -0.958755256611519 ], [ 130.657341681737563, -0.954066544159744 ], [ 130.666693897999949, -0.975414205 ], [ 130.737862729159644, -0.931210769930651 ], [ 130.761818644999948, -0.94374177200001 ], [ 130.772420535000037, -0.941429458000016 ], [ 130.790542956999957, -0.956840105000026 ], [ 130.780582957999968, -0.933779453 ], [ 130.798787418396444, -0.914977187862241 ], [ 130.826596491000032, -0.908945528 ], [ 130.832278477467725, -0.896514027106882 ], [ 130.853018605999978, -0.916929878000019 ], [ 130.863862157999961, -0.918094280999981 ], [ 130.901517485, -0.890636777999987 ] ], [ [ 130.738837200000034, -1.02182422300001 ], [ 130.733293301, -1.024394237000024 ], [ 130.732523998000033, -1.025493322999978 ], [ 130.730298081, -1.023953866 ], [ 130.727115598999944, -1.025501003999977 ], [ 130.722270644999981, -1.029175539999983 ], [ 130.719856390000018, -1.034773498 ], [ 130.718557216000022, -1.034631460000014 ], [ 130.713742829000012, -1.038868197 ], [ 130.720210270000052, -1.035296723999977 ], [ 130.727311344999976, -1.025720321 ], [ 130.732626243000027, -1.025742929999979 ], [ 130.738314730999946, -1.023573758999987 ], [ 130.739072996, -1.021844713 ], [ 130.743108818999985, -1.02252017 ], [ 130.743720007999968, -1.022375974 ], [ 130.743998096000041, -1.022172974 ], [ 130.739185905, -1.021624868 ], [ 130.738837200000034, -1.02182422300001 ] ] ], [ [ [ 130.705397651447583, -1.054629108876005 ], [ 130.705625460999954, -1.054690709 ], [ 130.705562470000018, -1.054766137 ], [ 130.705397651447583, -1.054629108876005 ] ] ] ] } },
{ "type": "Feature", "properties": { "NAME": "Sorong", "DESIG_ENG": "Nature Recreation Park", "IUCN_CAT": "V", "STATUS": "Designated", "STATUS_YR": 0, "GIS_AREA": 10.8009018373314 }, "geometry": { "type": "Polygon", "coordinates": [ [ [ 131.34986810700002, -0.902099496 ], [ 131.358281640999962, -0.946856364999974 ], [ 131.336789762999956, -0.947180550999974 ], [ 131.334625941000013, -0.917628003 ], [ 131.34986810700002, -0.902099496 ] ] ] } },
{ "type": "Feature", "properties": { "NAME": "Hutan Pendidikan Tuan Wowi", "DESIG_ENG": "Undesigned", "IUCN_CAT": "Not Reported", "STATUS": "Designated", "STATUS_YR": 0, "GIS_AREA": 90.858070785235299 }, "geometry": { "type": "Polygon", "coordinates": [ [ [ 133.946149680999952, -0.832054404000019 ], [ 133.956243116999985, -0.835646990999976 ], [ 133.955413723999982, -0.851899673 ], [ 133.966974401000016, -0.848857095000028 ], [ 133.973217473999966, -0.876450524 ], [ 133.984957469000051, -0.889092066999979 ], [ 133.979675136999958, -0.910281543999986 ], [ 133.971424684, -0.901481424999986 ], [ 133.958028246000026, -0.909921224000016 ], [ 133.95891824399996, -0.920108321999976 ], [ 133.971335560000057, -0.929372745000023 ], [ 133.961265591000029, -0.943206455 ], [ 133.968057067000018, -0.944297993000021 ], [ 133.965159879999987, -0.950616245999981 ], [ 133.953577640000049, -0.953935705 ], [ 133.938399118, -0.949001065 ], [ 133.923930206000023, -0.92442859 ], [ 133.92355609599997, -0.908658124999988 ], [ 133.90778633900004, -0.891139916999975 ], [ 133.877781366000022, -0.88361348 ], [ 133.852273069000034, -0.860400079999977 ], [ 133.858608226, -0.84773696100001 ], [ 133.874917499000048, -0.869367771999976 ], [ 133.884875695, -0.850450196 ], [ 133.898911910000038, -0.842210518 ], [ 133.909806287000038, -0.845264156999974 ], [ 133.946149680999952, -0.832054404000019 ] ], [ [ 133.917583068999988, -0.892388246 ], [ 133.918784387999949, -0.890517613999975 ], [ 133.918083987000045, -0.890354132000027 ], [ 133.917583068999988, -0.892388246 ] ] ] } },
{ "type": "Feature", "properties": { "NAME": "Gunung Meja", "DESIG_ENG": "Nature Recreation Park", "IUCN_CAT": "V", "STATUS": "Designated", "STATUS_YR": 0, "GIS_AREA": 4.6229895403141601 }, "geometry": { "type": "Polygon", "coordinates": [ [ [ 134.08511170700001, -0.842601838 ], [ 134.093168129, -0.856078439999976 ], [ 134.087901995000038, -0.870291920999989 ], [ 134.068422380000015, -0.846580024 ], [ 134.08511170700001, -0.842601838 ] ] ] } },
{ "type": "Feature", "properties": { "NAME": "Pulau Batanta Barat", "DESIG_ENG": "Nature Reserve", "IUCN_CAT": "Ia", "STATUS": "Designated", "STATUS_YR": 0, "GIS_AREA": 169.80625518220799 }, "geometry": { "type": "MultiPolygon", "coordinates": [ [ [ [ 130.520481036999968, -0.853427501999988 ], [ 130.52009129299995, -0.853559658999984 ], [ 130.519947336999962, -0.853161295 ], [ 130.520481036999968, -0.853427501999988 ] ] ], [ [ [ 130.636909824577259, -0.790934658969949 ], [ 130.636236137999958, -0.805498027 ], [ 130.649568521, -0.802274668 ], [ 130.642683033795038, -0.817932291941675 ], [ 130.663061696999989, -0.826359636 ], [ 130.666092917000014, -0.826645602999974 ], [ 130.667135140000028, -0.825883778 ], [ 130.66479269599995, -0.819116339 ], [ 130.673246704008648, -0.819519037260695 ], [ 130.676689808999981, -0.826298431 ], [ 130.677190051000025, -0.826597144 ], [ 130.678003521000051, -0.826707745000022 ], [ 130.693247660999987, -0.817949225 ], [ 130.686332762, -0.852446390000011 ], [ 130.671254305000048, -0.869558175 ], [ 130.677130466, -0.890324054000018 ], [ 130.650095257086662, -0.904206847244504 ], [ 130.610558394154594, -0.911937199642049 ], [ 130.597819082720946, -0.911124285801107 ], [ 130.597371175000035, -0.910271421 ], [ 130.597998859999961, -0.90980582200001 ], [ 130.598074228999963, -0.908513835 ], [ 130.597660621000045, -0.908119133000014 ], [ 130.597834731000034, -0.906568585 ], [ 130.597289219, -0.904781484000011 ], [ 130.596975957000041, -0.904070683999976 ], [ 130.597665657999983, -0.906430734000025 ], [ 130.597433971999976, -0.907581908 ], [ 130.597993136000014, -0.909392372000013 ], [ 130.597184319, -0.910290912999983 ], [ 130.597569376917107, -0.911108351713527 ], [ 130.561075913758657, -0.915046940229152 ], [ 130.552137452000011, -0.902606048 ], [ 130.553175806000013, -0.901994656 ], [ 130.557856456999957, -0.891824908 ], [ 130.562974715, -0.889247047000026 ], [ 130.561427665999986, -0.88936135199998 ], [ 130.557817140999987, -0.891399535 ], [ 130.554627866000033, -0.895917155 ], [ 130.551865088999989, -0.902398172 ], [ 130.552194855000039, -0.905459921999977 ], [ 130.535439599451763, -0.918555011244519 ], [ 130.524226873999964, -0.909431437000023 ], [ 130.507823796000025, -0.919457786 ], [ 130.525156275999962, -0.90295303900001 ], [ 130.519777000208478, -0.895170526298733 ], [ 130.51044532200001, -0.897731739999983 ], [ 130.509319247, -0.885088891 ], [ 130.526287755, -0.867080789999989 ], [ 130.533124831, -0.87070491999998 ], [ 130.536355338000021, -0.870821257999978 ], [ 130.539318650000041, -0.868515528999978 ], [ 130.540951883000048, -0.864569196 ], [ 130.550138093999976, -0.864454309 ], [ 130.552081518000023, -0.863387390000014 ], [ 130.552088866999952, -0.862102322999988 ], [ 130.555869703999974, -0.863782136999987 ], [ 130.558108363999963, -0.862706124999988 ], [ 130.560021655000014, -0.864331161 ], [ 130.566641338999943, -0.865707457999974 ], [ 130.572638840999957, -0.865229168999974 ], [ 130.573666731, -0.864833524 ], [ 130.552173053000047, -0.861841939999977 ], [ 130.540841672000056, -0.864349463 ], [ 130.536269844, -0.870606642999974 ], [ 130.527381978999983, -0.866461362 ], [ 130.526127458000019, -0.86698034 ], [ 130.525537190000023, -0.867807378 ], [ 130.521720939000033, -0.846842622 ], [ 130.550978515, -0.83672535 ], [ 130.556178710333398, -0.821087503404947 ], [ 130.586511769000026, -0.833225363999986 ], [ 130.608540078870845, -0.814814583796218 ], [ 130.614714776000028, -0.817151772999978 ], [ 130.636909824577259, -0.790934658969949 ] ] ], [ [ [ 130.664463149577131, -0.82615610648275 ], [ 130.664491291, -0.826232641 ], [ 130.664453987441675, -0.826359901612939 ], [ 130.664463149577131, -0.82615610648275 ] ] ] ] } },
{ "type": "Feature", "properties": { "NAME": "Pulau Supiori", "DESIG_ENG": "Nature Reserve", "IUCN_CAT": "Ia", "STATUS": "Designated", "STATUS_YR": 0, "GIS_AREA": 387.501404209491 }, "geometry": { "type": "MultiPolygon", "coordinates": [ [ [ [ 135.392301559999964, -0.63935852100002 ], [ 135.424833297999953, -0.657089233000022 ], [ 135.427301407999948, -0.650587082000015 ], [ 135.446424484999966, -0.642690658999982 ], [ 135.438870339394725, -0.667452729659695 ], [ 135.45116615500001, -0.658222197999976 ], [ 135.456762315999981, -0.650690079000015 ], [ 135.462430956000048, -0.648958205999975 ], [ 135.489786149999986, -0.663230896000016 ], [ 135.520297786000015, -0.696628079999982 ], [ 135.536231415999964, -0.703493499999979 ], [ 135.52084390899995, -0.726892697999972 ], [ 135.551760669000032, -0.744205202999979 ], [ 135.565501293000011, -0.714014569000028 ], [ 135.606650694999985, -0.739849100000015 ], [ 135.62659711799995, -0.730599650999977 ], [ 135.63155305600003, -0.738646916 ], [ 135.663473128999954, -0.745098113999973 ], [ 135.692033767999988, -0.729461669999978 ], [ 135.707899094000027, -0.736192702999972 ], [ 135.716337203999956, -0.723459244000026 ], [ 135.733602525000038, -0.742008209 ], [ 135.707422255999973, -0.788276672999984 ], [ 135.688837425999964, -0.801126792 ], [ 135.686633809999989, -0.807121361999975 ], [ 135.692572951999978, -0.807195560000025 ], [ 135.671026230000052, -0.836984635000022 ], [ 135.666004677000046, -0.858296472 ], [ 135.64118385300003, -0.882497786999977 ], [ 135.637038064999956, -0.867341352999972 ], [ 135.581859481000038, -0.829756909000025 ], [ 135.568021774000044, -0.805625916 ], [ 135.507883072000027, -0.771467210000026 ], [ 135.485509038771539, -0.753728271877817 ], [ 135.485569755000029, -0.745652357999973 ], [ 135.471430583654552, -0.739708587681159 ], [ 135.46565818800002, -0.758878708 ], [ 135.474562260440109, -0.776735158400848 ], [ 135.48954963999995, -0.792980193 ], [ 135.490483880000056, -0.801830766000023 ], [ 135.452764512000044, -0.774337769 ], [ 135.416288376000011, -0.73151207 ], [ 135.363740922000034, -0.637525558 ], [ 135.38387107799997, -0.625860214999989 ], [ 135.392301559999964, -0.63935852100002 ] ], [ [ 135.434512745, -0.655771171000026 ], [ 135.43605516599996, -0.648397667999973 ], [ 135.432871489000036, -0.649623971999972 ], [ 135.434512745, -0.655771171000026 ] ] ], [ [ [ 135.475293279694512, -0.776576936570731 ], [ 135.475246509618842, -0.776981597822429 ], [ 135.474940153765175, -0.776660370779419 ], [ 135.475293279694512, -0.776576936570731 ] ] ], [ [ [ 135.440922703819723, -0.665432588842846 ], [ 135.441431337885973, -0.665427835925852 ], [ 135.4409940083668, -0.665855629933359 ], [ 135.440922703819723, -0.665432588842846 ] ] ], [ [ [ 135.442670808710886, -0.6629333306087 ], [ 135.442651690023638, -0.662698110229526 ], [ 135.443012286687718, -0.662583858558202 ], [ 135.442670808710886, -0.6629333306087 ] ] ], [ [ [ 135.442913179599572, -0.662416615234568 ], [ 135.442838435145745, -0.662012672147055 ], [ 135.443427522562189, -0.661853617150681 ], [ 135.442913179599572, -0.662416615234568 ] ] ], [ [ [ 135.443949407239444, -0.66160252373742 ], [ 135.444840801761643, -0.661901256937464 ], [ 135.444173916692961, -0.662249818874022 ], [ 135.443949407239444, -0.66160252373742 ] ] ] ] } },
{ "type": "Feature", "properties": { "NAME": "Mubrani-Kaironi", "DESIG_ENG": "Wildlife Reserve", "IUCN_CAT": "Ia", "STATUS": "Designated", "STATUS_YR": 0, "GIS_AREA": 1.9156652142152 }, "geometry": { "type": "MultiPolygon", "coordinates": [ [ [ [ 133.462241877999986, -0.740006309000023 ], [ 133.46223228533438, -0.740003166304305 ], [ 133.46223962, -0.740004759999977 ], [ 133.462241877999986, -0.740006309000023 ] ] ], [ [ [ 133.462659268000039, -0.74128921 ], [ 133.501584692541485, -0.742394750223156 ], [ 133.52895601299997, -0.747942455999976 ], [ 133.541870116000041, -0.747759879 ], [ 133.521435340000039, -0.748336866999978 ], [ 133.462659268000039, -0.74128921 ] ] ], [ [ [ 133.414571061856378, -0.738793814132548 ], [ 133.411412442000028, -0.739400386 ], [ 133.411520979999977, -0.738782545999982 ], [ 133.414571061856378, -0.738793814132548 ] ] ], [ [ [ 133.566985487000011, -0.739978002999976 ], [ 133.543083724999974, -0.748041832000013 ], [ 133.56824894500005, -0.738248108 ], [ 133.566985487000011, -0.739978002999976 ] ] ], [ [ [ 133.568760275000045, -0.73820901800002 ], [ 133.56864752599995, -0.738099445999978 ], [ 133.569197762000044, -0.737918956999977 ], [ 133.568760275000045, -0.73820901800002 ] ] ], [ [ [ 133.441161280294153, -0.73946851226383 ], [ 133.461450233592075, -0.739983322584317 ], [ 133.462657930999967, -0.740719808 ], [ 133.441161280294153, -0.73946851226383 ] ] ], [ [ [ 133.440333165999959, -0.73946787 ], [ 133.43977681944807, -0.73943338306217 ], [ 133.440733908135769, -0.739457668155975 ], [ 133.440333165999959, -0.73946787 ] ] ], [ [ [ 133.570330679999984, -0.737187301 ], [ 133.568983379635569, -0.736312126141549 ], [ 133.56949200300005, -0.735665848999986 ], [ 133.570330679999984, -0.737187301 ] ] ] ] } },
{ "type": "Feature", "properties": { "NAME": "Biak Utara", "DESIG_ENG": "Nature Reserve", "IUCN_CAT": "Ia", "STATUS": "Designated", "STATUS_YR": 0, "GIS_AREA": 56.613858467342801 }, "geometry": { "type": "Polygon", "coordinates": [ [ [ 135.819052573175099, -0.692759434987458 ], [ 135.863714218000041, -0.707006455 ], [ 135.90637016300002, -0.759727478 ], [ 135.912748337000039, -0.779640197999981 ], [ 135.899953841999945, -0.78357887300001 ], [ 135.877702713999952, -0.763750077 ], [ 135.855669022000029, -0.770668031000014 ], [ 135.842370986999981, -0.755653381 ], [ 135.830705643999977, -0.754693986 ], [ 135.83300971999995, -0.743854522999982 ], [ 135.809007644999951, -0.727577209 ], [ 135.804731370000013, -0.710979463 ], [ 135.808637620000013, -0.696100235000017 ], [ 135.819052573175099, -0.692759434987458 ] ] ] } },
{ "type": "Feature", "properties": { "NAME": "Sidei Wibain", "DESIG_ENG": "Wildlife Reserve", "IUCN_CAT": "IV", "STATUS": "Designated", "STATUS_YR": 0, "GIS_AREA": 1.77303945946231 }, "geometry": { "type": "MultiPolygon", "coordinates": [ [ [ [ 133.719060994251237, -0.75189951039486 ], [ 133.719672764000052, -0.752188183999976 ], [ 133.718598118023266, -0.752237799128785 ], [ 133.719060994251237, -0.75189951039486 ] ] ], [ [ [ 133.716813350485722, -0.751876497115996 ], [ 133.716574498, -0.752065432999984 ], [ 133.712963788054452, -0.750886485066653 ], [ 133.716813350485722, -0.751876497115996 ] ] ], [ [ [ 133.732781057000011, -0.749395578000019 ], [ 133.731968381, -0.748643038000012 ], [ 133.731918334000056, -0.74847246600001 ], [ 133.732781057000011, -0.749395578000019 ] ] ], [ [ [ 133.73128633500005, -0.747052522 ], [ 133.722729524999977, -0.753345740999976 ], [ 133.716754818000027, -0.752200357999982 ], [ 133.71983147100002, -0.752436128 ], [ 133.73128633500005, -0.747052522 ] ] ], [ [ [ 133.70141579999995, -0.747922555 ], [ 133.701392621271992, -0.747910667751275 ], [ 133.701438870442985, -0.74792256189181 ], [ 133.70141579999995, -0.747922555 ] ] ], [ [ [ 133.697969684332236, -0.747030373204816 ], [ 133.695786924, -0.746842766999976 ], [ 133.694127603027198, -0.746042285115729 ], [ 133.697969684332236, -0.747030373204816 ] ] ], [ [ [ 133.627816582000037, -0.737260983999988 ], [ 133.630375985, -0.737784735 ], [ 133.626901729, -0.73866717300001 ], [ 133.627816582000037, -0.737260983999988 ] ] ], [ [ [ 133.630659002000016, -0.737130647000015 ], [ 133.655056703107135, -0.735994217993789 ], [ 133.668756698380406, -0.739517517235874 ], [ 133.630659002000016, -0.737130647000015 ] ] ], [ [ [ 133.676369427000054, -0.741499020999981 ], [ 133.676245081154093, -0.741443343692366 ], [ 133.676444401761643, -0.741494604012642 ], [ 133.676369427000054, -0.741499020999981 ] ] ], [ [ [ 133.578852895999944, -0.724200317999987 ], [ 133.612775186000022, -0.736426419999987 ], [ 133.62736951, -0.737152002000016 ], [ 133.578852895999944, -0.724200317999987 ] ] ] ] } },
{ "type": "Feature", "properties": { "NAME": "Supiori", "DESIG_ENG": "Nature Recreation Park", "IUCN_CAT": "Ia", "STATUS": "Designated", "STATUS_YR": 0, "GIS_AREA": 15.513282772457501 }, "geometry": { "type": "Polygon", "coordinates": [ [ [ 135.565374502000054, -0.717691527 ], [ 135.551760669000032, -0.744205202999979 ], [ 135.52084390899995, -0.726892697999972 ], [ 135.549588963000019, -0.694789865000018 ], [ 135.565374502000054, -0.717691527 ] ] ] } },
{ "type": "Feature", "properties": { "NAME": "Tamrau Utara", "DESIG_ENG": "Nature Reserve", "IUCN_CAT": "IV", "STATUS": "Designated", "STATUS_YR": 0, "GIS_AREA": 3556.42575873326 }, "geometry": { "type": "MultiPolygon", "coordinates": [ [ [ [ 132.890545281999948, -0.804382523000015 ], [ 132.892975193999973, -0.80619950800002 ], [ 132.89026939300004, -0.80888768 ], [ 132.890954527999952, -0.806505701 ], [ 132.890545281999948, -0.804382523000015 ] ] ], [ [ [ 132.889398469999946, -0.799302727 ], [ 132.889335897000024, -0.799366623000026 ], [ 132.889420808999944, -0.799218574 ], [ 132.889398469999946, -0.799302727 ] ] ], [ [ [ 132.887409409000043, -0.795818457 ], [ 132.886585552000042, -0.797753404 ], [ 132.883627459999957, -0.795594237999978 ], [ 132.887409409000043, -0.795818457 ] ] ], [ [ [ 132.875797448999947, -0.793474403 ], [ 132.875966573000028, -0.793595628999981 ], [ 132.875680000999978, -0.793474344 ], [ 132.875797448999947, -0.793474403 ] ] ], [ [ [ 132.799141161999955, -0.771525051000026 ], [ 132.797267378000015, -0.772174055999983 ], [ 132.796939908000013, -0.771895326999982 ], [ 132.799141161999955, -0.771525051000026 ] ] ], [ [ [ 132.27848581, -0.753327642999977 ], [ 132.274312110999972, -0.761742186999982 ], [ 132.251122011, -0.753565589 ], [ 132.271585373, -0.74952050600001 ], [ 132.27848581, -0.753327642999977 ] ] ], [ [ [ 132.460612209000033, -0.747902027 ], [ 132.460586768999974, -0.747596325000018 ], [ 132.460873312, -0.747398960999988 ], [ 132.460612209000033, -0.747902027 ] ] ], [ [ [ 132.273329607000051, -0.744353831000012 ], [ 132.274599663, -0.744436001999986 ], [ 132.274806953000052, -0.744488134999983 ], [ 132.273329607000051, -0.744353831000012 ] ] ], [ [ [ 132.416119023999954, -0.737921597000025 ], [ 132.415982973000041, -0.737784481 ], [ 132.416206440999986, -0.737733311 ], [ 132.416119023999954, -0.737921597000025 ] ] ], [ [ [ 132.387085787000046, -0.736151601000017 ], [ 132.386914808000029, -0.736311820000026 ], [ 132.387185433000013, -0.736020586 ], [ 132.387085787000046, -0.736151601000017 ] ] ], [ [ [ 132.404051768000045, -0.733945819999974 ], [ 132.403896143999987, -0.734193909 ], [ 132.40376095900001, -0.733975892999979 ], [ 132.404051768000045, -0.733945819999974 ] ] ], [ [ [ 132.387797113000033, -0.73515035600002 ], [ 132.387190802999953, -0.734289225999987 ], [ 132.387592325000014, -0.733602233 ], [ 132.387797113000033, -0.73515035600002 ] ] ], [ [ [ 132.40030725400004, -0.733476325000026 ], [ 132.400307551999958, -0.732963815 ], [ 132.400513782999951, -0.733095698999989 ], [ 132.40030725400004, -0.733476325000026 ] ] ], [ [ [ 132.395474154999988, -0.733473495 ], [ 132.39513054300005, -0.732508457999984 ], [ 132.39610644000004, -0.731030815999986 ], [ 132.395474154999988, -0.733473495 ] ] ], [ [ [ 132.214068195999971, -0.729794621999986 ], [ 132.224579633999952, -0.72709404 ], [ 132.228541566999979, -0.729223773 ], [ 132.229821203000029, -0.729489503000025 ], [ 132.230889786000034, -0.728892759000018 ], [ 132.232999322999945, -0.730696678000015 ], [ 132.253962903, -0.735052745000019 ], [ 132.255541070000049, -0.734330140999987 ], [ 132.257401136, -0.731662522000022 ], [ 132.261262643, -0.734771333000026 ], [ 132.263658143000043, -0.733091673 ], [ 132.263711713000021, -0.734310697000012 ], [ 132.264216409000028, -0.734900305999986 ], [ 132.264682622, -0.734854414999973 ], [ 132.264994466999951, -0.734155419999979 ], [ 132.266503263, -0.735184843000013 ], [ 132.26810601, -0.734811702 ], [ 132.268567466000036, -0.736239372999989 ], [ 132.270301266000047, -0.736484712 ], [ 132.270798949999971, -0.742091825999978 ], [ 132.271147414999973, -0.742727433000027 ], [ 132.27320252200002, -0.744342277999976 ], [ 132.214068195999971, -0.729794621999986 ] ] ], [ [ [ 132.220197540999948, -0.722127890000024 ], [ 132.216982982, -0.722770694000019 ], [ 132.219680163000021, -0.720178345000022 ], [ 132.220197540999948, -0.722127890000024 ] ] ], [ [ [ 133.285800986000027, -0.686110564999979 ], [ 133.286160426000038, -0.688433126 ], [ 133.28313828499995, -0.689154202999987 ], [ 133.285800986000027, -0.686110564999979 ] ] ], [ [ [ 132.097710959999972, -0.639685052 ], [ 132.097503631999984, -0.640307125999982 ], [ 132.096645804, -0.640022015 ], [ 132.095892232999972, -0.640254250999988 ], [ 132.097710959999972, -0.639685052 ] ] ], [ [ [ 132.09045632699997, -0.619221461999985 ], [ 132.098314427999981, -0.606179028999975 ], [ 132.100517180999987, -0.606448124999986 ], [ 132.101127030000043, -0.608386601 ], [ 132.10206601799996, -0.609317782 ], [ 132.102836101999969, -0.609375304000025 ], [ 132.102496453999947, -0.609727421 ], [ 132.101450441, -0.609365156000024 ], [ 132.100864281999975, -0.609617475 ], [ 132.100854363000053, -0.610041513 ], [ 132.102410212999985, -0.611369244 ], [ 132.099839392000035, -0.612050307 ], [ 132.099550143999977, -0.613313603 ], [ 132.100334574000044, -0.615899135 ], [ 132.102811421999945, -0.617541182000025 ], [ 132.10163516199998, -0.617529332 ], [ 132.101622948, -0.619196223000017 ], [ 132.100461591, -0.618354002999979 ], [ 132.098817457, -0.618628684999976 ], [ 132.098293442999989, -0.619642915999975 ], [ 132.098782518, -0.62196443900001 ], [ 132.101722261999953, -0.624350701000026 ], [ 132.09045632699997, -0.619221461999985 ] ] ], [ [ [ 132.632216945999971, -0.571174027999973 ], [ 132.631737824999959, -0.571379197999988 ], [ 132.631789248000018, -0.570467808999979 ], [ 132.632216945999971, -0.571174027999973 ] ] ], [ [ [ 133.103057955000054, -0.562232236 ], [ 133.102696465, -0.56239898299998 ], [ 133.102995638000039, -0.561670495999977 ], [ 133.103057955000054, -0.562232236 ] ] ], [ [ [ 132.525353814000027, -0.527866583 ], [ 132.524763399, -0.528313146000016 ], [ 132.524499029000026, -0.527782963 ], [ 132.525353814000027, -0.527866583 ] ] ], [ [ [ 132.52416356699996, -0.527781518999973 ], [ 132.523145668999973, -0.528666591 ], [ 132.52329691, -0.527897493000012 ], [ 132.52416356699996, -0.527781518999973 ] ] ], [ [ [ 132.54801375, -0.528883154000027 ], [ 132.547104605999948, -0.528430410999988 ], [ 132.547004433999973, -0.527476359 ], [ 132.54801375, -0.528883154000027 ] ] ], [ [ [ 132.520281195000052, -0.525598001999981 ], [ 132.519654923999951, -0.53024773300001 ], [ 132.517454965999946, -0.527361799 ], [ 132.520281195000052, -0.525598001999981 ] ] ], [ [ [ 133.017027110999948, -0.526090899999986 ], [ 133.014975689000039, -0.525186436000013 ], [ 133.017388640000036, -0.525262684999973 ], [ 133.017027110999948, -0.526090899999986 ] ] ], [ [ [ 132.54566875, -0.524238831 ], [ 132.545674467000026, -0.524293581999984 ], [ 132.545599381999978, -0.524212614000021 ], [ 132.54566875, -0.524238831 ] ] ], [ [ [ 132.562102205999963, -0.521636301 ], [ 132.560868960999983, -0.521822147000023 ], [ 132.560462418000043, -0.521602513 ], [ 132.562102205999963, -0.521636301 ] ] ], [ [ [ 132.509621477, -0.522629318999975 ], [ 132.519965294000031, -0.525231524 ], [ 132.5152809, -0.527583170000014 ], [ 132.509621477, -0.522629318999975 ] ] ], [ [ [ 132.581692462999968, -0.518999838000013 ], [ 132.581059979999964, -0.518898526999976 ], [ 132.581903878000048, -0.518903933 ], [ 132.581692462999968, -0.518999838000013 ] ] ], [ [ [ 132.573632303999943, -0.519922111000028 ], [ 132.572698960000025, -0.519754932000012 ], [ 132.57053207499996, -0.518300364000027 ], [ 132.573632303999943, -0.519922111000028 ] ] ], [ [ [ 132.579656741, -0.518303882999987 ], [ 132.579628347000039, -0.518412969 ], [ 132.579246125000054, -0.518240126000023 ], [ 132.579656741, -0.518303882999987 ] ] ], [ [ [ 132.924172160000012, -0.498494359 ], [ 132.922892452000042, -0.497729452999977 ], [ 132.924956444000031, -0.496654633 ], [ 132.924172160000012, -0.498494359 ] ] ], [ [ [ 132.943941421999966, -0.495758244 ], [ 132.943546562000051, -0.495318073000021 ], [ 132.944448525999974, -0.495620066000015 ], [ 132.943941421999966, -0.495758244 ] ] ], [ [ [ 132.943235441999946, -0.495038663 ], [ 132.940655012999969, -0.496877321999989 ], [ 132.941955330000042, -0.494503523999981 ], [ 132.943235441999946, -0.495038663 ] ] ], [ [ [ 132.920247325999981, -0.49029860600001 ], [ 132.924932105000039, -0.496376917000021 ], [ 132.922643503000018, -0.497761272 ], [ 132.911837653000021, -0.511489410000024 ], [ 132.909762985000043, -0.510824244 ], [ 132.906443553000031, -0.510711351999987 ], [ 132.903838923999956, -0.512251156 ], [ 132.902360560000034, -0.510685906999981 ], [ 132.903473637000047, -0.512146816999973 ], [ 132.904182517999971, -0.512509658 ], [ 132.908758104999947, -0.511336716000017 ], [ 132.903487284, -0.519106303 ], [ 132.903502384000035, -0.523084069 ], [ 132.896754243000032, -0.523619691000022 ], [ 132.896030957999983, -0.524075609000022 ], [ 132.895642400000042, -0.525452267 ], [ 132.895360793, -0.52472094 ], [ 132.895169514000031, -0.524567293000018 ], [ 132.894780804, -0.524546104000024 ], [ 132.893010518999972, -0.524955557 ], [ 132.89128013100003, -0.525999031000026 ], [ 132.889217842999983, -0.528135777999978 ], [ 132.888952875999962, -0.531828669999982 ], [ 132.885561818000042, -0.532434529999989 ], [ 132.88512047100005, -0.535360739 ], [ 132.883949805000043, -0.534252734 ], [ 132.883230191000052, -0.534238317000018 ], [ 132.881001087999948, -0.537462424000012 ], [ 132.879039613000032, -0.542509917000018 ], [ 132.879093028000057, -0.551144282 ], [ 132.880425325000033, -0.552980712000021 ], [ 132.879509593999956, -0.556519843999979 ], [ 132.880398397000022, -0.557920981 ], [ 132.883047155999975, -0.534796442000015 ], [ 132.885141985000018, -0.535665965000021 ], [ 132.889108961000034, -0.53205284500001 ], [ 132.89309384, -0.525104782000028 ], [ 132.895762796999975, -0.525652352 ], [ 132.897160908000046, -0.523885141 ], [ 132.89885933000005, -0.525518218 ], [ 132.90348751800002, -0.523499318 ], [ 132.923934720000034, -0.499294188000022 ], [ 132.922635387000014, -0.504723759 ], [ 132.934165724999957, -0.49869874 ], [ 132.932499355, -0.505885466 ], [ 132.935101663999944, -0.512536833000013 ], [ 132.933489753, -0.514068851 ], [ 132.932763384000054, -0.517969418 ], [ 132.933520387000044, -0.525800689 ], [ 132.936160806999965, -0.533119704 ], [ 132.935306927000056, -0.534554945000025 ], [ 132.935098297999957, -0.536952507000024 ], [ 132.933928687000048, -0.53917151600001 ], [ 132.934446676, -0.538730120000025 ], [ 132.935549152000021, -0.536247576 ], [ 132.935510928999975, -0.534499906 ], [ 132.936371510999948, -0.532977589999973 ], [ 132.933203297999967, -0.518064976 ], [ 132.93545744100004, -0.512414934999981 ], [ 132.93288893, -0.505749039000023 ], [ 132.944659824000041, -0.495733971 ], [ 132.954730070999972, -0.504935311999986 ], [ 132.971369607000042, -0.498438211 ], [ 132.989544615999989, -0.506536625000024 ], [ 132.996536075, -0.530817312000011 ], [ 133.011373274999983, -0.528744394 ], [ 133.009755917, -0.530602621000014 ], [ 133.00942674800001, -0.532984616000022 ], [ 133.007276853, -0.535041531 ], [ 133.006919671999981, -0.537474968000026 ], [ 133.005309397000019, -0.539318321 ], [ 133.005139755999949, -0.540377475000014 ], [ 133.005823311999961, -0.541404151999984 ], [ 133.004410493000023, -0.542378171 ], [ 133.004218757, -0.542772383 ], [ 133.002542568999957, -0.554163788999972 ], [ 133.003636454, -0.556040012999972 ], [ 133.002838485999973, -0.558680238000022 ], [ 133.004230662000055, -0.565720156 ], [ 133.012752384, -0.527636522000023 ], [ 133.062547869000014, -0.535247453000011 ], [ 133.071809618999964, -0.545634731 ], [ 133.069384112999956, -0.546660111999984 ], [ 133.064784027999963, -0.554774775 ], [ 133.072023535999961, -0.545834452 ], [ 133.085717908999982, -0.561064655999985 ], [ 133.090958698, -0.557603578 ], [ 133.100995901000033, -0.564431828000011 ], [ 133.119437012000049, -0.561558112 ], [ 133.138864242999944, -0.589434584 ], [ 133.142004059999977, -0.606571926000015 ], [ 133.140593334999949, -0.607315517000018 ], [ 133.136311614999954, -0.611777430000018 ], [ 133.132299246, -0.612409793999973 ], [ 133.129719114999943, -0.613692925 ], [ 133.127091275999987, -0.616070069999978 ], [ 133.12194776900003, -0.623626049 ], [ 133.12177967599996, -0.62868047 ], [ 133.112447472999975, -0.62815852 ], [ 133.108171395, -0.631358068 ], [ 133.10824267299995, -0.630086388999985 ], [ 133.107570678, -0.629732181 ], [ 133.106463939000037, -0.63086488 ], [ 133.102867025000023, -0.631403467999974 ], [ 133.102589220000027, -0.631703841 ], [ 133.108367690000023, -0.63149830499998 ], [ 133.112608863999981, -0.628318547 ], [ 133.122057571000028, -0.629116169999975 ], [ 133.141005137999969, -0.607211969 ], [ 133.16602945, -0.609153547 ], [ 133.187702173000048, -0.633150329999978 ], [ 133.200786598000036, -0.633600348000016 ], [ 133.212476483000046, -0.64556747 ], [ 133.222781078000025, -0.642325794999977 ], [ 133.233584338000014, -0.659447101000012 ], [ 133.26238143, -0.662518079999984 ], [ 133.284964197000022, -0.677559938 ], [ 133.289655622000055, -0.68389735300002 ], [ 133.285252378, -0.686069057999987 ], [ 133.281599435999965, -0.690310711999985 ], [ 133.26878301, -0.710427686 ], [ 133.281160572999966, -0.692921485 ], [ 133.32969929, -0.722681873999989 ], [ 133.346667944000046, -0.717493199999979 ], [ 133.362550639, -0.758095979000018 ], [ 133.372047899999984, -0.750797064999972 ], [ 133.380127465999976, -0.754827225999975 ], [ 133.382431030000021, -0.776075064999986 ], [ 133.366897582999968, -0.789025723 ], [ 133.348617555000033, -0.786406398 ], [ 133.33998107900004, -0.800804375999974 ], [ 133.272746984000037, -0.798597298 ], [ 133.262879065999982, -0.813531408000017 ], [ 133.255247318999977, -0.810044095000023 ], [ 133.239550520999956, -0.818627865999986 ], [ 133.235959386, -0.790468232000023 ], [ 133.185420417000046, -0.790302473999986 ], [ 133.16929751400005, -0.798790182 ], [ 133.157872236, -0.798164574 ], [ 133.152092902000049, -0.787806065999973 ], [ 133.130371564000029, -0.806503707 ], [ 133.123028426000019, -0.795333207999988 ], [ 133.10823304500002, -0.804727668999988 ], [ 133.09297747100004, -0.784200387999988 ], [ 133.08458106, -0.796126929000025 ], [ 133.064958519000015, -0.788196153 ], [ 133.061873379999952, -0.796307207999973 ], [ 133.054482875999952, -0.785948296000015 ], [ 133.042059872999971, -0.791907534000018 ], [ 133.035426677000032, -0.784221555999977 ], [ 133.0151823, -0.789652053 ], [ 132.986031920999949, -0.782766466999988 ], [ 132.956214790999979, -0.784374386000025 ], [ 132.939759502000015, -0.797774797999978 ], [ 132.915588445000026, -0.789793885999984 ], [ 132.921423402999949, -0.780587514999979 ], [ 132.918327643999987, -0.774437940999974 ], [ 132.922460850999983, -0.771373115000017 ], [ 132.923824035000052, -0.768091595999977 ], [ 132.923423577, -0.765507663 ], [ 132.925932566000029, -0.766139066 ], [ 132.92677310299996, -0.764826602000028 ], [ 132.928807609000046, -0.764948374000028 ], [ 132.930070721, -0.763620350999986 ], [ 132.930244548000019, -0.760128174999977 ], [ 132.923157564, -0.765423511999984 ], [ 132.922174042000051, -0.7711314 ], [ 132.918129591000024, -0.774049239000021 ], [ 132.917987369, -0.776970817 ], [ 132.898777766999956, -0.788777364 ], [ 132.858646274999955, -0.778387646999988 ], [ 132.844756177000022, -0.782388523 ], [ 132.836039186, -0.775956232 ], [ 132.835559009, -0.767398324 ], [ 132.834212009999987, -0.766123003000018 ], [ 132.834835662000046, -0.764680654000017 ], [ 132.834364812, -0.761807368 ], [ 132.832799587999943, -0.75725315699998 ], [ 132.83001200800004, -0.754571344999988 ], [ 132.830917115000034, -0.752034841000011 ], [ 132.83112772100003, -0.748787264999976 ], [ 132.831486851000022, -0.74850273200002 ], [ 132.834586542000011, -0.749763603000019 ], [ 132.841934270000024, -0.750318359 ], [ 132.843526515, -0.750257219 ], [ 132.845040849000043, -0.749297913000021 ], [ 132.831595828, -0.748097605 ], [ 132.830779483000015, -0.749060864 ], [ 132.829538071, -0.754826617 ], [ 132.835629048999976, -0.776091271999974 ], [ 132.839287752000018, -0.780429411999989 ], [ 132.836019171999965, -0.781275667999978 ], [ 132.830408595999984, -0.777573378999989 ], [ 132.802970460999973, -0.768967423999982 ], [ 132.800941478000027, -0.769075365 ], [ 132.794061672, -0.773331923 ], [ 132.779971505000049, -0.765752071 ], [ 132.756994463999945, -0.764464092000026 ], [ 132.742023981999978, -0.767418717999988 ], [ 132.780023178999954, -0.765965344 ], [ 132.782685724999965, -0.76955393999998 ], [ 132.794800593, -0.773621381 ], [ 132.798887408000041, -0.772216099 ], [ 132.802391340999975, -0.76917089 ], [ 132.856933643000048, -0.790649441000028 ], [ 132.87826149600005, -0.795002566999983 ], [ 132.879968352, -0.794144573999972 ], [ 132.901496297999984, -0.827622479000013 ], [ 132.828708702999961, -0.856839197999989 ], [ 132.786576398999955, -0.860236793000013 ], [ 132.781079162999958, -0.868768102999979 ], [ 132.701731602999985, -0.876825009000015 ], [ 132.636556050999957, -0.865540109999984 ], [ 132.631816172999947, -0.856815654 ], [ 132.595861204000016, -0.845307890000015 ], [ 132.602240528000038, -0.832055503 ], [ 132.539538909000044, -0.837839487999986 ], [ 132.510357956, -0.825316794 ], [ 132.483245434999958, -0.787788009 ], [ 132.484376170000019, -0.768871884000021 ], [ 132.475636718000032, -0.763044105 ], [ 132.476519536999945, -0.753781463 ], [ 132.478940922, -0.751408778999973 ], [ 132.479048176999981, -0.749483481000027 ], [ 132.480122896000012, -0.749920280000026 ], [ 132.480910698, -0.749844671 ], [ 132.483792761000018, -0.747756874 ], [ 132.485544429000015, -0.749186969999982 ], [ 132.486577458000056, -0.74964785200001 ], [ 132.487345932000039, -0.749597205999976 ], [ 132.491894638999952, -0.748216781 ], [ 132.493134245999954, -0.745888783 ], [ 132.493448066000042, -0.74740968499998 ], [ 132.496412627000041, -0.750271221 ], [ 132.496892043, -0.750126406 ], [ 132.498008811999966, -0.748714113 ], [ 132.500000003999958, -0.749353879000012 ], [ 132.500973288999944, -0.748671542000011 ], [ 132.504841779, -0.751661147999982 ], [ 132.506971819, -0.752402035999978 ], [ 132.510641811000028, -0.752404147 ], [ 132.51217017, -0.751547956000024 ], [ 132.51195316899998, -0.750287663 ], [ 132.506906583000045, -0.745712382000022 ], [ 132.508863567000049, -0.746869619 ], [ 132.509777289, -0.746587681 ], [ 132.510032259000013, -0.745733877000021 ], [ 132.512185112999987, -0.746707298 ], [ 132.514971900999967, -0.745992872999977 ], [ 132.515384730000051, -0.74291229 ], [ 132.517093704999979, -0.744161355000017 ], [ 132.517655129, -0.743754396999975 ], [ 132.517766798000025, -0.742440677 ], [ 132.520225853000056, -0.744327345999977 ], [ 132.522445169999969, -0.743179041000019 ], [ 132.523338356999943, -0.744631283999979 ], [ 132.527397095999959, -0.744902909000018 ], [ 132.529518463000045, -0.743879347000018 ], [ 132.530619750000028, -0.746632368 ], [ 132.529646360000015, -0.748563091 ], [ 132.530207051000048, -0.749476503999972 ], [ 132.550600121, -0.75342557099998 ], [ 132.552425995000021, -0.753047058 ], [ 132.553002383000035, -0.750082023 ], [ 132.554487387999984, -0.753619749999984 ], [ 132.568765993000056, -0.754174938 ], [ 132.572535721, -0.751106890000017 ], [ 132.576959406000014, -0.754075877999981 ], [ 132.600434094999969, -0.750211705000027 ], [ 132.602542102000029, -0.751983872999972 ], [ 132.608344409999972, -0.753545482999982 ], [ 132.611043893999977, -0.752518157 ], [ 132.611181742999975, -0.75447598300002 ], [ 132.613910067, -0.755156711999973 ], [ 132.614862932000051, -0.754607868999983 ], [ 132.617431355, -0.757396095999979 ], [ 132.622044476000042, -0.759016800999973 ], [ 132.624436503999959, -0.757779536999976 ], [ 132.624713107000048, -0.760037117000024 ], [ 132.626925539000013, -0.760617683000021 ], [ 132.628266886, -0.759150095 ], [ 132.629440076000037, -0.754885587999979 ], [ 132.629518049000012, -0.75748268000001 ], [ 132.636284817000046, -0.758415352999975 ], [ 132.643992372999946, -0.756790043000024 ], [ 132.645803772000022, -0.754465955 ], [ 132.629459549999979, -0.75431155299998 ], [ 132.62713677, -0.759976818999974 ], [ 132.624357767, -0.757338275999984 ], [ 132.622190059, -0.758388476999983 ], [ 132.614900735999981, -0.754261572000019 ], [ 132.611376265, -0.754200551999986 ], [ 132.611060544, -0.752121229000011 ], [ 132.596723809999958, -0.74942123 ], [ 132.552844261000018, -0.749798047000013 ], [ 132.551047025, -0.753108402 ], [ 132.530289619999962, -0.749207255999977 ], [ 132.53089193400001, -0.746533908 ], [ 132.529628021, -0.743613504 ], [ 132.518094722, -0.74215043800001 ], [ 132.515143420999948, -0.742669101999979 ], [ 132.514828177000027, -0.745746667 ], [ 132.50994927, -0.745457390000013 ], [ 132.509053102000053, -0.746598774 ], [ 132.507153625, -0.745415122999987 ], [ 132.506544549999944, -0.745746747999988 ], [ 132.511336003999986, -0.751990691 ], [ 132.492739691, -0.74563477800001 ], [ 132.487047812000014, -0.749535378000019 ], [ 132.484045554999966, -0.747448718999976 ], [ 132.478873699000019, -0.749104110000019 ], [ 132.47636076799995, -0.753533419 ], [ 132.473586277999971, -0.747161100000028 ], [ 132.46961747499995, -0.754856766999978 ], [ 132.463145288999954, -0.746347250999975 ], [ 132.398035284, -0.729253657000015 ], [ 132.388758340999971, -0.732181696999987 ], [ 132.387036791000014, -0.733892283999978 ], [ 132.385949222000022, -0.737295689 ], [ 132.369594026999948, -0.732684219000021 ], [ 132.364779460000022, -0.732786658 ], [ 132.363956143999985, -0.733474478 ], [ 132.362019274999966, -0.733737861 ], [ 132.360691550999945, -0.734477255 ], [ 132.359759305000011, -0.733529014 ], [ 132.360600455000053, -0.733511347999979 ], [ 132.360832365999954, -0.733183871 ], [ 132.360918800000036, -0.731071193 ], [ 132.36044688000004, -0.729914276999978 ], [ 132.354151103000049, -0.72338423399998 ], [ 132.360470530000043, -0.730313393000017 ], [ 132.359463090999952, -0.733435298000018 ], [ 132.36047367499998, -0.734601393 ], [ 132.379312186999982, -0.736413766999988 ], [ 132.363612182999987, -0.738665648 ], [ 132.361901534000026, -0.746916268 ], [ 132.350534484000036, -0.739182480000011 ], [ 132.337360904999969, -0.741797846 ], [ 132.326689448000025, -0.759486577000018 ], [ 132.315184897999984, -0.744836862999989 ], [ 132.292400026, -0.750131113 ], [ 132.271292363000043, -0.74263507500001 ], [ 132.273015155000053, -0.732963586999972 ], [ 132.271092845999988, -0.719979801000022 ], [ 132.268221047, -0.714960007 ], [ 132.26939237900001, -0.714623389999986 ], [ 132.273008477999952, -0.710427321999987 ], [ 132.267985027, -0.714851354000018 ], [ 132.269650831000035, -0.734774787999982 ], [ 132.263688572999968, -0.732945024 ], [ 132.261189931999979, -0.734617300000025 ], [ 132.257498216000045, -0.731453379000016 ], [ 132.25393189600004, -0.73482084 ], [ 132.224554445999956, -0.726711287 ], [ 132.219801878999988, -0.720013617 ], [ 132.222902968999961, -0.71672751 ], [ 132.22318687500001, -0.713054828 ], [ 132.224749632, -0.714432867000028 ], [ 132.225493283999981, -0.714567242999976 ], [ 132.225919288999989, -0.712377294000021 ], [ 132.227069052000047, -0.713113393000015 ], [ 132.233992199, -0.705097796000018 ], [ 132.234974369000042, -0.70050674700002 ], [ 132.233269939000024, -0.697578659999976 ], [ 132.234172872000045, -0.697204895000027 ], [ 132.235246685, -0.695203720999984 ], [ 132.234887731999947, -0.69468516400002 ], [ 132.233063172000016, -0.697632215999988 ], [ 132.233720338000012, -0.70501793 ], [ 132.225754048999988, -0.71218896 ], [ 132.225129264999964, -0.714427676000014 ], [ 132.211447320000048, -0.70107772199998 ], [ 132.152933673, -0.711104622 ], [ 132.137569432999953, -0.657111849999978 ], [ 132.096338906000028, -0.640473911000015 ], [ 132.097740937000026, -0.640646731 ], [ 132.109826892, -0.626385213999981 ], [ 132.099014700999987, -0.621831384000018 ], [ 132.098775872000033, -0.619006171000024 ], [ 132.101496625999971, -0.619419696000023 ], [ 132.102996445000031, -0.61763814699998 ], [ 132.103053738999961, -0.609414728 ], [ 132.100635306999948, -0.606265940000014 ], [ 132.098541726, -0.606114729000012 ], [ 132.097715601, -0.603930102 ], [ 132.112552801, -0.583990996000011 ], [ 132.112995020999961, -0.584423526000023 ], [ 132.113909207, -0.584232261000011 ], [ 132.115689955999983, -0.585886276 ], [ 132.119047873999989, -0.586776325000017 ], [ 132.120189135000032, -0.589599341 ], [ 132.122721789000025, -0.589866584999982 ], [ 132.123602485999982, -0.59145744 ], [ 132.125435477, -0.592433184000015 ], [ 132.126975547000029, -0.592620037000017 ], [ 132.127236692999986, -0.593938144 ], [ 132.128657922, -0.594650463 ], [ 132.128682809999987, -0.597225676 ], [ 132.129980716999967, -0.599111086 ], [ 132.132626405, -0.599028538000027 ], [ 132.132927971999948, -0.601285992999976 ], [ 132.136795894999977, -0.602834141000017 ], [ 132.13609063399997, -0.605102327999987 ], [ 132.138603481000018, -0.606244181000022 ], [ 132.139449832999958, -0.610218689000021 ], [ 132.141146777000017, -0.610596626000017 ], [ 132.14073112799997, -0.614940263 ], [ 132.142542791999972, -0.616216579000024 ], [ 132.141611991, -0.616699139 ], [ 132.14141121900002, -0.617166822 ], [ 132.143774481000037, -0.61890753 ], [ 132.142662901999984, -0.619758979999972 ], [ 132.142450051999958, -0.620276484999977 ], [ 132.142619362, -0.620569161 ], [ 132.143830709999975, -0.620843953000019 ], [ 132.142977955999982, -0.621237115999975 ], [ 132.141509408000047, -0.623032938999984 ], [ 132.142940315000033, -0.62611734 ], [ 132.15930274699997, -0.639566592 ], [ 132.161889491000011, -0.639631813 ], [ 132.16341710100005, -0.638966375 ], [ 132.164430812999967, -0.640877633 ], [ 132.167479191999973, -0.642878774 ], [ 132.169086081000046, -0.643152105000013 ], [ 132.170147207000014, -0.642751130000022 ], [ 132.169934787999978, -0.643963669000016 ], [ 132.171194885999967, -0.644275941999979 ], [ 132.171391061, -0.645009792 ], [ 132.1721966, -0.645160966999981 ], [ 132.188369021999961, -0.635398873999975 ], [ 132.172285302999967, -0.644968362999975 ], [ 132.170231084999955, -0.64251723000001 ], [ 132.163347111, -0.638759589000017 ], [ 132.159500918000049, -0.639376240999979 ], [ 132.143151131999957, -0.626008120999984 ], [ 132.141691072999947, -0.623049845000025 ], [ 132.143952969999987, -0.621002350000026 ], [ 132.143937223999956, -0.618725723000011 ], [ 132.14159568499997, -0.617150206000019 ], [ 132.14283806200001, -0.616126017 ], [ 132.141449823000016, -0.610736483999972 ], [ 132.137062478999951, -0.602835186 ], [ 132.127055128000052, -0.592337526999984 ], [ 132.122922870000025, -0.589648926 ], [ 132.120678648999956, -0.589472011 ], [ 132.119228322000026, -0.586710547 ], [ 132.11555668799997, -0.585604563 ], [ 132.114020427000014, -0.584037508 ], [ 132.112796286000048, -0.583714199999974 ], [ 132.132598648999988, -0.561351188 ], [ 132.165258044999973, -0.546967978999987 ], [ 132.17365851, -0.532620302999987 ], [ 132.190214653999988, -0.553418025999974 ], [ 132.232809430999964, -0.54856464400001 ], [ 132.253235614, -0.558455540000011 ], [ 132.268028439999966, -0.553007519 ], [ 132.355346769, -0.566238595000016 ], [ 132.365344234999952, -0.559177986 ], [ 132.378221608, -0.568708491 ], [ 132.403634399999987, -0.558703273999981 ], [ 132.42708501300001, -0.567076051000015 ], [ 132.442554829999949, -0.541324710000026 ], [ 132.463963327999977, -0.548488956000028 ], [ 132.509170894000022, -0.52287650400001 ], [ 132.51212466000004, -0.527105514000027 ], [ 132.519319204999988, -0.530335364 ], [ 132.520612555999946, -0.530191844 ], [ 132.523058720999984, -0.527929368 ], [ 132.522835191000013, -0.52858218 ], [ 132.523643548, -0.529811483 ], [ 132.525344392999955, -0.530163362 ], [ 132.524686729999985, -0.531074064 ], [ 132.524757453, -0.531727906000015 ], [ 132.527014216, -0.532758673999979 ], [ 132.5266385, -0.533617707000019 ], [ 132.526910273, -0.534190282 ], [ 132.529256037999971, -0.534025297000028 ], [ 132.527669579999952, -0.535253825999973 ], [ 132.526732656000036, -0.53716343100001 ], [ 132.528491304, -0.546654165 ], [ 132.534796506000021, -0.555205863000026 ], [ 132.533490560000018, -0.556676915000025 ], [ 132.532688215, -0.55646322299998 ], [ 132.531851024000048, -0.557432957 ], [ 132.5317056, -0.558324895 ], [ 132.532356557999947, -0.559387244999982 ], [ 132.533974834999981, -0.560066813 ], [ 132.533765747999951, -0.561283908 ], [ 132.530709976000026, -0.561656899000013 ], [ 132.528773207999961, -0.563306293999972 ], [ 132.528790798000045, -0.564073166000014 ], [ 132.529984068999966, -0.565896259 ], [ 132.529475212999955, -0.567486144999975 ], [ 132.530104392, -0.569309071000021 ], [ 132.52906847099996, -0.569374445 ], [ 132.528392921999966, -0.570081179999988 ], [ 132.526675394, -0.57457675400002 ], [ 132.526700626999968, -0.576446879 ], [ 132.530595962, -0.569749990999981 ], [ 132.530206545000055, -0.56577132000001 ], [ 132.528889056000025, -0.563467832000015 ], [ 132.534161489999974, -0.561389712999983 ], [ 132.535047289999966, -0.554691548 ], [ 132.529483607999964, -0.53396614899998 ], [ 132.526957893000031, -0.533881969 ], [ 132.527281063000032, -0.53280550300002 ], [ 132.527016314999969, -0.532291854999983 ], [ 132.524875311999949, -0.53151400500002 ], [ 132.525412296000013, -0.529972660999988 ], [ 132.523795675999963, -0.529533953 ], [ 132.543717449000042, -0.523475969 ], [ 132.548029918, -0.540366312 ], [ 132.555018894, -0.545545919 ], [ 132.582365524000011, -0.552184464 ], [ 132.591698863000033, -0.54408354200001 ], [ 132.59478948200001, -0.547813604999988 ], [ 132.602989415000025, -0.553972919999978 ], [ 132.611520671, -0.555403683 ], [ 132.615003297000044, -0.55530262000002 ], [ 132.61527472299997, -0.556513704999986 ], [ 132.618311724000023, -0.55825900100001 ], [ 132.618999267000049, -0.561435226000015 ], [ 132.626954899999987, -0.567529947000025 ], [ 132.630718746999946, -0.568433246999973 ], [ 132.633283830999972, -0.576202577 ], [ 132.640797679, -0.578936412000019 ], [ 132.640130194, -0.581345713000019 ], [ 132.640867197000034, -0.582385369 ], [ 132.642709182999965, -0.582851882999989 ], [ 132.641416855999978, -0.584573578 ], [ 132.64402020700004, -0.588166097 ], [ 132.638258300999951, -0.590395062000027 ], [ 132.637047757, -0.598783465 ], [ 132.644714077, -0.588293271999987 ], [ 132.643201086999966, -0.582888176999973 ], [ 132.640801765, -0.581992453999987 ], [ 132.641230205000056, -0.579073705999974 ], [ 132.63901676, -0.577176574000021 ], [ 132.633631542999979, -0.575984364000021 ], [ 132.634279263000053, -0.573935135 ], [ 132.631356882999967, -0.568493478999983 ], [ 132.61862888600001, -0.557496355000012 ], [ 132.614705652, -0.554779667999981 ], [ 132.60351342499996, -0.553819627999985 ], [ 132.591847375000043, -0.543883489999985 ], [ 132.582456816, -0.551780313 ], [ 132.555648463000011, -0.545515951000027 ], [ 132.547433692000027, -0.529404084000021 ], [ 132.568772342999978, -0.518299684 ], [ 132.573300667000012, -0.520164529 ], [ 132.58374376300003, -0.518842142999972 ], [ 132.586766351000051, -0.51463924 ], [ 132.615642188000038, -0.519212133 ], [ 132.617987994000032, -0.542335912 ], [ 132.635482261999982, -0.568417897000018 ], [ 132.635020309999959, -0.575394911999979 ], [ 132.645060770999976, -0.576427793 ], [ 132.649808324999981, -0.567246613 ], [ 132.670832367, -0.580418817 ], [ 132.69950840599995, -0.542326869000021 ], [ 132.772747429999981, -0.538679503000026 ], [ 132.807582457999956, -0.507998085999986 ], [ 132.807884520000016, -0.509761512000011 ], [ 132.810362663999967, -0.510330305000025 ], [ 132.810793819999958, -0.513870766000025 ], [ 132.81359162900003, -0.517597024 ], [ 132.811682994999956, -0.524014464 ], [ 132.811827967, -0.527390146000016 ], [ 132.813665316999959, -0.530506963999983 ], [ 132.813742446, -0.51721254 ], [ 132.810721292000039, -0.510167452000019 ], [ 132.807841893000045, -0.507936427 ], [ 132.854063925, -0.49883295799998 ], [ 132.87844136800004, -0.508730429000025 ], [ 132.903119443000037, -0.508391956000025 ], [ 132.902150671999948, -0.4924188 ], [ 132.920247325999981, -0.49029860600001 ] ] ] ] } },
{ "type": "Feature", "properties": { "NAME": "Pantai Sausafor", "DESIG_ENG": "Nature Reserve", "IUCN_CAT": "Ia", "STATUS": "Designated", "STATUS_YR": 0, "GIS_AREA": 13.2617290564868 }, "geometry": { "type": "MultiPolygon", "coordinates": [ [ [ [ 131.90963144, -0.688166615 ], [ 131.909453183999972, -0.688119448 ], [ 131.909285813, -0.687954884000021 ], [ 131.90963144, -0.688166615 ] ] ], [ [ [ 131.911289106000027, -0.685182565 ], [ 131.910263061000023, -0.685933768999973 ], [ 131.910598756000013, -0.685453773 ], [ 131.911056519999988, -0.685213745 ], [ 131.911289106000027, -0.685182565 ] ] ], [ [ [ 131.916381835000038, -0.683173715 ], [ 131.916675540000028, -0.683283766999978 ], [ 131.915618691999953, -0.683523327999978 ], [ 131.916381835000038, -0.683173715 ] ] ], [ [ [ 131.908353896, -0.681593258000021 ], [ 131.908554076999962, -0.681363761 ], [ 131.908762140000022, -0.68145725 ], [ 131.908353896, -0.681593258000021 ] ] ], [ [ [ 131.906057635000025, -0.680011836 ], [ 131.905364988999963, -0.679123759 ], [ 131.905838013999983, -0.678793727000027 ], [ 131.906057635000025, -0.680011836 ] ] ], [ [ [ 131.90367531000004, -0.68142301 ], [ 131.909635075999972, -0.688560790999986 ], [ 131.917272484000023, -0.683601151 ], [ 131.887943411000037, -0.717134482 ], [ 131.862924757173573, -0.697734594178866 ], [ 131.90367531000004, -0.68142301 ] ] ], [ [ [ 132.076113100000043, -0.534633152000026 ], [ 132.070182992672557, -0.541397087984755 ], [ 132.075605278000012, -0.533690358 ], [ 132.076113100000043, -0.534633152000026 ] ] ], [ [ [ 132.069777392999981, -0.542110150999974 ], [ 132.069697586163613, -0.542221499586037 ], [ 132.069802066311894, -0.542044051107763 ], [ 132.069777392999981, -0.542110150999974 ] ] ], [ [ [ 132.06978388899995, -0.542265792000023 ], [ 132.055831377, -0.551137996000023 ], [ 132.04479296, -0.555087500000013 ], [ 132.033562404804627, -0.556548325150788 ], [ 132.06978388899995, -0.542265792000023 ] ] ], [ [ [ 131.982493730999977, -0.576822226 ], [ 131.982342168081772, -0.57685604697438 ], [ 131.982630495672311, -0.576741731288281 ], [ 131.982493730999977, -0.576822226 ] ] ], [ [ [ 131.978789013682984, -0.578264796245044 ], [ 131.975624658000015, -0.580018587999973 ], [ 131.974736384113072, -0.580794920464244 ], [ 131.975608000009345, -0.579525999725044 ], [ 131.978789013682984, -0.578264796245044 ] ] ] ] } },
{ "type": "Feature", "properties": { "NAME": "Waigeo Barat Timur", "DESIG_ENG": "Nature Reserve", "IUCN_CAT": "Ia", "STATUS": "Designated", "STATUS_YR": 0, "GIS_AREA": 978.77083570612501 }, "geometry": { "type": "MultiPolygon", "coordinates": [ [ [ [ 130.522719428159093, -0.048052980160845 ], [ 130.539589977695385, -0.056973191859294 ], [ 130.544143155000029, -0.076317221000011 ], [ 130.560235487999989, -0.07270709300002 ], [ 130.548300414488239, -0.057756129972404 ], [ 130.614304992000029, -0.097831005999979 ], [ 130.614769213000045, -0.113433295 ], [ 130.591316557000027, -0.11731484 ], [ 130.591163513999959, -0.143763641000021 ], [ 130.656318592429216, -0.152145608433068 ], [ 130.722561320648509, -0.239436198421844 ], [ 130.726249199999984, -0.264357845 ], [ 130.740663262179993, -0.275011739514205 ], [ 130.730315059999953, -0.294494558999986 ], [ 130.759728193761902, -0.289661129199745 ], [ 130.770657643735404, -0.297376632825324 ], [ 130.78271007956684, -0.291044756683814 ], [ 130.783841941999981, -0.300886236999986 ], [ 130.791383625943126, -0.294657998588938 ], [ 130.79205464100005, -0.305659067000022 ], [ 130.816276825000045, -0.312276069 ], [ 130.820805489, -0.302201780000019 ], [ 130.811083236302352, -0.295447329830361 ], [ 130.826851940065012, -0.288116892880291 ], [ 130.847059803999969, -0.293172062 ], [ 130.851810470000032, -0.309487368000021 ], [ 130.86841461120261, -0.311872196196047 ], [ 130.844924978999984, -0.33067824699998 ], [ 130.849536493999949, -0.339973149 ], [ 130.880315226, -0.331943611999975 ], [ 130.889998195999965, -0.319693831999984 ], [ 130.913811151, -0.331953395000028 ], [ 130.906143803999953, -0.353261886999974 ], [ 130.897584898, -0.348685056000022 ], [ 130.892544266999948, -0.355835472000024 ], [ 130.892072796999969, -0.368205787000022 ], [ 130.90232183, -0.369764207 ], [ 130.89858692200005, -0.386178468000026 ], [ 130.876218571999971, -0.397394608000013 ], [ 130.865408279, -0.412397442999975 ], [ 130.837158940999984, -0.423374594 ], [ 130.818235062999975, -0.407598786 ], [ 130.810013486, -0.421757957000011 ], [ 130.798452817999987, -0.425239626 ], [ 130.760812802000032, -0.416103739999983 ], [ 130.751349367999978, -0.427325687 ], [ 130.718225030999974, -0.403347667 ], [ 130.726646289999962, -0.388053459 ], [ 130.705148762000022, -0.354661836 ], [ 130.71113618000004, -0.344105914000011 ], [ 130.731673183, -0.336416971 ], [ 130.735096308000038, -0.319263455999987 ], [ 130.704981148, -0.289157440999986 ], [ 130.639482374999943, -0.248080107000021 ], [ 130.625041947999989, -0.256280375000017 ], [ 130.624257270000044, -0.268217613 ], [ 130.595087885999988, -0.265185627999983 ], [ 130.570785236, -0.285065409000026 ], [ 130.570314350999979, -0.293775745 ], [ 130.523837071303149, -0.308915720501786 ], [ 130.517684939, -0.294376224000018 ], [ 130.534942627999953, -0.256068288999984 ], [ 130.516998294000018, -0.241326199000014 ], [ 130.484818665149305, -0.262803749893164 ], [ 130.463220914713474, -0.261674534152428 ], [ 130.451678430115493, -0.28853070782589 ], [ 130.437446252242808, -0.290102697581412 ], [ 130.430419924000034, -0.284371970515924 ], [ 130.444306106341713, -0.282375163183174 ], [ 130.432678226, -0.261200189000022 ], [ 130.398875854936819, -0.271453128958671 ], [ 130.393551507795877, -0.259989414180156 ], [ 130.376403811000046, -0.260466247000011 ], [ 130.391811035378879, -0.274461564305513 ], [ 130.385192871999948, -0.278417618 ], [ 130.355704881275329, -0.253198540780014 ], [ 130.343022636385598, -0.255654911245179 ], [ 130.328694717587155, -0.273063097084242 ], [ 130.327735272265045, -0.259802462213893 ], [ 130.317765983480399, -0.272465970591523 ], [ 130.319992067000044, -0.251546292 ], [ 130.29335952967574, -0.229502704170148 ], [ 130.297431449999976, -0.219836621000013 ], [ 130.337873462790185, -0.218861103956774 ], [ 130.353156150902066, -0.20187348526062 ], [ 130.357813346308916, -0.204512954009589 ], [ 130.36672516205789, -0.202114855808056 ], [ 130.375387482572137, -0.207294999606554 ], [ 130.370073518678055, -0.211177824297165 ], [ 130.376676522803308, -0.221357157906526 ], [ 130.371068133787361, -0.224464734659696 ], [ 130.38732937015439, -0.229504432883237 ], [ 130.37924467341989, -0.234330724255581 ], [ 130.367527495697431, -0.223957909130151 ], [ 130.376418562000026, -0.238228639 ], [ 130.415589802999989, -0.221883506999973 ], [ 130.408907375037074, -0.222698693174595 ], [ 130.411114932808005, -0.216468346137249 ], [ 130.40576463662876, -0.214910133096163 ], [ 130.415301631459187, -0.206231937567618 ], [ 130.422271036279341, -0.207683325924718 ], [ 130.432507476838623, -0.203357466373971 ], [ 130.441509677675413, -0.195092518241241 ], [ 130.451167209599163, -0.198731794436752 ], [ 130.425210059000051, -0.167563120000011 ], [ 130.467770141999949, -0.166056950999973 ], [ 130.468273873000044, -0.158300538999981 ], [ 130.440141216000029, -0.155020442000023 ], [ 130.433376663999979, -0.149042560999987 ], [ 130.437343209, -0.134478247 ], [ 130.421138393999968, -0.129061793 ], [ 130.418309546048818, -0.137766014589863 ], [ 130.413790119000055, -0.132445994000022 ], [ 130.410796663154969, -0.133096647307809 ], [ 130.400091041999985, -0.125375325 ], [ 130.397733154999969, -0.124858426 ], [ 130.419212550818628, -0.161767637566351 ], [ 130.410950888, -0.158603344000028 ], [ 130.39839098899995, -0.16897349300001 ], [ 130.384664689723763, -0.158846171013943 ], [ 130.389739600902004, -0.171778523659954 ], [ 130.376013364999949, -0.163306009999985 ], [ 130.369072888, -0.136842896000019 ], [ 130.361402998000017, -0.154332819 ], [ 130.36780349653867, -0.160010786026793 ], [ 130.340405938, -0.140404568 ], [ 130.331869565000034, -0.145578262000015 ], [ 130.349003780899835, -0.162102635028566 ], [ 130.355723778729498, -0.191049065162213 ], [ 130.302607466961149, -0.173841517172241 ], [ 130.298736273160529, -0.165336606099503 ], [ 130.309248801999956, -0.163514463000013 ], [ 130.307166651999978, -0.148833862 ], [ 130.295609400094662, -0.150730494544343 ], [ 130.281191856219237, -0.13846560620277 ], [ 130.284598602343635, -0.126269219149139 ], [ 130.294498654189596, -0.131812849783147 ], [ 130.28101452520022, -0.112394697157564 ], [ 130.300860738032725, -0.101843722309885 ], [ 130.295640034160328, -0.093446932230107 ], [ 130.310073845431674, -0.103316935927827 ], [ 130.322099640985698, -0.101560893620261 ], [ 130.323884236768237, -0.108437536263223 ], [ 130.33502011358749, -0.102012990906802 ], [ 130.345391006389974, -0.109930757098736 ], [ 130.342650769417531, -0.095788077957431 ], [ 130.349723059999974, -0.092654231999973 ], [ 130.34400411605381, -0.086118446873495 ], [ 130.352305641792015, -0.078228618056292 ], [ 130.359424996965942, -0.103153111926108 ], [ 130.349558152686626, -0.112952883868461 ], [ 130.363690303, -0.136064453000017 ], [ 130.38208391603996, -0.11883365864645 ], [ 130.37530828075262, -0.104288174959249 ], [ 130.380904375, -0.100908651 ], [ 130.370341822, -0.098294727999985 ], [ 130.36252008265086, -0.083060307203772 ], [ 130.38018539144278, -0.082580334914533 ], [ 130.367992754967304, -0.07524289711985 ], [ 130.388427146000026, -0.081156989000021 ], [ 130.404797815852589, -0.076850695887046 ], [ 130.400061742000048, -0.084503274999975 ], [ 130.407980734323445, -0.094892058221868 ], [ 130.397590957556787, -0.110123027655545 ], [ 130.412668272422906, -0.114617788879828 ], [ 130.418045854033039, -0.100483790894229 ], [ 130.422947544094001, -0.107384227799839 ], [ 130.435824640999954, -0.103434074 ], [ 130.43775527908295, -0.090076921612608 ], [ 130.426397761647422, -0.088419924339972 ], [ 130.437373555130364, -0.074556837605312 ], [ 130.447212494860736, -0.100454942441624 ], [ 130.459371541163705, -0.081443047758439 ], [ 130.474499884000011, -0.088075522999986 ], [ 130.473682049087415, -0.07666617010767 ], [ 130.49028157443513, -0.073642018963943 ], [ 130.497334913000032, -0.082192935000023 ], [ 130.504188763, -0.069299861 ], [ 130.526249109999981, -0.068129496999973 ], [ 130.50847106608694, -0.050851153258074 ], [ 130.522719428159093, -0.048052980160845 ] ] ], [ [ [ 130.360707518777673, -0.20311492951082 ], [ 130.361069638553118, -0.203275634363026 ], [ 130.360598505316858, -0.203468370768617 ], [ 130.360707518777673, -0.20311492951082 ] ] ], [ [ [ 130.372864626701244, -0.213209883829096 ], [ 130.372761073514198, -0.213311230511699 ], [ 130.372650474739658, -0.213266990778932 ], [ 130.372864626701244, -0.213209883829096 ] ] ], [ [ [ 130.373749786223726, -0.215801116628183 ], [ 130.374754657927554, -0.215111572413385 ], [ 130.374856235626766, -0.216336495632779 ], [ 130.373749786223726, -0.215801116628183 ] ] ], [ [ [ 130.4321689422585, -0.200229358100601 ], [ 130.432536031212976, -0.200273684782731 ], [ 130.432000652208444, -0.200423590975968 ], [ 130.4321689422585, -0.200229358100601 ] ] ], [ [ [ 130.438910924467876, -0.195900890542645 ], [ 130.439572096674965, -0.196176253031593 ], [ 130.43888681237658, -0.196618832792877 ], [ 130.438910924467876, -0.195900890542645 ] ] ], [ [ [ 130.356615917890366, -0.187791107373686 ], [ 130.358120005767631, -0.181701841027196 ], [ 130.372730252699, -0.1843949462697 ], [ 130.356615917890366, -0.187791107373686 ] ] ], [ [ [ 130.303645699189701, -0.16098677781749 ], [ 130.301770840188084, -0.160070738180054 ], [ 130.304668867774126, -0.158833365567373 ], [ 130.303645699189701, -0.16098677781749 ] ] ], [ [ [ 130.374745571591916, -0.104552542627004 ], [ 130.375168939794747, -0.10430245079745 ], [ 130.37520304118749, -0.104496941780413 ], [ 130.374745571591916, -0.104552542627004 ] ] ], [ [ [ 130.44231858, -0.075794114540765 ], [ 130.442202539915343, -0.076050396208776 ], [ 130.442264406077584, -0.075764860559873 ], [ 130.44231858, -0.075794114540765 ] ] ], [ [ [ 130.458616901839207, -0.082302149838374 ], [ 130.458654434211297, -0.082157322029233 ], [ 130.458811178093441, -0.082278239149419 ], [ 130.458616901839207, -0.082302149838374 ] ] ], [ [ [ 130.458550073382639, -0.081240938157646 ], [ 130.458639165664948, -0.081236081380004 ], [ 130.458546303007665, -0.081272825174386 ], [ 130.458550073382639, -0.081240938157646 ] ] ], [ [ [ 130.387900440552926, -0.22941877155907 ], [ 130.38388867012614, -0.228105309912069 ], [ 130.387457860791727, -0.225692535881811 ], [ 130.387900440552926, -0.22941877155907 ] ] ], [ [ [ 130.409949379060635, -0.216328330687881 ], [ 130.409680206576326, -0.217106044608256 ], [ 130.409261421977135, -0.216953758808907 ], [ 130.409949379060635, -0.216328330687881 ] ] ], [ [ [ 130.407469598343425, -0.216772916836577 ], [ 130.407547890622737, -0.216244676650495 ], [ 130.407757601732015, -0.216411241885345 ], [ 130.407469598343425, -0.216772916836577 ] ] ], [ [ [ 130.375598627774536, -0.212841068260611 ], [ 130.375601476826802, -0.21263860388841 ], [ 130.375741395149333, -0.212619778380057 ], [ 130.375598627774536, -0.212841068260611 ] ] ], [ [ [ 130.375441582762846, -0.212377072943509 ], [ 130.375520105268691, -0.212569809349189 ], [ 130.375148910094197, -0.212569809349189 ], [ 130.375441582762846, -0.212377072943509 ] ] ], [ [ [ 130.371401257961821, -0.2113253508842 ], [ 130.371351289830244, -0.211018399679391 ], [ 130.371801008409847, -0.211111198922703 ], [ 130.371401257961821, -0.2113253508842 ] ] ], [ [ [ 130.375976961767378, -0.211384837440237 ], [ 130.375378757923386, -0.209966603875605 ], [ 130.376919229139133, -0.211027918103929 ], [ 130.375976961767378, -0.211384837440237 ] ] ], [ [ [ 130.374893517022258, -0.207828775077884 ], [ 130.37484460019823, -0.207733526980652 ], [ 130.375057924783505, -0.207680139626737 ], [ 130.374893517022258, -0.207828775077884 ] ] ], [ [ [ 130.374479893632298, -0.206667182844194 ], [ 130.374584241069925, -0.20664587970361 ], [ 130.374487890403913, -0.20672802198059 ], [ 130.374479893632298, -0.206667182844194 ] ] ], [ [ [ 130.418026077041873, -0.206174748266013 ], [ 130.417607292442625, -0.205889212617022 ], [ 130.419491825387439, -0.204594786020534 ], [ 130.418026077041873, -0.206174748266013 ] ] ], [ [ [ 130.420986127208039, -0.205677441161006 ], [ 130.420507855153431, -0.205613195392656 ], [ 130.420779114064857, -0.205263414874684 ], [ 130.420986127208039, -0.205677441161006 ] ] ], [ [ [ 130.423870033575241, -0.203485957011301 ], [ 130.424162707143296, -0.203478818192876 ], [ 130.423820065443664, -0.203850015166035 ], [ 130.423870033575241, -0.203485957011301 ] ] ], [ [ [ 130.424444443156659, -0.203319443937128 ], [ 130.424498210923701, -0.203457404435619 ], [ 130.424284686689049, -0.203359113931972 ], [ 130.424444443156659, -0.203319443937128 ] ] ], [ [ [ 130.4267967710542, -0.202679319994564 ], [ 130.427092782905675, -0.202220133352432 ], [ 130.427167967128071, -0.202450892194866 ], [ 130.4267967710542, -0.202679319994564 ] ] ], [ [ [ 130.433328390592862, -0.200830479343145 ], [ 130.433306975936205, -0.200780510312276 ], [ 130.433438804856962, -0.20071393440047 ], [ 130.433328390592862, -0.200830479343145 ] ] ], [ [ [ 130.43952838872417, -0.18620708199118 ], [ 130.439547424673975, -0.186378402840953 ], [ 130.439233336449405, -0.186264188941104 ], [ 130.43952838872417, -0.18620708199118 ] ] ], [ [ [ 130.429020689253491, -0.178887859587023 ], [ 130.429192011002527, -0.178259682238485 ], [ 130.429315743326924, -0.178354861087998 ], [ 130.429020689253491, -0.178887859587023 ] ] ] ] } },
{ "type": "Feature", "properties": { "NAME": "Waigeo Barat Timur", "DESIG_ENG": "Nature Reserve", "IUCN_CAT": "Ia", "STATUS": "Designated", "STATUS_YR": 0, "GIS_AREA": 1057.5676639206699 }, "geometry": { "type": "MultiPolygon", "coordinates": [ [ [ [ 130.309997827954817, -0.418046437127833 ], [ 130.310363696983671, -0.417734541171178 ], [ 130.310884008690095, -0.419137119882157 ], [ 130.309997827954817, -0.418046437127833 ] ] ], [ [ [ 130.823652832999983, -0.416098019 ], [ 130.823258925, -0.415519895999978 ], [ 130.823937896999951, -0.415920578999987 ], [ 130.823652832999983, -0.416098019 ] ] ], [ [ [ 130.28706360000001, -0.411225050999974 ], [ 130.287173066821765, -0.411167875255854 ], [ 130.28706360000001, -0.411261465292957 ], [ 130.28706360000001, -0.411225050999974 ] ] ], [ [ [ 130.227468580310813, -0.40389779394801 ], [ 130.22451015173084, -0.402778112661826 ], [ 130.228102555420463, -0.401156276 ], [ 130.227468580310813, -0.40389779394801 ] ] ], [ [ [ 130.253067026648381, -0.393778524665938 ], [ 130.253590632483707, -0.393005818 ], [ 130.258024478560372, -0.396535814 ], [ 130.253067026648381, -0.393778524665938 ] ] ], [ [ [ 130.278361737799344, -0.394093224191127 ], [ 130.27711487, -0.392085759999986 ], [ 130.279552770743891, -0.391889257283401 ], [ 130.278361737799344, -0.394093224191127 ] ] ], [ [ [ 130.268390126857781, -0.388442325105935 ], [ 130.262050517648561, -0.386344243462574 ], [ 130.262042933103857, -0.385685021772262 ], [ 130.264569776961025, -0.383947272127147 ], [ 130.268390126857781, -0.388442325105935 ] ] ], [ [ [ 130.273260868137669, -0.371404814661262 ], [ 130.279735129155853, -0.36828405721217 ], [ 130.282227324831155, -0.370890050635358 ], [ 130.273260868137669, -0.371404814661262 ] ] ], [ [ [ 130.421800165151609, -0.367828569431617 ], [ 130.422470094, -0.367443321999986 ], [ 130.422831679938128, -0.367875763255837 ], [ 130.421800165151609, -0.367828569431617 ] ] ], [ [ [ 130.426569304315962, -0.370585809675282 ], [ 130.425506594000012, -0.369713306 ], [ 130.426234528327512, -0.368576443239008 ], [ 130.426569304315962, -0.370585809675282 ] ] ], [ [ [ 130.30217603220575, -0.369377830408317 ], [ 130.306541626794711, -0.369960722709189 ], [ 130.302868796157213, -0.369891049206264 ], [ 130.30217603220575, -0.369377830408317 ] ] ], [ [ [ 130.296374715999946, -0.368647771999974 ], [ 130.292033984744648, -0.376304465803194 ], [ 130.287196671858055, -0.367801972621292 ], [ 130.287501901954585, -0.367418546885506 ], [ 130.296374715999946, -0.368647771999974 ] ] ], [ [ [ 130.318556226629369, -0.36383660852098 ], [ 130.317932130000031, -0.362025797 ], [ 130.323163250520253, -0.36157669554164 ], [ 130.318556226629369, -0.36383660852098 ] ] ], [ [ [ 130.346709443985702, -0.346554171238017 ], [ 130.34129786184215, -0.346810204692164 ], [ 130.346709443985702, -0.344726745243046 ], [ 130.346709443985702, -0.346554171238017 ] ] ], [ [ [ 130.388763427999947, -0.344586252999989 ], [ 130.390930176999973, -0.347786246999988 ], [ 130.388362859095139, -0.352658342747575 ], [ 130.388763427999947, -0.344586252999989 ] ] ], [ [ [ 130.250580600720923, -0.324360912540229 ], [ 130.251373292000039, -0.318456292 ], [ 130.253212086668555, -0.320509579053857 ], [ 130.250580600720923, -0.324360912540229 ] ] ], [ [ [ 130.389415634999978, -0.315303174 ], [ 130.382550145273058, -0.314723008260215 ], [ 130.381487467504485, -0.325454156258471 ], [ 130.381668089999948, -0.314336239999989 ], [ 130.389415634999978, -0.315303174 ] ] ], [ [ [ 130.395471346325621, -0.315401429832113 ], [ 130.394393923000052, -0.314602429263629 ], [ 130.396825479812122, -0.314015061046208 ], [ 130.395471346325621, -0.315401429832113 ] ] ], [ [ [ 130.365277419817147, -0.315384206915597 ], [ 130.352925613091742, -0.317093027272973 ], [ 130.351562500999989, -0.312556266 ], [ 130.365277419817147, -0.315384206915597 ] ] ], [ [ [ 130.52490824132235, -0.310976251852507 ], [ 130.524913426691825, -0.310549585422661 ], [ 130.525080116500703, -0.310614444114847 ], [ 130.52490824132235, -0.310976251852507 ] ] ], [ [ [ 130.529573387763918, -0.309417972410201 ], [ 130.530583761680106, -0.308816222000019 ], [ 130.530811462279189, -0.309520021931414 ], [ 130.529573387763918, -0.309417972410201 ] ] ], [ [ [ 130.521713195607504, -0.309084877764848 ], [ 130.520893251451668, -0.309838289881054 ], [ 130.52038574200003, -0.308906227000023 ], [ 130.521713195607504, -0.309084877764848 ] ] ], [ [ [ 130.272079469, -0.302876293 ], [ 130.274736495859941, -0.305769647625121 ], [ 130.270392212992846, -0.307009797513139 ], [ 130.272079469, -0.302876293 ] ] ], [ [ [ 130.382080080000037, -0.302051771637188 ], [ 130.382285650212168, -0.301333921797456 ], [ 130.383097893553014, -0.302075814447283 ], [ 130.382080080000037, -0.302051771637188 ] ] ], [ [ [ 130.490785175045005, -0.306044494288877 ], [ 130.520275553773928, -0.303642592631542 ], [ 130.513383047989322, -0.315420925335369 ], [ 130.524952042802653, -0.321791678643018 ], [ 130.497011178115173, -0.331646777001959 ], [ 130.486877444000015, -0.319974004000017 ], [ 130.490785175045005, -0.306044494288877 ] ] ], [ [ [ 130.489014541786617, -0.302739701841933 ], [ 130.489883425000016, -0.304034323 ], [ 130.488751654523242, -0.303226953145461 ], [ 130.489014541786617, -0.302739701841933 ] ] ], [ [ [ 130.338706700569389, -0.298424822673565 ], [ 130.341217553340726, -0.298084907060392 ], [ 130.349910638809405, -0.29927203314385 ], [ 130.338706700569389, -0.298424822673565 ] ] ], [ [ [ 130.375643790828349, -0.294834155871554 ], [ 130.375156828624824, -0.304999424084068 ], [ 130.369841376467747, -0.301117524041374 ], [ 130.375643790828349, -0.294834155871554 ] ] ], [ [ [ 130.505553252038027, -0.292395672338867 ], [ 130.504531860000043, -0.293201862999979 ], [ 130.504938265389939, -0.291877316959012 ], [ 130.505553252038027, -0.292395672338867 ] ] ], [ [ [ 130.3195591124597, -0.27863319867515 ], [ 130.319235615017021, -0.27814825215783 ], [ 130.320135294108553, -0.278438470858694 ], [ 130.3195591124597, -0.27863319867515 ] ] ], [ [ [ 130.420339143248924, -0.269704383239062 ], [ 130.418570529560554, -0.270696972887638 ], [ 130.419021355251743, -0.269443176337545 ], [ 130.420339143248924, -0.269704383239062 ] ] ], [ [ [ 130.386215214, -0.265189386264038 ], [ 130.38691711599995, -0.26337662200001 ], [ 130.3879803893835, -0.263748253878765 ], [ 130.386215214, -0.265189386264038 ] ] ], [ [ [ 130.291496915950034, -0.252190024849691 ], [ 130.291357503450456, -0.254606936312548 ], [ 130.290265941919756, -0.251822001584051 ], [ 130.291496915950034, -0.252190024849691 ] ] ], [ [ [ 130.289272185041341, -0.250063105362079 ], [ 130.289189076614662, -0.250316040952564 ], [ 130.289219027338049, -0.250031510778876 ], [ 130.289272185041341, -0.250063105362079 ] ] ], [ [ [ 130.722723220817983, -0.246576372205364 ], [ 130.722687924999946, -0.246492365 ], [ 130.722796080422626, -0.24651654782157 ], [ 130.722723220817983, -0.246576372205364 ] ] ], [ [ [ 130.357103956843787, -0.200557602409735 ], [ 130.357843338066175, -0.200926359876601 ], [ 130.356765193658816, -0.201926480422726 ], [ 130.357103956843787, -0.200557602409735 ] ] ], [ [ [ 131.26531830700003, -0.177353875 ], [ 131.26512268, -0.177292909000016 ], [ 131.26519526300001, -0.176813385 ], [ 131.26531830700003, -0.177353875 ] ] ], [ [ [ 131.264997205999975, -0.174955077 ], [ 131.264692921, -0.175295702000028 ], [ 131.264298175000022, -0.174794102000021 ], [ 131.264997205999975, -0.174955077 ] ] ], [ [ [ 131.250458859999981, -0.173823944 ], [ 131.249999977000016, -0.173841112 ], [ 131.249764097000025, -0.173717079000028 ], [ 131.250458859999981, -0.173823944 ] ] ], [ [ [ 131.26075003699998, -0.173517071 ], [ 131.26356583300003, -0.174549570000011 ], [ 131.260064581000051, -0.173463847 ], [ 131.257499614000039, -0.173715474 ], [ 131.254136958, -0.175088634000019 ], [ 131.252226046000033, -0.174113467999973 ], [ 131.254439170999945, -0.174516806999975 ], [ 131.257892215999959, -0.17335757799998 ], [ 131.258823066, -0.173215350000021 ], [ 131.26075003699998, -0.173517071 ] ] ], [ [ [ 130.411771382754551, -0.140522644188424 ], [ 130.411532339020425, -0.139995121298505 ], [ 130.411727259723193, -0.139906256891845 ], [ 130.411771382754551, -0.140522644188424 ] ] ], [ [ [ 130.418071806563461, -0.1451113357347 ], [ 130.415006898249771, -0.139278827156103 ], [ 130.417530940900292, -0.13799569964173 ], [ 130.418071806563461, -0.1451113357347 ] ] ], [ [ [ 130.366713742345354, -0.128938575155063 ], [ 130.366601007946457, -0.128931361841551 ], [ 130.366612067075664, -0.128908449597316 ], [ 130.366713742345354, -0.128938575155063 ] ] ], [ [ [ 130.498132743108584, -0.081445402015974 ], [ 130.497767985304307, -0.080888066231305 ], [ 130.498038281000049, -0.080760188999989 ], [ 130.498132743108584, -0.081445402015974 ] ] ], [ [ [ 130.354630247238674, -0.079840658913903 ], [ 130.354720067876855, -0.07985981288004 ], [ 130.354596335552543, -0.080012097780019 ], [ 130.354630247238674, -0.079840658913903 ] ] ], [ [ [ 130.442721063615096, -0.076011456159368 ], [ 130.442978244750293, -0.076150334270425 ], [ 130.442729212078973, -0.076118250104723 ], [ 130.442721063615096, -0.076011456159368 ] ] ], [ [ [ 130.813945018000027, -0.006642468999985 ], [ 130.827610084737671, -0.015729780105295 ], [ 130.833397702999946, -0.009262956999976 ], [ 130.87980594129121, -0.015058771644943 ], [ 130.937222593, -0.040396406000013 ], [ 130.925683712000023, -0.070446799000024 ], [ 130.890272527999969, -0.088175723 ], [ 130.891826821, -0.108027204 ], [ 130.900812278999979, -0.104437996 ], [ 130.907353113999989, -0.082810954000024 ], [ 130.925894236999966, -0.098067696999976 ], [ 130.90643146900004, -0.11709788600001 ], [ 130.911721931999978, -0.133223902999987 ], [ 130.945901125999967, -0.139638174000027 ], [ 130.982126975000028, -0.138685950000024 ], [ 130.991613959, -0.13162515800002 ], [ 131.014481902000057, -0.142078503999983 ], [ 131.023942918999978, -0.127058601999977 ], [ 131.022232241999973, -0.113290791 ], [ 131.03139287700003, -0.110339970999974 ], [ 131.025295723999989, -0.102266687999986 ], [ 131.037153747000048, -0.110419120000017 ], [ 131.03663523299997, -0.094468496 ], [ 131.046220540000036, -0.084611712000026 ], [ 131.069291827000029, -0.083699669999987 ], [ 131.060262407999971, -0.067298422000022 ], [ 131.082720602999984, -0.080769445999977 ], [ 131.089780029000053, -0.07411657900002 ], [ 131.11486676100003, -0.076627025999983 ], [ 131.126526727000055, -0.090876374 ], [ 131.133759335000036, -0.087010228 ], [ 131.147392386999968, -0.096696527 ], [ 131.158394254999962, -0.116485878 ], [ 131.181960215, -0.119450436000022 ], [ 131.182810332000031, -0.18351463800002 ], [ 131.227903202999983, -0.19298948 ], [ 131.239604445000055, -0.171282097000017 ], [ 131.253870780000057, -0.175160509000023 ], [ 131.260254239, -0.17359036900001 ], [ 131.269007021999982, -0.182906374000027 ], [ 131.265436013, -0.192417026999976 ], [ 131.281478555000035, -0.202232686 ], [ 131.269068202999961, -0.203765098000019 ], [ 131.271240076000026, -0.216230329999973 ], [ 131.254164517000049, -0.218584021000026 ], [ 131.258416915, -0.227697826999986 ], [ 131.23849283100003, -0.235489519999987 ], [ 131.225816544000054, -0.227854214 ], [ 131.220331633, -0.239764010999977 ], [ 131.180263381000032, -0.235802412 ], [ 131.150068060999956, -0.24218130700001 ], [ 131.167165967999949, -0.259290551 ], [ 131.15777011800003, -0.281944851999981 ], [ 131.106143215999964, -0.283964744 ], [ 131.088889460000019, -0.270952460999979 ], [ 130.980205155000021, -0.273187598 ], [ 130.956559244, -0.293972914999983 ], [ 130.93782744400005, -0.290729441999986 ], [ 130.930427227, -0.302142861 ], [ 130.908519264, -0.302200578 ], [ 130.897667462783289, -0.291951260342321 ], [ 130.898873804382703, -0.270157278735367 ], [ 130.882114482997082, -0.258549465585306 ], [ 130.882165815400043, -0.249028621873398 ], [ 130.847915597999986, -0.213598031 ], [ 130.822155338000016, -0.171001522999973 ], [ 130.828762959999949, -0.167485742 ], [ 130.853209066999966, -0.178908463000027 ], [ 130.879689230000054, -0.199749327 ], [ 130.904449463, -0.200645297999984 ], [ 130.908687448000023, -0.217344567999987 ], [ 130.928866231000029, -0.223642412 ], [ 130.942462858, -0.222009242000013 ], [ 130.949707032, -0.210330874000022 ], [ 130.920272826999962, -0.208198830000015 ], [ 130.915170838, -0.196552280999981 ], [ 130.889157878999981, -0.188187427 ], [ 130.852389838000022, -0.147103887000014 ], [ 130.834857521, -0.153120896000019 ], [ 130.815765076000048, -0.143888924 ], [ 130.803482692999978, -0.158756040000014 ], [ 130.793661849000046, -0.145138433999989 ], [ 130.783631046999972, -0.144683864 ], [ 130.768958471856109, -0.163189277762937 ], [ 130.75150075, -0.132072768 ], [ 130.725684147000038, -0.120151039 ], [ 130.722260444999961, -0.095600225999988 ], [ 130.680258964896524, -0.098505824402687 ], [ 130.713267074999976, -0.077384515 ], [ 130.66438584399998, -0.076055613999984 ], [ 130.645497197068835, -0.09593565085269 ], [ 130.622021857123087, -0.07980965679018 ], [ 130.609212684, -0.098762398000019 ], [ 130.577468874000033, -0.075296238000021 ], [ 130.576956872999972, -0.056444301999989 ], [ 130.56444470026284, -0.049393244302736 ], [ 130.570976589597933, -0.050863404722273 ], [ 130.569501337242201, -0.039023572981272 ], [ 130.58028594783832, -0.042896262152775 ], [ 130.577043820999961, -0.053995719 ], [ 130.589479544000028, -0.061761682 ], [ 130.586247767892161, -0.048305959653627 ], [ 130.594086414256651, -0.042572088930731 ], [ 130.607438294341762, -0.056894545247049 ], [ 130.620364686281277, -0.051471710650924 ], [ 130.633937782999965, -0.063245665000011 ], [ 130.637559668, -0.054808863 ], [ 130.655134954214844, -0.059665385249291 ], [ 130.656577684400219, -0.049896219919452 ], [ 130.667724103084993, -0.053192448272826 ], [ 130.683331276, -0.041099380999981 ], [ 130.692085181000039, -0.04577324600001 ], [ 130.710897086422193, -0.029802041360063 ], [ 130.72714533413793, -0.027930228143671 ], [ 130.732080747928194, -0.036720668024431 ], [ 130.707488480808792, -0.053461556905271 ], [ 130.707668890000036, -0.062186415999975 ], [ 130.718535059702248, -0.054834363499634 ], [ 130.733995529000026, -0.061217805000013 ], [ 130.78135683000005, -0.052446455999984 ], [ 130.790432574999954, -0.058352942 ], [ 130.777913786999989, -0.036400384 ], [ 130.740015635999953, -0.035992669 ], [ 130.740303617, -0.025373345999981 ], [ 130.752267794999966, -0.02536474599998 ], [ 130.753994696581401, -0.015582727048791 ], [ 130.774629005824096, -0.008962593049239 ], [ 130.813945018000027, -0.006642468999985 ] ] ], [ [ [ 130.621461620421087, -0.051830990626647 ], [ 130.621392609581363, -0.052005546418782 ], [ 130.621283154893746, -0.051877054882171 ], [ 130.621461620421087, -0.051830990626647 ] ] ], [ [ [ 130.289486509394919, -0.250946597907125 ], [ 130.289565825102784, -0.250803829632945 ], [ 130.289823599579591, -0.251053673887919 ], [ 130.289486509394919, -0.250946597907125 ] ] ], [ [ [ 130.288708425853258, -0.247651838061818 ], [ 130.288771878419567, -0.248976403638151 ], [ 130.287161776294965, -0.247937372811529 ], [ 130.288708425853258, -0.247651838061818 ] ] ], [ [ [ 130.633228455728698, -0.090959151143904 ], [ 130.633064649613999, -0.090892485299948 ], [ 130.633550059587634, -0.090507013387958 ], [ 130.633228455728698, -0.090959151143904 ] ] ] ] } },
{ "type": "Feature", "properties": { "NAME": "Kawe / Kep. Wayag Sayang / Kep. Panjang", "DESIG_ENG": "Nature Reserve", "IUCN_CAT": "IV", "STATUS": "Designated", "STATUS_YR": 2009, "GIS_AREA": 1294.9368546668099 }, "geometry": { "type": "MultiPolygon", "coordinates": [ [ [ [ 130.096878998167284, 0.123629211818694 ], [ 130.095096128183798, 0.122779546738711 ], [ 130.093677903612445, 0.124228339266436 ], [ 130.096878998167284, 0.123629211818694 ] ] ], [ [ [ 130.097209033170429, 0.12371231816894 ], [ 130.097181362829758, 0.123819256553487 ], [ 130.097317810668557, 0.12381582294187 ], [ 130.097209033170429, 0.12371231816894 ] ] ], [ [ [ 130.098364829273436, 0.123857208843154 ], [ 130.098623694627918, 0.123981503243792 ], [ 130.098420175350839, 0.123797206975501 ], [ 130.098364829273436, 0.123857208843154 ] ] ], [ [ [ 130.10025967744221, 0.124864388380791 ], [ 130.100542258818194, 0.124665606732405 ], [ 130.100116499077217, 0.124439520767345 ], [ 130.10025967744221, 0.124864388380791 ] ] ], [ [ [ 130.104704205234952, 0.126088281149256 ], [ 130.104879320324471, 0.126622968575146 ], [ 130.105121984392071, 0.126291852586919 ], [ 130.104704205234952, 0.126088281149256 ] ] ], [ [ [ 130.097719146621273, 0.126791506023144 ], [ 130.0982023676452, 0.126611468044841 ], [ 130.098051742893574, 0.126227857729416 ], [ 130.097719146621273, 0.126791506023144 ] ] ], [ [ [ 130.098597981211896, 0.126806121805151 ], [ 130.09930851397678, 0.12700529465865 ], [ 130.099417113409089, 0.126708575040707 ], [ 130.098597981211896, 0.126806121805151 ] ] ], [ [ [ 130.099885677282288, 0.126072611361922 ], [ 130.099654566804958, 0.12767682832297 ], [ 130.101724069610185, 0.126198709802678 ], [ 130.099885677282288, 0.126072611361922 ] ] ], [ [ [ 130.094749746203917, 0.127632732764388 ], [ 130.095546263149572, 0.127306088205431 ], [ 130.094751146448289, 0.126730058945052 ], [ 130.094749746203917, 0.127632732764388 ] ] ], [ [ [ 130.103607990116785, 0.127414950239841 ], [ 130.10405216077865, 0.127678909354229 ], [ 130.104142787259889, 0.127522885972459 ], [ 130.103607990116785, 0.127414950239841 ] ] ], [ [ [ 130.094232691785351, 0.128569052919486 ], [ 130.094216298943138, 0.128676208040529 ], [ 130.094381651891808, 0.128670792323232 ], [ 130.094232691785351, 0.128569052919486 ] ] ], [ [ [ 130.084852573987206, 0.130742581205196 ], [ 130.086230775130275, 0.126617584334094 ], [ 130.084375784015265, 0.129436161249869 ], [ 130.084852573987206, 0.130742581205196 ] ] ], [ [ [ 130.106984931809222, 0.129625615130008 ], [ 130.105437847878477, 0.128035780127162 ], [ 130.104814114080085, 0.128504081398257 ], [ 130.106984931809222, 0.129625615130008 ] ] ], [ [ [ 130.081977603283832, 0.129247815334471 ], [ 130.082281423049267, 0.129143487681821 ], [ 130.082015641908356, 0.128933683942373 ], [ 130.081977603283832, 0.129247815334471 ] ] ], [ [ [ 130.095517544199424, 0.129068138883509 ], [ 130.095541630741764, 0.129135265180386 ], [ 130.095621735155021, 0.129096667177459 ], [ 130.095517544199424, 0.129068138883509 ] ] ], [ [ [ 130.080561617125028, 0.129531974121283 ], [ 130.078371714882792, 0.130982637238914 ], [ 130.079059644986728, 0.131570024936773 ], [ 130.080561617125028, 0.129531974121283 ] ] ], [ [ [ 130.078375051367686, 0.132488112236556 ], [ 130.077957854071769, 0.131082953015843 ], [ 130.073729436064752, 0.131231060565002 ], [ 130.078375051367686, 0.132488112236556 ] ] ], [ [ [ 130.093856062907122, 0.132059492651488 ], [ 130.093878779781903, 0.132009722370791 ], [ 130.093834676129518, 0.131979119340903 ], [ 130.093856062907122, 0.132059492651488 ] ] ], [ [ [ 130.092148841196206, 0.133070154364207 ], [ 130.092383900596587, 0.132866498390166 ], [ 130.092132432166068, 0.132795247802514 ], [ 130.092148841196206, 0.133070154364207 ] ] ], [ [ [ 130.087255808908481, 0.13353416137249 ], [ 130.086348898382965, 0.132203862618225 ], [ 130.085546848808121, 0.134888032256869 ], [ 130.087255808908481, 0.13353416137249 ] ] ], [ [ [ 130.089056730084053, 0.133401055414412 ], [ 130.089211679675344, 0.133826773786611 ], [ 130.089438626291695, 0.133419147975372 ], [ 130.089056730084053, 0.133401055414412 ] ] ], [ [ [ 130.088021541161311, 0.133758559310143 ], [ 130.087933261910621, 0.133945709127209 ], [ 130.088283074804139, 0.134043576949589 ], [ 130.088021541161311, 0.133758559310143 ] ] ], [ [ [ 130.090956602765118, 0.134244488192609 ], [ 130.091382086414228, 0.134078010192068 ], [ 130.090753868596266, 0.13360022916728 ], [ 130.090956602765118, 0.134244488192609 ] ] ], [ [ [ 130.063693767353584, 0.135758524736124 ], [ 130.064237370658248, 0.135717795340002 ], [ 130.06371172771415, 0.135527857624579 ], [ 130.063693767353584, 0.135758524736124 ] ] ], [ [ [ 130.062310111822285, 0.137296363636258 ], [ 130.062665034663695, 0.137450125223099 ], [ 130.062660535355491, 0.137287302067341 ], [ 130.062310111822285, 0.137296363636258 ] ] ], [ [ [ 130.077585166022715, 0.132745921786887 ], [ 130.063188962600634, 0.137665941829818 ], [ 130.06348400678155, 0.142168619785993 ], [ 130.075020926374719, 0.142632072811994 ], [ 130.077585166022715, 0.132745921786887 ] ] ], [ [ [ 130.081836488862876, 0.138830355236669 ], [ 130.081887281672749, 0.139216594270403 ], [ 130.082852397220421, 0.138851041442484 ], [ 130.081836488862876, 0.138830355236669 ] ] ], [ [ [ 130.062260878436916, 0.141421227407696 ], [ 130.062256380027975, 0.141294586675839 ], [ 130.061879002014422, 0.141330787086153 ], [ 130.062260878436916, 0.141421227407696 ] ] ], [ [ [ 130.115231565684354, 0.142218292040569 ], [ 130.115382283965317, 0.142266498400184 ], [ 130.115266035798953, 0.141916112638446 ], [ 130.115231565684354, 0.142218292040569 ] ] ], [ [ [ 130.115195679137372, 0.142579891448852 ], [ 130.1154900488267, 0.14279268273611 ], [ 130.115583643070721, 0.142532130253587 ], [ 130.115195679137372, 0.142579891448852 ] ] ], [ [ [ 130.07017897288128, 0.143128153241706 ], [ 130.070165498339179, 0.14318242822648 ], [ 130.070322740302288, 0.143200511794189 ], [ 130.07017897288128, 0.143128153241706 ] ] ], [ [ [ 130.114498974348322, 0.144360123720761 ], [ 130.114554803361557, 0.144644669216193 ], [ 130.114794338687801, 0.144523517946022 ], [ 130.114498974348322, 0.144360123720761 ] ] ], [ [ [ 130.080853519974113, 0.144623107970071 ], [ 130.081248411385161, 0.14465844772919 ], [ 130.080804552787981, 0.144459700254979 ], [ 130.080853519974113, 0.144623107970071 ] ] ], [ [ [ 130.070019453834789, 0.145120235210689 ], [ 130.070573751877191, 0.144393267335458 ], [ 130.069673710373536, 0.144509040659719 ], [ 130.070019453834789, 0.145120235210689 ] ] ], [ [ [ 130.114317546018015, 0.144879106285773 ], [ 130.114304045395443, 0.14513188592788 ], [ 130.114615044448783, 0.144939100059455 ], [ 130.114317546018015, 0.144879106285773 ] ] ], [ [ [ 130.07527230217508, 0.145646996012067 ], [ 130.074644353254399, 0.144278654136615 ], [ 130.071431510855604, 0.146401213345365 ], [ 130.07527230217508, 0.145646996012067 ] ] ], [ [ [ 130.114067950875324, 0.145283266109869 ], [ 130.113733230404335, 0.145822807176804 ], [ 130.11424838635395, 0.145752597104737 ], [ 130.114067950875324, 0.145283266109869 ] ] ], [ [ [ 130.11280290243198, 0.146075596711443 ], [ 130.113359252727435, 0.146172220771396 ], [ 130.112819921202458, 0.145920762233404 ], [ 130.11280290243198, 0.146075596711443 ] ] ], [ [ [ 130.077020411562813, 0.148617566447568 ], [ 130.077131898718221, 0.148591093104495 ], [ 130.077029078329417, 0.148520966669258 ], [ 130.077020411562813, 0.148617566447568 ] ] ], [ [ [ 130.075300216232108, 0.148969311984176 ], [ 130.075837228405504, 0.149598821228642 ], [ 130.076300727296854, 0.148808530289463 ], [ 130.075300216232108, 0.148969311984176 ] ] ], [ [ [ 130.041366602886455, 0.149064151789164 ], [ 130.040772697801799, 0.149723356647597 ], [ 130.040820812430582, 0.149863998924443 ], [ 130.041366602886455, 0.149064151789164 ] ] ], [ [ [ 130.055914541722814, 0.149604047189106 ], [ 130.056105935440655, 0.149946727559497 ], [ 130.056199269780564, 0.149690293971977 ], [ 130.055914541722814, 0.149604047189106 ] ] ], [ [ [ 130.072128843371502, 0.150333678856191 ], [ 130.072754688777849, 0.149962465695269 ], [ 130.072060268266796, 0.149782907055579 ], [ 130.072128843371502, 0.150333678856191 ] ] ], [ [ [ 130.038503680400623, 0.151633028341619 ], [ 130.039133966659278, 0.15174026260309 ], [ 130.038682146364039, 0.15088008175041 ], [ 130.038503680400623, 0.151633028341619 ] ] ], [ [ [ 130.036956695395276, 0.151922868145865 ], [ 130.036736168139697, 0.152277511298132 ], [ 130.037308545253239, 0.152191601761048 ], [ 130.036956695395276, 0.151922868145865 ] ] ], [ [ [ 130.067935793002562, 0.154015128295532 ], [ 130.06849897185009, 0.154286743338522 ], [ 130.068544625933811, 0.154107038109336 ], [ 130.067935793002562, 0.154015128295532 ] ] ], [ [ [ 130.075542727415041, 0.155858891374811 ], [ 130.072744100160236, 0.153533291328317 ], [ 130.072876269024619, 0.15666644929721 ], [ 130.075542727415041, 0.155858891374811 ] ] ], [ [ [ 130.079238815119311, 0.156871801392539 ], [ 130.07952659997278, 0.15633268120831 ], [ 130.078948195602862, 0.156130729449616 ], [ 130.079238815119311, 0.156871801392539 ] ] ], [ [ [ 130.038841565585784, 0.157433388440159 ], [ 130.040661036178022, 0.156393029314911 ], [ 130.038801072711408, 0.15623481968125 ], [ 130.038841565585784, 0.157433388440159 ] ] ], [ [ [ 130.044002550877082, 0.157402933798329 ], [ 130.04368832685492, 0.157226466128519 ], [ 130.043552630849263, 0.157575587443398 ], [ 130.044002550877082, 0.157402933798329 ] ] ], [ [ [ 130.064822423715896, 0.158097175344446 ], [ 130.064952812822071, 0.158174862380006 ], [ 130.065087455721596, 0.157992683115887 ], [ 130.064822423715896, 0.158097175344446 ] ] ], [ [ [ 130.037078712712514, 0.155409176392402 ], [ 130.026030954165321, 0.159445208729453 ], [ 130.031891596719959, 0.161279102648487 ], [ 130.037078712712514, 0.155409176392402 ] ] ], [ [ [ 130.042285463603292, 0.158676842362388 ], [ 130.042442994248887, 0.158667995731493 ], [ 130.04227428413094, 0.158613837658534 ], [ 130.042285463603292, 0.158676842362388 ] ] ], [ [ [ 130.044093187250866, 0.158856842569216 ], [ 130.044121496110137, 0.15880026891732 ], [ 130.044008883902933, 0.158808199139132 ], [ 130.044093187250866, 0.158856842569216 ] ] ], [ [ [ 130.020394044949285, 0.159961585059149 ], [ 130.02043152059818, 0.160108922788543 ], [ 130.020524598631368, 0.160074734161681 ], [ 130.020394044949285, 0.159961585059149 ] ] ], [ [ [ 130.025212885866068, 0.160377227427139 ], [ 130.025580945104622, 0.160224179901997 ], [ 130.025004974300145, 0.159832659149911 ], [ 130.025212885866068, 0.160377227427139 ] ] ], [ [ [ 130.043026808040878, 0.160542012903603 ], [ 130.043929828099152, 0.160343194382934 ], [ 130.043001448058476, 0.15992205985515 ], [ 130.043026808040878, 0.160542012903603 ] ] ], [ [ [ 130.039469070241466, 0.159563618865905 ], [ 130.038597825029683, 0.160922036722594 ], [ 130.041573989248207, 0.15988262997943 ], [ 130.039469070241466, 0.159563618865905 ] ] ], [ [ [ 130.027870673892551, 0.160727392854904 ], [ 130.028198057694198, 0.160678006584719 ], [ 130.027791170226294, 0.160478132259984 ], [ 130.027870673892551, 0.160727392854904 ] ] ], [ [ [ 130.017887691064146, 0.160542772830746 ], [ 130.017916011614773, 0.160706292961072 ], [ 130.018073109686298, 0.160676922901709 ], [ 130.017887691064146, 0.160542772830746 ] ] ], [ [ [ 130.065825033798319, 0.160603515739671 ], [ 130.066194486086744, 0.160733049590606 ], [ 130.066164726620826, 0.1605679763311 ], [ 130.065825033798319, 0.160603515739671 ] ] ], [ [ [ 130.0720569767482, 0.160617334722252 ], [ 130.070489628393716, 0.157702995296999 ], [ 130.065679115198975, 0.163712435180758 ], [ 130.0720569767482, 0.160617334722252 ] ] ], [ [ [ 130.037548258645302, 0.161041749077468 ], [ 130.037540813158159, 0.161107974253655 ], [ 130.037598292427305, 0.161103465952189 ], [ 130.037548258645302, 0.161041749077468 ] ] ], [ [ [ 130.022010177927399, 0.161086673811001 ], [ 130.02457041379364, 0.159416173217858 ], [ 130.017313034169177, 0.162745065032771 ], [ 130.022010177927399, 0.161086673811001 ] ] ], [ [ [ 130.036323700378517, 0.161285199152589 ], [ 130.03632896321119, 0.161239391284957 ], [ 130.036064086788258, 0.161264959010671 ], [ 130.036323700378517, 0.161285199152589 ] ] ], [ [ [ 130.026051665552046, 0.161077170674945 ], [ 130.02608447282023, 0.161461219859399 ], [ 130.026680115395067, 0.161559345787227 ], [ 130.026051665552046, 0.161077170674945 ] ] ], [ [ [ 130.065025969073275, 0.161471279675846 ], [ 130.065305766148299, 0.161925071285024 ], [ 130.065661516365935, 0.161548134838613 ], [ 130.065025969073275, 0.161471279675846 ] ] ], [ [ [ 130.020497053296481, 0.162128463757666 ], [ 130.020518613643134, 0.162229242685447 ], [ 130.020628295859154, 0.162195486632472 ], [ 130.020497053296481, 0.162128463757666 ] ] ], [ [ [ 130.042503111229621, 0.162330015317997 ], [ 130.042846370763385, 0.162222841311083 ], [ 130.042512678217633, 0.16211168510622 ], [ 130.042503111229621, 0.162330015317997 ] ] ], [ [ [ 130.029432182948995, 0.162737679800079 ], [ 130.029732075374994, 0.162696407213398 ], [ 130.029582294187549, 0.162254234845078 ], [ 130.029432182948995, 0.162737679800079 ] ] ], [ [ [ 130.065329335580486, 0.162483219325166 ], [ 130.065407036105853, 0.162563053042492 ], [ 130.065418738983652, 0.162469826621242 ], [ 130.065329335580486, 0.162483219325166 ] ] ], [ [ [ 130.027666958563401, 0.162509553273255 ], [ 130.027810655837129, 0.162594729862859 ], [ 130.027826888600089, 0.162518382817106 ], [ 130.027666958563401, 0.162509553273255 ] ] ], [ [ [ 130.030222559323761, 0.161692690964971 ], [ 130.031140181674118, 0.163930620601688 ], [ 130.031602632855282, 0.163299974614167 ], [ 130.030222559323761, 0.161692690964971 ] ] ], [ [ [ 130.042422675865822, 0.163049820992528 ], [ 130.042532288834025, 0.162723523571801 ], [ 130.04203042756231, 0.162798557607408 ], [ 130.042422675865822, 0.163049820992528 ] ] ], [ [ [ 130.038463811655674, 0.163256434836606 ], [ 130.038931753198, 0.162831583410833 ], [ 130.038112586826571, 0.162762297841818 ], [ 130.038463811655674, 0.163256434836606 ] ] ], [ [ [ 130.055836149618699, 0.171915181240662 ], [ 130.069899783748042, 0.168224850096793 ], [ 130.063595929208873, 0.165611501169844 ], [ 130.06205224291665, 0.167680980592783 ], [ 130.059589257038652, 0.167725041077821 ], [ 130.05920432561922, 0.166992545969253 ], [ 130.066635072950362, 0.153953184791694 ], [ 130.04177071774447, 0.151752085090701 ], [ 130.054303729133807, 0.164974148038505 ], [ 130.050960781814666, 0.171689288629823 ], [ 130.055040933092641, 0.167852326623569 ], [ 130.060351759825977, 0.168514802316272 ], [ 130.055836149618699, 0.171915181240662 ] ] ], [ [ [ 130.010665153873788, 0.163598014436856 ], [ 130.01062349637732, 0.163920130909373 ], [ 130.011044042748381, 0.163832347185084 ], [ 130.010665153873788, 0.163598014436856 ] ] ], [ [ [ 130.065082370055393, 0.163872983951036 ], [ 130.065436982630672, 0.164082292164108 ], [ 130.065459477373025, 0.163830847115948 ], [ 130.065082370055393, 0.163872983951036 ] ] ], [ [ [ 130.030667069030017, 0.164106296868111 ], [ 130.030813949004624, 0.164052764723349 ], [ 130.030634911072298, 0.163931478554952 ], [ 130.030667069030017, 0.164106296868111 ] ] ], [ [ [ 130.047062745049743, 0.165089504976729 ], [ 130.047241499695474, 0.163936916755331 ], [ 130.045850938270291, 0.163214321383881 ], [ 130.047062745049743, 0.165089504976729 ] ] ], [ [ [ 130.065576368554645, 0.164230426692841 ], [ 130.065581798661128, 0.164288933887219 ], [ 130.065644705338968, 0.16428957330516 ], [ 130.065576368554645, 0.164230426692841 ] ] ], [ [ [ 130.027658108335118, 0.166016963212273 ], [ 130.029349816740734, 0.162803067707435 ], [ 130.024133848698199, 0.165603996327407 ], [ 130.027658108335118, 0.166016963212273 ] ] ], [ [ [ 130.029717583699579, 0.164514241938724 ], [ 130.029870865947714, 0.164543162337067 ], [ 130.029840527318612, 0.164456368766425 ], [ 130.029717583699579, 0.164514241938724 ] ] ], [ [ [ 130.029910364171968, 0.164679462687095 ], [ 130.029963475434101, 0.164659207256607 ], [ 130.029909984658133, 0.164646030389987 ], [ 130.029910364171968, 0.164679462687095 ] ] ], [ [ [ 130.064247429575232, 0.165283096637653 ], [ 130.064670673912588, 0.164168223284905 ], [ 130.064189844185989, 0.164269244130372 ], [ 130.064247429575232, 0.165283096637653 ] ] ], [ [ [ 130.032232287789952, 0.165568565736768 ], [ 130.040573938636385, 0.165223942830734 ], [ 130.041158192196946, 0.163187401977 ], [ 130.032232287789952, 0.165568565736768 ] ] ], [ [ [ 130.013892471760215, 0.164949070443305 ], [ 130.014093277782621, 0.165158869686083 ], [ 130.014261288227885, 0.165011738800741 ], [ 130.013892471760215, 0.164949070443305 ] ] ], [ [ [ 130.023048941655333, 0.16508141917217 ], [ 130.023621603854053, 0.165241048835346 ], [ 130.02368544672612, 0.164937792045533 ], [ 130.023048941655333, 0.16508141917217 ] ] ], [ [ [ 130.024134310050385, 0.16511950905817 ], [ 130.024160912895923, 0.165069139828939 ], [ 130.024048622645836, 0.165064324858738 ], [ 130.024134310050385, 0.16511950905817 ] ] ], [ [ [ 130.046022355347532, 0.165389445966197 ], [ 130.04610958059277, 0.165324022086017 ], [ 130.045950135290553, 0.165289158967491 ], [ 130.046022355347532, 0.165389445966197 ] ] ], [ [ [ 130.018557935999979, 0.165916955902817 ], [ 130.022454437622287, 0.164434814714992 ], [ 130.014404131145852, 0.16699833490525 ], [ 130.018557935999979, 0.165916955902817 ] ] ], [ [ [ 130.065709964643247, 0.165486374896323 ], [ 130.066376861403086, 0.16640359524977 ], [ 130.066566292800161, 0.165829768429044 ], [ 130.065709964643247, 0.165486374896323 ] ] ], [ [ [ 130.048041185852071, 0.165926233309039 ], [ 130.048134607426277, 0.166290285168541 ], [ 130.048448807166807, 0.166187082567765 ], [ 130.048041185852071, 0.165926233309039 ] ] ], [ [ [ 130.031536390591953, 0.166392750325167 ], [ 130.031563309998774, 0.166205328013453 ], [ 130.031235472039498, 0.166215368044837 ], [ 130.031536390591953, 0.166392750325167 ] ] ], [ [ [ 130.045664561870097, 0.166420820864216 ], [ 130.045789734009077, 0.166392310556679 ], [ 130.045684990869745, 0.16635052535649 ], [ 130.045664561870097, 0.166420820864216 ] ] ], [ [ [ 130.051131038766471, 0.167104886581265 ], [ 130.049969926770785, 0.165907631731782 ], [ 130.050148321687743, 0.166968638392001 ], [ 130.051131038766471, 0.167104886581265 ] ] ], [ [ [ 130.019638887824442, 0.166700715965268 ], [ 130.019662531001018, 0.166940529182108 ], [ 130.019857309767019, 0.166825428550682 ], [ 130.019638887824442, 0.166700715965268 ] ] ], [ [ [ 130.045116111219613, 0.167305864374162 ], [ 130.042202690901433, 0.164122666328032 ], [ 130.04243813970848, 0.168219571076373 ], [ 130.041333524922265, 0.169581322719909 ], [ 130.045116111219613, 0.167305864374162 ] ] ], [ [ [ 130.032005319589928, 0.1669662587858 ], [ 130.032208405393732, 0.166953819363242 ], [ 130.032048737958917, 0.166829953939279 ], [ 130.032005319589928, 0.1669662587858 ] ] ], [ [ [ 130.038975148184619, 0.167427732403963 ], [ 130.03999950926999, 0.167094637907267 ], [ 130.038740076193676, 0.166427974071754 ], [ 130.038975148184619, 0.167427732403963 ] ] ], [ [ [ 130.036530789064727, 0.16694581989371 ], [ 130.03647363624944, 0.167171488573365 ], [ 130.037055124394527, 0.167255040987419 ], [ 130.036530789064727, 0.16694581989371 ] ] ], [ [ [ 130.072001654053139, 0.167175557106253 ], [ 130.071981018209527, 0.167410502292848 ], [ 130.072174516341022, 0.167259563677996 ], [ 130.072001654053139, 0.167175557106253 ] ] ], [ [ [ 130.047178682050514, 0.167141826234291 ], [ 130.047254294350324, 0.167840482552245 ], [ 130.048868420940948, 0.167408015667453 ], [ 130.047178682050514, 0.167141826234291 ] ] ], [ [ [ 130.060485357713134, 0.167438757192956 ], [ 130.060503668809304, 0.167595203256083 ], [ 130.060939214073528, 0.167493595153351 ], [ 130.060485357713134, 0.167438757192956 ] ] ], [ [ [ 130.033710620348927, 0.167561845602732 ], [ 130.033813869714322, 0.167555418148075 ], [ 130.033724031039242, 0.167492408947551 ], [ 130.033710620348927, 0.167561845602732 ] ] ], [ [ [ 130.018286922603437, 0.167385251128488 ], [ 130.018377782009111, 0.167699491338519 ], [ 130.018638186103431, 0.167518324710953 ], [ 130.018286922603437, 0.167385251128488 ] ] ], [ [ [ 130.04526352539142, 0.167499164654744 ], [ 130.045815646175242, 0.167892564090616 ], [ 130.045996670709911, 0.167355488065363 ], [ 130.04526352539142, 0.167499164654744 ] ] ], [ [ [ 130.05106361929063, 0.167537677222013 ], [ 130.051207535999112, 0.167721923128278 ], [ 130.051292254833811, 0.167658208859217 ], [ 130.05106361929063, 0.167537677222013 ] ] ], [ [ [ 130.019698708029068, 0.16767369518495 ], [ 130.019756502061028, 0.167672571032357 ], [ 130.019698868108321, 0.167627569856505 ], [ 130.019698708029068, 0.16767369518495 ] ] ], [ [ [ 130.022180361134843, 0.167974412289324 ], [ 130.022385125073441, 0.167409034599237 ], [ 130.021894663607867, 0.16782826436294 ], [ 130.022180361134843, 0.167974412289324 ] ] ], [ [ [ 130.03987825817515, 0.167721745062538 ], [ 130.04085541294711, 0.168484219071447 ], [ 130.041669000823816, 0.167735472314229 ], [ 130.03987825817515, 0.167721745062538 ] ] ], [ [ [ 130.020026440767623, 0.168045328329297 ], [ 130.020162611615291, 0.168173291963919 ], [ 130.020218306629658, 0.168070447293362 ], [ 130.020026440767623, 0.168045328329297 ] ] ], [ [ [ 130.029424779729879, 0.167646172333042 ], [ 130.02959964480786, 0.169232251766966 ], [ 130.031777339652479, 0.167921872996052 ], [ 130.029424779729879, 0.167646172333042 ] ] ], [ [ [ 130.055462886902774, 0.168654555163611 ], [ 130.055505184716537, 0.168388806398307 ], [ 130.055116949187834, 0.168535894116223 ], [ 130.055462886902774, 0.168654555163611 ] ] ], [ [ [ 130.014203261271518, 0.168874570704864 ], [ 130.014289043104867, 0.168672254720809 ], [ 130.013980783386501, 0.168531255413113 ], [ 130.014203261271518, 0.168874570704864 ] ] ], [ [ [ 130.020552447937263, 0.168650098123541 ], [ 130.020414935301147, 0.16879412364989 ], [ 130.020688706918349, 0.168907273651792 ], [ 130.020552447937263, 0.168650098123541 ] ] ], [ [ [ 130.031862890360088, 0.168787744758609 ], [ 130.031820314655874, 0.168915482663484 ], [ 130.032100467862364, 0.168910320554877 ], [ 130.031862890360088, 0.168787744758609 ] ] ], [ [ [ 130.040139259419334, 0.16934342775698 ], [ 130.040249510906278, 0.168887368956922 ], [ 130.039131873037633, 0.168508997192513 ], [ 130.040139259419334, 0.16934342775698 ] ] ], [ [ [ 130.04569169081887, 0.169345878409549 ], [ 130.046078843563862, 0.168931161443981 ], [ 130.045269361991501, 0.168793510312243 ], [ 130.04569169081887, 0.169345878409549 ] ] ], [ [ [ 130.037668703048297, 0.17029930726728 ], [ 130.038526051036456, 0.167879874656491 ], [ 130.036478943148722, 0.168809624364647 ], [ 130.037668703048297, 0.17029930726728 ] ] ], [ [ [ 130.055903617657947, 0.169070139075695 ], [ 130.055915602023447, 0.169179438180484 ], [ 130.056109053390202, 0.169151567291065 ], [ 130.055903617657947, 0.169070139075695 ] ] ], [ [ [ 130.032311417338036, 0.169096926282192 ], [ 130.03276530607414, 0.169515677606475 ], [ 130.033165924367978, 0.169155179867703 ], [ 130.032311417338036, 0.169096926282192 ] ] ], [ [ [ 130.019484214325132, 0.169310195109413 ], [ 130.019755859944979, 0.169493848362373 ], [ 130.019745853188681, 0.169378975259521 ], [ 130.019484214325132, 0.169310195109413 ] ] ], [ [ [ 130.040729817227316, 0.169844842065808 ], [ 130.040901932178485, 0.169861702555524 ], [ 130.040759617162621, 0.169764576673876 ], [ 130.040729817227316, 0.169844842065808 ] ] ], [ [ [ 130.030302945224776, 0.169925940229993 ], [ 130.030743062642244, 0.169718558364801 ], [ 130.030380099861787, 0.169716443159368 ], [ 130.030302945224776, 0.169925940229993 ] ] ], [ [ [ 130.040320390074072, 0.169952862334716 ], [ 130.040153851818872, 0.169688461653189 ], [ 130.039959784416652, 0.170123901696678 ], [ 130.040320390074072, 0.169952862334716 ] ] ], [ [ [ 130.03355062556102, 0.16991146294369 ], [ 130.034107385947237, 0.170320459321788 ], [ 130.034409439444232, 0.169863681963362 ], [ 130.03355062556102, 0.16991146294369 ] ] ], [ [ [ 130.044878729769636, 0.170026075243252 ], [ 130.044929397573725, 0.17019452275901 ], [ 130.045169527351845, 0.170149072821507 ], [ 130.044878729769636, 0.170026075243252 ] ] ], [ [ [ 130.02237276299266, 0.170540423601734 ], [ 130.022304204075795, 0.170345399320743 ], [ 130.02180052887141, 0.170483447952735 ], [ 130.02237276299266, 0.170540423601734 ] ] ], [ [ [ 130.028731311600836, 0.170751293937061 ], [ 130.029042646101345, 0.170602753814014 ], [ 130.028748860071971, 0.170407207926354 ], [ 130.028731311600836, 0.170751293937061 ] ] ], [ [ [ 130.036119253900551, 0.170365470390172 ], [ 130.036606778180442, 0.170864791976561 ], [ 130.036970774281855, 0.17038599471792 ], [ 130.036119253900551, 0.170365470390172 ] ] ], [ [ [ 130.03863445171865, 0.170620090944501 ], [ 130.038646380326185, 0.170707537422915 ], [ 130.038733662228765, 0.170681815013735 ], [ 130.03863445171865, 0.170620090944501 ] ] ], [ [ [ 130.044517242776578, 0.170516495340051 ], [ 130.044365048708045, 0.170835078376181 ], [ 130.044829440626188, 0.170774509036326 ], [ 130.044517242776578, 0.170516495340051 ] ] ], [ [ [ 130.006705089968023, 0.17099654535428 ], [ 130.006819079936662, 0.170858136993507 ], [ 130.006347062666947, 0.170750152697424 ], [ 130.006705089968023, 0.17099654535428 ] ] ], [ [ [ 130.053523428763242, 0.170972903077077 ], [ 130.053527901991174, 0.170934538897866 ], [ 130.053386557343799, 0.170976121750582 ], [ 130.053523428763242, 0.170972903077077 ] ] ], [ [ [ 130.037165721221072, 0.171086302191176 ], [ 130.037353645354472, 0.171188573094211 ], [ 130.037410957349806, 0.171080717401212 ], [ 130.037165721221072, 0.171086302191176 ] ] ], [ [ [ 130.039121736778867, 0.171020848633313 ], [ 130.03988988640927, 0.171450455674011 ], [ 130.039830246968336, 0.17088278920942 ], [ 130.039121736778867, 0.171020848633313 ] ] ], [ [ [ 130.031965821365588, 0.171073369040803 ], [ 130.032065257605609, 0.171330111095797 ], [ 130.032413303331367, 0.171150495798761 ], [ 130.031965821365588, 0.171073369040803 ] ] ], [ [ [ 130.055986018040386, 0.171633768083884 ], [ 130.056076909821599, 0.171583179420226 ], [ 130.055955569693879, 0.171525328730921 ], [ 130.055986018040386, 0.171633768083884 ] ] ], [ [ [ 130.039588623416307, 0.171701212740766 ], [ 130.039791704723456, 0.171629839845261 ], [ 130.039574137136839, 0.171512409969749 ], [ 130.039588623416307, 0.171701212740766 ] ] ], [ [ [ 130.055513380238409, 0.171556063961193 ], [ 130.055566812558396, 0.171661933051842 ], [ 130.055646642678425, 0.171591425304024 ], [ 130.055513380238409, 0.171556063961193 ] ] ], [ [ [ 130.052277560161286, 0.171638144185055 ], [ 130.052416193352713, 0.171627155368975 ], [ 130.052404753076956, 0.171585625576215 ], [ 130.052277560161286, 0.171638144185055 ] ] ], [ [ [ 130.030424023649857, 0.171800566243169 ], [ 130.030449266720325, 0.172036254269775 ], [ 130.031037230883641, 0.17186927174952 ], [ 130.030424023649857, 0.171800566243169 ] ] ], [ [ [ 130.04145775637042, 0.172079189702851 ], [ 130.041501589326884, 0.171797156913284 ], [ 130.041048161043761, 0.171905197866623 ], [ 130.04145775637042, 0.172079189702851 ] ] ], [ [ [ 130.040105676935525, 0.172614948221289 ], [ 130.040473308996042, 0.17241630866573 ], [ 130.039841043329631, 0.172131681332027 ], [ 130.040105676935525, 0.172614948221289 ] ] ], [ [ [ 130.029496339684471, 0.172260976862576 ], [ 130.029663308714817, 0.172649251961404 ], [ 130.029955214261832, 0.172469268841708 ], [ 130.029496339684471, 0.172260976862576 ] ] ], [ [ [ 130.007080852799163, 0.172435664774179 ], [ 130.006283506678585, 0.172605445085234 ], [ 130.006552189931654, 0.172973093333612 ], [ 130.007080852799163, 0.172435664774179 ] ] ], [ [ [ 130.018859162120719, 0.172647611598004 ], [ 130.018804575071158, 0.172968282859992 ], [ 130.019164769738438, 0.172950425022117 ], [ 130.018859162120719, 0.172647611598004 ] ] ], [ [ [ 130.008593929766079, 0.17294981708042 ], [ 130.008593070014257, 0.172834084225654 ], [ 130.00815538436359, 0.172851683958081 ], [ 130.008593929766079, 0.17294981708042 ] ] ], [ [ [ 130.031216573686038, 0.173467326555871 ], [ 130.031378411184818, 0.17334236755619 ], [ 130.031233651811618, 0.173232008150665 ], [ 130.031216573686038, 0.173467326555871 ] ] ], [ [ [ 130.038485882817298, 0.173334966135824 ], [ 130.038554900388334, 0.173515815302666 ], [ 130.038758961057312, 0.173449344611582 ], [ 130.038485882817298, 0.173334966135824 ] ] ], [ [ [ 130.029031437850648, 0.173400669705165 ], [ 130.029201967297041, 0.173490993114894 ], [ 130.029225267831862, 0.173376869147196 ], [ 130.029031437850648, 0.173400669705165 ] ] ], [ [ [ 130.03882945981178, 0.173445396587807 ], [ 130.038824672720523, 0.173485849892069 ], [ 130.038899123995378, 0.173476898939734 ], [ 130.03882945981178, 0.173445396587807 ] ] ], [ [ [ 130.02999165569048, 0.17358691660298 ], [ 130.030289109155092, 0.173638498118217 ], [ 130.030026609640345, 0.17343743219182 ], [ 130.02999165569048, 0.17358691660298 ] ] ], [ [ [ 130.037249863590432, 0.173829280297072 ], [ 130.037601088419649, 0.173448530725201 ], [ 130.03706223803195, 0.173426859761777 ], [ 130.037249863590432, 0.173829280297072 ] ] ], [ [ [ 130.03132169633929, 0.173686121717148 ], [ 130.031563853189425, 0.173734811012766 ], [ 130.031591733072077, 0.173526709689925 ], [ 130.03132169633929, 0.173686121717148 ] ] ], [ [ [ 130.009948308767576, 0.173360112079552 ], [ 130.009984105382301, 0.174003906155379 ], [ 130.010598034771505, 0.173550809722117 ], [ 130.009948308767576, 0.173360112079552 ] ] ], [ [ [ 130.055736219650839, 0.173950445956356 ], [ 130.055786257030149, 0.174089259911442 ], [ 130.055863634698966, 0.174026577164804 ], [ 130.055736219650839, 0.173950445956356 ] ] ], [ [ [ 130.036402536747687, 0.175399962438311 ], [ 130.036568264713793, 0.175287123601903 ], [ 130.036398701139234, 0.175245658560369 ], [ 130.036402536747687, 0.175399962438311 ] ] ], [ [ [ 130.027390828923728, 0.175639173109404 ], [ 130.027598323204046, 0.175390130150438 ], [ 130.027019756056887, 0.175207887933654 ], [ 130.027390828923728, 0.175639173109404 ] ] ], [ [ [ 130.055717097366283, 0.174694679915616 ], [ 130.052766681637053, 0.176340120000601 ], [ 130.053001144787117, 0.176846479681275 ], [ 130.055717097366283, 0.174694679915616 ] ] ], [ [ [ 130.007615151717886, 0.175663994397896 ], [ 130.007554815302541, 0.175836520339162 ], [ 130.007787279259503, 0.175892763939961 ], [ 130.007615151717886, 0.175663994397896 ] ] ], [ [ [ 130.028114792164104, 0.175914759558532 ], [ 130.028101447124186, 0.176039756329688 ], [ 130.028284043673693, 0.175985470553103 ], [ 130.028114792164104, 0.175914759558532 ] ] ], [ [ [ 130.051218204656465, 0.176150111238721 ], [ 130.051510275678766, 0.17608729809035 ], [ 130.051257360238964, 0.175949934741743 ], [ 130.051218204656465, 0.176150111238721 ] ] ], [ [ [ 130.004239707396664, 0.176162796176088 ], [ 130.00447792791411, 0.176155392957073 ], [ 130.004286640316366, 0.176032279366284 ], [ 130.004239707396664, 0.176162796176088 ] ] ], [ [ [ 130.032922488681947, 0.176221227827428 ], [ 130.032953896605164, 0.176307857721442 ], [ 130.033052985706803, 0.176285508669322 ], [ 130.032922488681947, 0.176221227827428 ] ] ], [ [ [ 130.032139029892392, 0.176351983856987 ], [ 130.0319482971762, 0.176481874738771 ], [ 130.032048567087656, 0.176537156964235 ], [ 130.032139029892392, 0.176351983856987 ] ] ], [ [ [ 130.027508209336474, 0.17637235979659 ], [ 130.027506107620866, 0.176902789831951 ], [ 130.027820634714573, 0.176817044870687 ], [ 130.027508209336474, 0.17637235979659 ] ] ], [ [ [ 130.032880019997037, 0.177111964045901 ], [ 130.033147133033793, 0.177239097606291 ], [ 130.032897510012162, 0.176879811254244 ], [ 130.032880019997037, 0.177111964045901 ] ] ], [ [ [ 130.031444166914838, 0.17730214277964 ], [ 130.032040251056884, 0.177581518072673 ], [ 130.032490977776462, 0.176717759716899 ], [ 130.031444166914838, 0.17730214277964 ] ] ], [ [ [ 130.037897739689043, 0.185748666267921 ], [ 130.049608633131953, 0.176711266611735 ], [ 130.049563111248631, 0.167627401683207 ], [ 130.046125170340389, 0.174172336584094 ], [ 130.029245108674871, 0.180733717387133 ], [ 130.022097423857076, 0.178832609937002 ], [ 130.028919196164026, 0.169238367156938 ], [ 130.01844527433002, 0.173740096328418 ], [ 130.009669938916659, 0.174153561437768 ], [ 130.009540360998926, 0.181271948141943 ], [ 129.997581490293584, 0.180300231570469 ], [ 130.001497412775421, 0.187054506160584 ], [ 130.027658061570378, 0.18034985616095 ], [ 130.037897739689043, 0.185748666267921 ] ] ], [ [ [ 130.034355537678039, 0.177327189797966 ], [ 130.034295571783218, 0.177697747353184 ], [ 130.034550016070369, 0.177650847708483 ], [ 130.034355537678039, 0.177327189797966 ] ] ], [ [ [ 130.009205109028585, 0.177361930608639 ], [ 130.009127530810957, 0.177735649280825 ], [ 130.009333975582535, 0.177663786254717 ], [ 130.009205109028585, 0.177361930608639 ] ] ], [ [ [ 130.029770069932795, 0.178192881696132 ], [ 130.030174025610876, 0.17839378484536 ], [ 130.031428902721728, 0.177345717630834 ], [ 130.029770069932795, 0.178192881696132 ] ] ], [ [ [ 130.026025416140072, 0.178067988347047 ], [ 130.026087359643896, 0.178054162169866 ], [ 130.026029240057539, 0.178007877661463 ], [ 130.026025416140072, 0.178067988347047 ] ] ], [ [ [ 130.002049763785578, 0.178792320309368 ], [ 130.002038220087769, 0.178832448059113 ], [ 130.002108253892857, 0.178853449027455 ], [ 130.002049763785578, 0.178792320309368 ] ] ], [ [ [ 130.051030425313883, 0.177487884258459 ], [ 130.050535333239083, 0.180428387660031 ], [ 130.052362036179034, 0.178349987861632 ], [ 130.051030425313883, 0.177487884258459 ] ] ], [ [ [ 129.994821808179921, 0.178846837211827 ], [ 129.99525616543977, 0.17920762003571 ], [ 129.99543661530771, 0.178798960004029 ], [ 129.994821808179921, 0.178846837211827 ] ] ], [ [ [ 130.004023163238429, 0.179076008750817 ], [ 130.004081702808406, 0.179078683334572 ], [ 130.004021030945864, 0.179019751660187 ], [ 130.004023163238429, 0.179076008750817 ] ] ], [ [ [ 130.048298987308499, 0.179933830681728 ], [ 130.048530791163103, 0.179501229797902 ], [ 130.047616359607304, 0.179343334027665 ], [ 130.048298987308499, 0.179933830681728 ] ] ], [ [ [ 130.049419160366028, 0.181602135130449 ], [ 130.048623877290197, 0.182294409859191 ], [ 130.048955549059428, 0.182416128601476 ], [ 130.049419160366028, 0.181602135130449 ] ] ], [ [ [ 130.029573014982674, 0.18286552342523 ], [ 130.029723943705079, 0.182758998728788 ], [ 130.029709889999509, 0.182742283030008 ], [ 130.029573014982674, 0.18286552342523 ] ] ], [ [ [ 130.029047363944784, 0.183188101249859 ], [ 130.02905668991437, 0.183328745325357 ], [ 130.029201978988226, 0.183263100211922 ], [ 130.029047363944784, 0.183188101249859 ] ] ], [ [ [ 130.045457388647606, 0.183482299168775 ], [ 130.045669315686382, 0.183486465727872 ], [ 130.045473984736645, 0.183330563754586 ], [ 130.045457388647606, 0.183482299168775 ] ] ], [ [ [ 130.027923032422137, 0.183872989846629 ], [ 130.028274703314992, 0.18375895581117 ], [ 130.027851113637951, 0.183561328892251 ], [ 130.027923032422137, 0.183872989846629 ] ] ], [ [ [ 130.025025640720827, 0.183627427264005 ], [ 130.024953016868295, 0.18385546925454 ], [ 130.025324425182163, 0.183682544913561 ], [ 130.025025640720827, 0.183627427264005 ] ] ], [ [ [ 130.034149937369705, 0.185728299321569 ], [ 130.031707100802123, 0.185185691566398 ], [ 130.031848690964381, 0.185641105552653 ], [ 130.034149937369705, 0.185728299321569 ] ] ], [ [ [ 130.231022931263283, 0.093521326148322 ], [ 130.23097848227124, 0.093738639226787 ], [ 130.231182477289565, 0.093670847431676 ], [ 130.231022931263283, 0.093521326148322 ] ] ], [ [ [ 130.23137054171724, 0.093605353404319 ], [ 130.230990917197147, 0.09476950330995 ], [ 130.231869153738586, 0.094349267204924 ], [ 130.23137054171724, 0.093605353404319 ] ] ], [ [ [ 130.237818937094261, 0.095331524730108 ], [ 130.238216457223785, 0.095419159166882 ], [ 130.237944566988318, 0.094999897027654 ], [ 130.237818937094261, 0.095331524730108 ] ] ], [ [ [ 130.230981700944767, 0.095830570224637 ], [ 130.230877405667798, 0.096062719418994 ], [ 130.231279728176986, 0.096249090423223 ], [ 130.230981700944767, 0.095830570224637 ] ] ], [ [ [ 130.235817710818736, 0.096250137234128 ], [ 130.23548544010103, 0.096484537431424 ], [ 130.235820328745234, 0.096609032380973 ], [ 130.235817710818736, 0.096250137234128 ] ] ], [ [ [ 130.230919327564948, 0.096561442956217 ], [ 130.231011922662248, 0.096513870618681 ], [ 130.230882287187882, 0.096381435554877 ], [ 130.230919327564948, 0.096561442956217 ] ] ], [ [ [ 130.234281890896568, 0.0972190973834 ], [ 130.234218551644858, 0.096812471618252 ], [ 130.233580302788852, 0.096920848018728 ], [ 130.234281890896568, 0.0972190973834 ] ] ], [ [ [ 130.232772975992162, 0.098358378336533 ], [ 130.232913729784855, 0.098369779042068 ], [ 130.232828794213589, 0.098265634851197 ], [ 130.232772975992162, 0.098358378336533 ] ] ], [ [ [ 130.229749101839673, 0.098552655280843 ], [ 130.229765706921853, 0.098601190792364 ], [ 130.229866915725694, 0.09851519402106 ], [ 130.229749101839673, 0.098552655280843 ] ] ], [ [ [ 130.220604839341974, 0.098740039820994 ], [ 130.220675728402171, 0.098966765204084 ], [ 130.220833036915252, 0.098852752752427 ], [ 130.220604839341974, 0.098740039820994 ] ] ], [ [ [ 130.231334219898343, 0.100184885224314 ], [ 130.231076216094607, 0.100413467707389 ], [ 130.231514151756727, 0.100540399819588 ], [ 130.231334219898343, 0.100184885224314 ] ] ], [ [ [ 130.224541011858264, 0.100267425901007 ], [ 130.216943701090912, 0.100413946146721 ], [ 130.213984939653272, 0.11166880507138 ], [ 130.230413930158733, 0.094251206028323 ], [ 130.224541011858264, 0.100267425901007 ] ] ], [ [ [ 130.212250095265745, 0.105580158297686 ], [ 130.21226224330789, 0.10537746190033 ], [ 130.212028292771606, 0.105475405265748 ], [ 130.212250095265745, 0.105580158297686 ] ] ], [ [ [ 130.211966806123314, 0.110779122858235 ], [ 130.212085715383523, 0.110701138147013 ], [ 130.211875164307457, 0.110629761654208 ], [ 130.211966806123314, 0.110779122858235 ] ] ], [ [ [ 130.142019252386604, 0.110283097287128 ], [ 130.141904331619685, 0.111178361592129 ], [ 130.142627021419941, 0.110741688578115 ], [ 130.142019252386604, 0.110283097287128 ] ] ], [ [ [ 130.141211061341409, 0.110709044986463 ], [ 130.141036514623465, 0.11084459799981 ], [ 130.141059932070192, 0.110884243712922 ], [ 130.141211061341409, 0.110709044986463 ] ] ], [ [ [ 130.141007129275607, 0.112570282792385 ], [ 130.14106800438492, 0.112624500220532 ], [ 130.141101372830178, 0.112586190900016 ], [ 130.141007129275607, 0.112570282792385 ] ] ], [ [ [ 130.140724172882273, 0.112997621742922 ], [ 130.140841246626309, 0.112994081111934 ], [ 130.140730601236299, 0.112866788371674 ], [ 130.140724172882273, 0.112997621742922 ] ] ], [ [ [ 130.138712668255152, 0.11316243869563 ], [ 130.138827404661015, 0.113115180221429 ], [ 130.138724586970113, 0.113051422784943 ], [ 130.138712668255152, 0.11316243869563 ] ] ], [ [ [ 130.149144384006178, 0.113634305778637 ], [ 130.149168636023802, 0.113674563930028 ], [ 130.14918732933188, 0.113668534874995 ], [ 130.149144384006178, 0.113634305778637 ] ] ], [ [ [ 130.148395508645876, 0.113567997864811 ], [ 130.148180959183946, 0.114062196912895 ], [ 130.148684170338299, 0.113832015435195 ], [ 130.148395508645876, 0.113567997864811 ] ] ], [ [ [ 130.140823684665435, 0.113992914041722 ], [ 130.140677936937323, 0.115750236084539 ], [ 130.141293655078158, 0.115404644608658 ], [ 130.140823684665435, 0.113992914041722 ] ] ], [ [ [ 130.138941593379855, 0.118471142129545 ], [ 130.139674927555916, 0.118225245898435 ], [ 130.139071600274178, 0.117014763820306 ], [ 130.138941593379855, 0.118471142129545 ] ] ], [ [ [ 130.138065660002297, 0.118137877660901 ], [ 130.138092798843701, 0.118011004903979 ], [ 130.137884713708701, 0.117974586857711 ], [ 130.138065660002297, 0.118137877660901 ] ] ], [ [ [ 130.136473474171567, 0.119414466204665 ], [ 130.137259208245979, 0.119762948101604 ], [ 130.13747327207389, 0.119021332968211 ], [ 130.136473474171567, 0.119414466204665 ] ] ], [ [ [ 130.131316865880791, 0.120449879058699 ], [ 130.131487978987138, 0.120716153927342 ], [ 130.131667054690837, 0.120608450219789 ], [ 130.131316865880791, 0.120449879058699 ] ] ], [ [ [ 130.136076013397314, 0.121756024720815 ], [ 130.13688539424561, 0.121436511785594 ], [ 130.134364392203025, 0.120088092591425 ], [ 130.136076013397314, 0.121756024720815 ] ] ], [ [ [ 130.130561787896227, 0.121393731035896 ], [ 130.130515161645434, 0.121114180375143 ], [ 130.129897616082218, 0.121175924229528 ], [ 130.130561787896227, 0.121393731035896 ] ] ], [ [ [ 130.138909301423212, 0.120870628676601 ], [ 130.137325708614668, 0.121351980909251 ], [ 130.139201993877009, 0.121912577803224 ], [ 130.138909301423212, 0.120870628676601 ] ] ], [ [ [ 130.132067101915254, 0.121680401629293 ], [ 130.131093682027881, 0.121612185354087 ], [ 130.131291510394902, 0.121944456071782 ], [ 130.132067101915254, 0.121680401629293 ] ] ], [ [ [ 130.139294685201691, 0.122157236567228 ], [ 130.139250515898624, 0.12219688587764 ], [ 130.139378402191568, 0.122257159340483 ], [ 130.139294685201691, 0.122157236567228 ] ] ], [ [ [ 130.135651928193994, 0.122549760063423 ], [ 130.135726818338043, 0.122781530643129 ], [ 130.135858211986999, 0.122716270439577 ], [ 130.135651928193994, 0.122549760063423 ] ] ], [ [ [ 130.136059089955097, 0.123567056974133 ], [ 130.136050458262048, 0.123419506105366 ], [ 130.135787672762916, 0.123404411884115 ], [ 130.136059089955097, 0.123567056974133 ] ] ], [ [ [ 130.136695109391866, 0.125857399999058 ], [ 130.136790468105687, 0.125665377655077 ], [ 130.136016886570133, 0.125663693224881 ], [ 130.136695109391866, 0.125857399999058 ] ] ], [ [ [ 130.12810771789691, 0.128291906146577 ], [ 130.131339564769178, 0.126046361050753 ], [ 130.123596258060985, 0.124976762267787 ], [ 130.12810771789691, 0.128291906146577 ] ] ], [ [ [ 130.12118527008414, 0.126912184249933 ], [ 130.121431371360842, 0.127334781974659 ], [ 130.12179957988684, 0.127178114678278 ], [ 130.12118527008414, 0.126912184249933 ] ] ], [ [ [ 130.120117052659964, 0.130519178817051 ], [ 130.120232594858436, 0.131815097388882 ], [ 130.121636359230735, 0.131109742020991 ], [ 130.120117052659964, 0.130519178817051 ] ] ], [ [ [ 130.150857665349008, 0.13172156339944 ], [ 130.115020835643122, 0.143075969180634 ], [ 130.141199471778236, 0.141488145061869 ], [ 130.150857665349008, 0.13172156339944 ] ] ], [ [ [ 130.276610998398979, 0.099057935775088 ], [ 130.276386432288007, 0.099123838094689 ], [ 130.276504051920455, 0.099447419562798 ], [ 130.276610998398979, 0.099057935775088 ] ] ], [ [ [ 130.254264706251263, 0.10285371602618 ], [ 130.254397839188982, 0.102609247918467 ], [ 130.25393912559025, 0.102723541858024 ], [ 130.254264706251263, 0.10285371602618 ] ] ], [ [ [ 130.252455549983694, 0.102870304021335 ], [ 130.252594390019084, 0.102901965553309 ], [ 130.252467676442194, 0.102804735350221 ], [ 130.252455549983694, 0.102870304021335 ] ] ], [ [ [ 130.253933079448075, 0.103168744042298 ], [ 130.253944574582533, 0.103293149958977 ], [ 130.25406334984379, 0.103266137022645 ], [ 130.253933079448075, 0.103168744042298 ] ] ], [ [ [ 130.252892603410942, 0.103494935343024 ], [ 130.253029270684351, 0.10379258665853 ], [ 130.253295559042812, 0.103626705807875 ], [ 130.252892603410942, 0.103494935343024 ] ] ], [ [ [ 130.255797254439784, 0.104043912996227 ], [ 130.244603760755041, 0.110685454869847 ], [ 130.276536193690504, 0.100957970334109 ], [ 130.250145311257143, 0.098360477354204 ], [ 130.249648550939924, 0.102831583710644 ], [ 130.254081689718305, 0.101483982899525 ], [ 130.255797254439784, 0.104043912996227 ] ] ], [ [ [ 130.248564644842503, 0.107079935190852 ], [ 130.248625730393172, 0.107053674987151 ], [ 130.248538191284496, 0.10700605498552 ], [ 130.248564644842503, 0.107079935190852 ] ] ], [ [ [ 130.248492755736208, 0.107223565914877 ], [ 130.248498342324723, 0.107152687646467 ], [ 130.248395899651086, 0.107183074839051 ], [ 130.248492755736208, 0.107223565914877 ] ] ], [ [ [ 130.247727332850218, 0.107316166408017 ], [ 130.247516127067684, 0.107418186400205 ], [ 130.247809670280162, 0.107571552285352 ], [ 130.247727332850218, 0.107316166408017 ] ] ], [ [ [ 130.246532021435684, 0.107786227652346 ], [ 130.246653091766774, 0.107863098103506 ], [ 130.246714171921553, 0.10770484080575 ], [ 130.246532021435684, 0.107786227652346 ] ] ] ] } },
{ "type": "Feature", "properties": { "NAME": "Mapia", "DESIG_ENG": "Undesigned", "IUCN_CAT": "Not Reported", "STATUS": "Designated", "STATUS_YR": 0, "GIS_AREA": 3.3283068433935901 }, "geometry": { "type": "MultiPolygon", "coordinates": [ [ [ [ 134.300758305351565, 0.804527076863154 ], [ 134.299855287525958, 0.824651214115646 ], [ 134.305417172629916, 0.844502282517823 ], [ 134.300758305351565, 0.804527076863154 ] ] ], [ [ [ 134.307139606181238, 0.929770648821799 ], [ 134.30818735925925, 0.929381587889994 ], [ 134.307878029347705, 0.928820035016637 ], [ 134.307139606181238, 0.929770648821799 ] ] ], [ [ [ 134.339413566283184, 0.924683691399325 ], [ 134.331275366, 0.91021860799998 ], [ 134.329683834341552, 0.919252361807027 ], [ 134.339413566283184, 0.924683691399325 ] ] ], [ [ [ 134.33851353108156, 0.929727699117973 ], [ 134.339502527219935, 0.929508611733082 ], [ 134.338712658062832, 0.928108397884303 ], [ 134.33851353108156, 0.929727699117973 ] ] ], [ [ [ 134.304668770747213, 0.937943523175017 ], [ 134.305909242999974, 0.935606199 ], [ 134.302376153564609, 0.935951694631442 ], [ 134.304668770747213, 0.937943523175017 ] ] ] ] } }
]
}
